CVE_ENT,Entidad Federativa,año,I. Gasto Total en Salud (1+2+3),1. Gasto Público en Salud (1.1+1.2),1.1 Gasto Público en Salud para la Población Sin Seguridad Social (1.A+1.B),1.A Gasto Federal Total (1.1.1 - 1.1.9),1.1.1 Secretaria de Salud (Ramo 12),1.1.2 Secretaria de Salud Ramo 12 (Recursos propios y terceros),1.1.3 Fondo de Aportaciones para los Servicios de Salud Ramo 33 (FASSA),1.1.4 IMSS Bienestar (Ramo 19),1.1.5 Fondo General de Participaciones (Ramo 28),1.1.6 Secretaria de la Defensa Nacional (Ramo 7),1.1.7 Secretaria de la Marina (Ramo 13),"1.1.8 Universidades (UNAM, UAM, IPN) y Centros de Investigación (CONACYT)",1.1.9 Servicios de Salud IMSS-Bienestar (Ramo 47),1.B Gasto Estatal,1.2 Gasto Población con Seguridad Social (1.2.1-1.2.5),1.2.1 Instituto Mexicano del Seguro Social (IMSS),1.2.2 Instituto de Seguridad y Servicios Sociales de los Trabajadores del Estado (ISSSTE),1.2.3 Petróleos Mexicanos (PEMEX),1.2.4 Instituciones de Seguridad Social de las Entidades Federativas (ISSES),1.2.5 Instituto de Seguridad Social para las Fuerzas Armadas Mexicanas (ISSFAM),2 Gasto Privado en Salud,2.1 Gasto de Bolsillo,2.2 Instituciones sin Fines de Lucro,2.3 Pago de Primas,2.4 Otros Fondos Privados,3 Resto del Mundo,4 Producto Interno Bruto,5 Gasto Programable,6 Gasto Total en Salud como % del PIB,7 Gasto Público en Salud como % del PIB,8 Gasto Privado en Salud como % del PIB,9 Gasto Público en salud como % de Gasto Programable,10 Gasto en la población sin Seguridad Social como % del Gto Pub en Salud,11 Gasto en la población con Seguridad Social como % del Gto Pub en Salud,12 Gasto Total en Salud Per Cápita,13 Gasto Público en Salud Per Cápita,14 Gasto Per Cápita para la Población sin Seguridad Social,15 Gasto Federal per cápita,16 Gasto Estatal per capita,17 Gasto per Cápita para la población con Seguridad Social,18 Gasto per capita de la Población con Seguridad Social del IMSS,19 Gasto per capita de la Población con Seguridad Social del ISSSTE,20 Gasto per capita de la Población con Seguridad Social del PEMEX,21 Gasto Privado en Salud Per Cápita,22 Población Total,23 Población con Seguridad Social,24 Población sin Seguridad Social,25 Población IMSS,26 Población ISSSTE,27 Población PEMEX
01,Aguascalientes,1990,0,117762.9,15031.9,15031.9,15031.9,0,0,0,0,0,0,0,0,0,102731,95653.1,7077.9,0,0,0,0,0,0,0,0,0,0,0,0,0,0,0,12.76,87.24,0,156.84,0,0,0,0,0,0,0,0,750856,0,0,0,0,0
02,Baja California,1990,0,464079,37735,37735,37735,0,0,0,0,0,0,0,0,0,426344,403105.5,23238.5,0,0,0,0,0,0,0,0,0,0,0,0,0,0,0,8.13,91.87,0,267.47,0,0,0,0,0,0,0,0,1735043,0,0,0,0,0
03,Baja California Sur,1990,0,34790.3,22044.6,22044.6,22044.6,0,0,0,0,0,0,0,0,0,12745.7,0,12745.7,0,0,0,0,0,0,0,0,0,0,0,0,0,0,0,63.36,36.64,0,105.8,0,0,0,0,0,0,0,0,328819,0,0,0,0,0
04,Campeche,1990,0,82625.5,18627.8,18627.8,18627.8,0,0,0,0,0,0,0,0,0,63997.7,56209.5,7788.2,0,0,0,0,0,0,0,0,0,0,0,0,0,0,0,22.54,77.46,0,148.25,0,0,0,0,0,0,0,0,557351,0,0,0,0,0
05,Coahuila,1990,0,464760.6,25940.8,25940.8,25940.8,0,0,0,0,0,0,0,0,0,438819.8,408457.7,30362.1,0,0,0,0,0,0,0,0,0,0,0,0,0,0,0,5.58,94.42,0,227.57,0,0,0,0,0,0,0,0,2042250,0,0,0,0,0
06,Colima,1990,0,90672.9,16799.9,16799.9,16799.9,0,0,0,0,0,0,0,0,0,73873,67804.8,6068.2,0,0,0,0,0,0,0,0,0,0,0,0,0,0,0,18.53,81.47,0,204.51,0,0,0,0,0,0,0,0,443360,0,0,0,0,0
07,Chiapas,1990,0,223501.3,103681,103681,103681,0,0,0,0,0,0,0,0,0,119820.3,101759.5,18060.8,0,0,0,0,0,0,0,0,0,0,0,0,0,0,0,46.39,53.61,0,67.26,0,0,0,0,0,0,0,0,3322958,0,0,0,0,0
08,Chihuahua,1990,0,493762.6,44534,44534,44534,0,0,0,0,0,0,0,0,0,449228.6,418380.1,30848.5,0,0,0,0,0,0,0,0,0,0,0,0,0,0,0,9.02,90.98,0,194.53,0,0,0,0,0,0,0,0,2538242,0,0,0,0,0
09,Ciudad de México,1990,0,3718741.7,157912.2,157912.2,157912.2,0,0,0,0,0,0,0,0,0,3560829.5,3018756.1,542073.4,0,0,0,0,0,0,0,0,0,0,0,0,0,0,0,4.25,95.75,0,438.25,0,0,0,0,0,0,0,0,8485531,0,0,0,0,0
10,Durango,1990,0,177295.5,42242.8,42242.8,42242.8,0,0,0,0,0,0,0,0,0,135052.7,131327.5,3725.2,0,0,0,0,0,0,0,0,0,0,0,0,0,0,0,23.83,76.17,0,126.33,0,0,0,0,0,0,0,0,1403415,0,0,0,0,0
11,Guanajuato,1990,0,394598.6,43361.5,43361.5,43361.5,0,0,0,0,0,0,0,0,0,351237.1,323650.9,27586.2,0,0,0,0,0,0,0,0,0,0,0,0,0,0,0,10.99,89.01,0,95.37,0,0,0,0,0,0,0,0,4137393,0,0,0,0,0
12,Guerrero,1990,0,254759.3,69042.6,69042.6,69042.6,0,0,0,0,0,0,0,0,0,185716.7,161039.8,24676.9,0,0,0,0,0,0,0,0,0,0,0,0,0,0,0,27.1,72.9,0,92.96,0,0,0,0,0,0,0,0,2740528,0,0,0,0,0
13,Hidalgo,1990,0,159016,44034,44034,44034,0,0,0,0,0,0,0,0,0,114982,104753.2,10228.8,0,0,0,0,0,0,0,0,0,0,0,0,0,0,0,27.69,72.31,0,81.42,0,0,0,0,0,0,0,0,1953045,0,0,0,0,0
14,Jalisco,1990,0,935106,78715.9,78715.9,78715.9,0,0,0,0,0,0,0,0,0,856390.1,824993.9,31396.2,0,0,0,0,0,0,0,0,0,0,0,0,0,0,0,8.42,91.58,0,167.58,0,0,0,0,0,0,0,0,5579963,0,0,0,0,0
15,México,1990,0,983847.1,194903.5,194903.5,194903.5,0,0,0,0,0,0,0,0,0,788943.6,765610.1,23333.5,0,0,0,0,0,0,0,0,0,0,0,0,0,0,0,19.81,80.19,0,95.96,0,0,0,0,0,0,0,0,10253144,0,0,0,0,0
16,Michoacán,1990,0,278526.1,74385.5,74385.5,74385.5,0,0,0,0,0,0,0,0,0,204140.6,179135.2,25005.4,0,0,0,0,0,0,0,0,0,0,0,0,0,0,0,26.71,73.29,0,74.72,0,0,0,0,0,0,0,0,3727566,0,0,0,0,0
17,Morelos,1990,0,151489.2,23420.2,23420.2,23420.2,0,0,0,0,0,0,0,0,0,128069,124119.9,3949.1,0,0,0,0,0,0,0,0,0,0,0,0,0,0,0,15.46,84.54,0,122.02,0,0,0,0,0,0,0,0,1241502,0,0,0,0,0
18,Nayarit,1990,0,128143.1,27364.8,27364.8,27364.8,0,0,0,0,0,0,0,0,0,100778.3,89931.5,10846.8,0,0,0,0,0,0,0,0,0,0,0,0,0,0,0,21.35,78.65,0,150.04,0,0,0,0,0,0,0,0,854041,0,0,0,0,0
19,Nuevo León,1990,0,766775.7,56388.9,56388.9,56388.9,0,0,0,0,0,0,0,0,0,710386.8,677840.1,32546.7,0,0,0,0,0,0,0,0,0,0,0,0,0,0,0,7.35,92.65,0,238.99,0,0,0,0,0,0,0,0,3208410,0,0,0,0,0
20,Oaxaca,1990,0,209086.2,89728.7,89728.7,89728.7,0,0,0,0,0,0,0,0,0,119357.5,101463.1,17894.4,0,0,0,0,0,0,0,0,0,0,0,0,0,0,0,42.91,57.09,0,66.31,0,0,0,0,0,0,0,0,3153088,0,0,0,0,0
21,Puebla,1990,0,405346.3,55984.8,55984.8,55984.8,0,0,0,0,0,0,0,0,0,349361.5,330408,18953.5,0,0,0,0,0,0,0,0,0,0,0,0,0,0,0,13.81,86.19,0,93.64,0,0,0,0,0,0,0,0,4328841,0,0,0,0,0
22,Querétaro,1990,0,145775.61,24871.81,24871.81,24871.81,0,0,0,0,0,0,0,0,0,120903.8,112275.2,8628.6,0,0,0,0,0,0,0,0,0,0,0,0,0,0,0,17.06,82.94,0,132.38,0,0,0,0,0,0,0,0,1101195,0,0,0,0,0
23,Quintana Roo,1990,0,98546.9,21257.7,21257.7,21257.7,0,0,0,0,0,0,0,0,0,77289.2,69326.7,7962.5,0,0,0,0,0,0,0,0,0,0,0,0,0,0,0,21.57,78.43,0,190.9,0,0,0,0,0,0,0,0,516230,0,0,0,0,0
24,San Luis Potosí,1990,0,227058.3,43742.4,43742.4,43742.4,0,0,0,0,0,0,0,0,0,183315.9,168405.5,14910.4,0,0,0,0,0,0,0,0,0,0,0,0,0,0,0,19.26,80.74,0,109.05,0,0,0,0,0,0,0,0,2082161,0,0,0,0,0
25,Sinaloa,1990,0,369927.9,39469.2,39469.2,39469.2,0,0,0,0,0,0,0,0,0,330458.7,297799.8,32658.9,0,0,0,0,0,0,0,0,0,0,0,0,0,0,0,10.67,89.33,0,162.88,0,0,0,0,0,0,0,0,2271127,0,0,0,0,0
26,Sonora,1990,0,368125.8,53105.6,53105.6,53105.6,0,0,0,0,0,0,0,0,0,315020.2,289197.4,25822.8,0,0,0,0,0,0,0,0,0,0,0,0,0,0,0,14.43,85.57,0,195.2,0,0,0,0,0,0,0,0,1885900,0,0,0,0,0
27,Tabasco,1990,0,137172.1,35585.2,35585.2,35585.2,0,0,0,0,0,0,0,0,0,101586.9,91135.9,10451,0,0,0,0,0,0,0,0,0,0,0,0,0,0,0,25.94,74.06,0,88.34,0,0,0,0,0,0,0,0,1552821,0,0,0,0,0
28,Tamaulipas,1990,0,382426.4,48495.7,48495.7,48495.7,0,0,0,0,0,0,0,0,0,333930.7,289368.3,44562.4,0,0,0,0,0,0,0,0,0,0,0,0,0,0,0,12.68,87.32,0,164.19,0,0,0,0,0,0,0,0,2329201,0,0,0,0,0
29,Tlaxcala,1990,0,83254.1,18752.6,18752.6,18752.6,0,0,0,0,0,0,0,0,0,64501.5,58995.6,5505.9,0,0,0,0,0,0,0,0,0,0,0,0,0,0,0,22.52,77.48,0,104.71,0,0,0,0,0,0,0,0,795115,0,0,0,0,0
30,Veracruz,1990,0,656767.1,89399.1,89399.1,89399.1,0,0,0,0,0,0,0,0,0,567368,529021.3,38346.7,0,0,0,0,0,0,0,0,0,0,0,0,0,0,0,13.61,86.39,0,102.09,0,0,0,0,0,0,0,0,6433250,0,0,0,0,0
31,Yucatán,1990,0,257676,31857.3,31857.3,31857.3,0,0,0,0,0,0,0,0,0,225818.7,207514.9,18303.8,0,0,0,0,0,0,0,0,0,0,0,0,0,0,0,12.36,87.64,0,181.3,0,0,0,0,0,0,0,0,1421233,0,0,0,0,0
32,Zacatecas,1990,0,108121.41,36020.41,36020.41,36020.41,0,0,0,0,0,0,0,0,0,72101,62392.1,9708.9,0,0,0,0,0,0,0,0,0,0,0,0,0,0,0,33.31,66.69,0,81.33,0,0,0,0,0,0,0,0,1329409,0,0,0,0,0
33,No distribuibles,1990,35079606.4,1582127.88,1054352.08,1054352.08,1054352.08,0,0,0,0,0,0,0,0,0,527775.8,0,0,527775.8,0,0,20127941,19691000,0,436941,0,0,0,0,0,0,0,0,0,0,0,0,0,0,0,0,0,0,0,0,0,0,0,0,0,0
37,Gasto Total,1990,35079606.4,14951665.4,2738789.5,2738789.5,2738789.5,0,0,0,0,0,0,0,0,0,12212875.9,10559832.2,1125267.9,527775.8,0,0,20127941,19691000,0,436941,0,0,0,0,0,0,0,0,18.32,81.68,415.13,176.94,0,0,0,0,0,0,0,238.19,84502988,0,0,0,0,0
01,Aguascalientes,1991,0,183855.9,22645.9,22645.9,22645.9,0,0,0,0,0,0,0,0,0,161210,153585,7625,0,0,0,0,0,0,0,0,0,0,0,0,0,0,0,12.32,87.68,0,237.3,0,0,0,0,0,0,0,0,774794,0,0,0,0,0
02,Baja California,1991,0,545547.6,52621.6,52621.6,52621.6,0,0,0,0,0,0,0,0,0,492926,467022,25904,0,0,0,0,0,0,0,0,0,0,0,0,0,0,0,9.65,90.35,0,301.79,0,0,0,0,0,0,0,0,1807719,0,0,0,0,0
03,Baja California Sur,1991,0,172538.9,28738.9,28738.9,28738.9,0,0,0,0,0,0,0,0,0,143800,126804,16996,0,0,0,0,0,0,0,0,0,0,0,0,0,0,0,16.66,83.34,0,509.22,0,0,0,0,0,0,0,0,338829,0,0,0,0,0
04,Campeche,1991,0,122189.4,27762.4,27762.4,27762.4,0,0,0,0,0,0,0,0,0,94427,86537,7890,0,0,0,0,0,0,0,0,0,0,0,0,0,0,0,22.72,77.28,0,212.64,0,0,0,0,0,0,0,0,574638,0,0,0,0,0
05,Coahuila,1991,0,668479.8,39055.8,39055.8,39055.8,0,0,0,0,0,0,0,0,0,629424,599388,30036,0,0,0,0,0,0,0,0,0,0,0,0,0,0,0,5.84,94.16,0,321.88,0,0,0,0,0,0,0,0,2076781,0,0,0,0,0
06,Colima,1991,0,129284.8,25232.8,25232.8,25232.8,0,0,0,0,0,0,0,0,0,104052,96725,7327,0,0,0,0,0,0,0,0,0,0,0,0,0,0,0,19.52,80.48,0,285.13,0,0,0,0,0,0,0,0,453420,0,0,0,0,0
07,Chiapas,1991,0,335865.9,161418.9,161418.9,161418.9,0,0,0,0,0,0,0,0,0,174447,156211,18236,0,0,0,0,0,0,0,0,0,0,0,0,0,0,0,48.06,51.94,0,99.03,0,0,0,0,0,0,0,0,3391579,0,0,0,0,0
08,Chihuahua,1991,0,693892.4,65922.4,65922.4,65922.4,0,0,0,0,0,0,0,0,0,627970,593144,34826,0,0,0,0,0,0,0,0,0,0,0,0,0,0,0,9.5,90.5,0,267.32,0,0,0,0,0,0,0,0,2595706,0,0,0,0,0
09,Ciudad de México,1991,0,6426403.1,219178.1,219178.1,219178.1,0,0,0,0,0,0,0,0,0,6207225,4117974,2089251,0,0,0,0,0,0,0,0,0,0,0,0,0,0,0,3.41,96.59,0,755.55,0,0,0,0,0,0,0,0,8505567,0,0,0,0,0
10,Durango,1991,0,289844.7,68955.7,68955.7,68955.7,0,0,0,0,0,0,0,0,0,220889,195682,25207,0,0,0,0,0,0,0,0,0,0,0,0,0,0,0,23.79,76.21,0,204.35,0,0,0,0,0,0,0,0,1418394,0,0,0,0,0
11,Guanajuato,1991,0,551577.2,63964.2,63964.2,63964.2,0,0,0,0,0,0,0,0,0,487613,466705,20908,0,0,0,0,0,0,0,0,0,0,0,0,0,0,0,11.6,88.4,0,130.96,0,0,0,0,0,0,0,0,4211764,0,0,0,0,0
12,Guerrero,1991,0,332463,98852,98852,98852,0,0,0,0,0,0,0,0,0,233611,212203,21408,0,0,0,0,0,0,0,0,0,0,0,0,0,0,0,29.73,70.27,0,119.31,0,0,0,0,0,0,0,0,2786492,0,0,0,0,0
13,Hidalgo,1991,0,244465.4,70508.4,70508.4,70508.4,0,0,0,0,0,0,0,0,0,173957,163493,10464,0,0,0,0,0,0,0,0,0,0,0,0,0,0,0,28.84,71.16,0,122.83,0,0,0,0,0,0,0,0,1990230,0,0,0,0,0
14,Jalisco,1991,0,1306455.6,111342.6,111342.6,111342.6,0,0,0,0,0,0,0,0,0,1195113,1166542,28571,0,0,0,0,0,0,0,0,0,0,0,0,0,0,0,8.52,91.48,0,229.53,0,0,0,0,0,0,0,0,5691780,0,0,0,0,0
15,México,1991,0,1320580.4,272896.4,272896.4,272896.4,0,0,0,0,0,0,0,0,0,1047684,1032187,15497,0,0,0,0,0,0,0,0,0,0,0,0,0,0,0,20.66,79.34,0,125.03,0,0,0,0,0,0,0,0,10561726,0,0,0,0,0
16,Michoacán,1991,0,398284,116341,116341,116341,0,0,0,0,0,0,0,0,0,281943,263846,18097,0,0,0,0,0,0,0,0,0,0,0,0,0,0,0,29.21,70.79,0,105.3,0,0,0,0,0,0,0,0,3782550,0,0,0,0,0
17,Morelos,1991,0,224376.7,33121.7,33121.7,33121.7,0,0,0,0,0,0,0,0,0,191255,180928,10327,0,0,0,0,0,0,0,0,0,0,0,0,0,0,0,14.76,85.24,0,175.16,0,0,0,0,0,0,0,0,1281003,0,0,0,0,0
18,Nayarit,1991,0,185352.8,41944.8,41944.8,41944.8,0,0,0,0,0,0,0,0,0,143408,134529,8879,0,0,0,0,0,0,0,0,0,0,0,0,0,0,0,22.63,77.37,0,214.03,0,0,0,0,0,0,0,0,865996,0,0,0,0,0
19,Nuevo León,1991,0,1065748.9,79859.9,79859.9,79859.9,0,0,0,0,0,0,0,0,0,985889,954582,31307,0,0,0,0,0,0,0,0,0,0,0,0,0,0,0,7.49,92.51,0,324.7,0,0,0,0,0,0,0,0,3282300,0,0,0,0,0
20,Oaxaca,1991,0,306436.1,134435.1,134435.1,134435.1,0,0,0,0,0,0,0,0,0,172001,154282,17719,0,0,0,0,0,0,0,0,0,0,0,0,0,0,0,43.87,56.13,0,96.1,0,0,0,0,0,0,0,0,3188670,0,0,0,0,0
21,Puebla,1991,0,564823.2,89508.2,89508.2,89508.2,0,0,0,0,0,0,0,0,0,475315,459812,15503,0,0,0,0,0,0,0,0,0,0,0,0,0,0,0,15.85,84.15,0,128.05,0,0,0,0,0,0,0,0,4411075,0,0,0,0,0
22,Querétaro,1991,0,208462.3,35089.3,35089.3,35089.3,0,0,0,0,0,0,0,0,0,173373,164261,9112,0,0,0,0,0,0,0,0,0,0,0,0,0,0,0,16.83,83.17,0,183.77,0,0,0,0,0,0,0,0,1134369,0,0,0,0,0
23,Quintana Roo,1991,0,154865.1,29889.1,29889.1,29889.1,0,0,0,0,0,0,0,0,0,124976,115176,9800,0,0,0,0,0,0,0,0,0,0,0,0,0,0,0,19.3,80.7,0,280.76,0,0,0,0,0,0,0,0,551595,0,0,0,0,0
24,San Luis Potosí,1991,0,317583.7,68900.7,68900.7,68900.7,0,0,0,0,0,0,0,0,0,248683,234430,14253,0,0,0,0,0,0,0,0,0,0,0,0,0,0,0,21.7,78.3,0,150.16,0,0,0,0,0,0,0,0,2114998,0,0,0,0,0
25,Sinaloa,1991,0,522290.6,54643.6,54643.6,54643.6,0,0,0,0,0,0,0,0,0,467647,439172,28475,0,0,0,0,0,0,0,0,0,0,0,0,0,0,0,10.46,89.54,0,226.24,0,0,0,0,0,0,0,0,2308525,0,0,0,0,0
26,Sonora,1991,0,563030.4,75609.4,75609.4,75609.4,0,0,0,0,0,0,0,0,0,487421,457862,29559,0,0,0,0,0,0,0,0,0,0,0,0,0,0,0,13.43,86.57,0,291.91,0,0,0,0,0,0,0,0,1928811,0,0,0,0,0
27,Tabasco,1991,0,200049.9,58632.9,58632.9,58632.9,0,0,0,0,0,0,0,0,0,141417,128840,12577,0,0,0,0,0,0,0,0,0,0,0,0,0,0,0,29.31,70.69,0,125.33,0,0,0,0,0,0,0,0,1596233,0,0,0,0,0
28,Tamaulipas,1991,0,502723.1,74280.1,74280.1,74280.1,0,0,0,0,0,0,0,0,0,428443,395378,33065,0,0,0,0,0,0,0,0,0,0,0,0,0,0,0,14.78,85.22,0,211.7,0,0,0,0,0,0,0,0,2374748,0,0,0,0,0
29,Tlaxcala,1991,0,120192.3,27529.3,27529.3,27529.3,0,0,0,0,0,0,0,0,0,92663,88161,4502,0,0,0,0,0,0,0,0,0,0,0,0,0,0,0,22.9,77.1,0,147.34,0,0,0,0,0,0,0,0,815754,0,0,0,0,0
30,Veracruz,1991,0,913044.9,138091.9,138091.9,138091.9,0,0,0,0,0,0,0,0,0,774953,744813,30140,0,0,0,0,0,0,0,0,0,0,0,0,0,0,0,15.12,84.88,0,140.08,0,0,0,0,0,0,0,0,6517804,0,0,0,0,0
31,Yucatán,1991,0,359340,49895,49895,49895,0,0,0,0,0,0,0,0,0,309445,290727,18718,0,0,0,0,0,0,0,0,0,0,0,0,0,0,0,13.89,86.11,0,247.12,0,0,0,0,0,0,0,0,1454112,0,0,0,0,0
32,Zacatecas,1991,0,165335.2,51725.2,51725.2,51725.2,0,0,0,0,0,0,0,0,0,113610,101569,12041,0,0,0,0,0,0,0,0,0,0,0,0,0,0,0,31.29,68.71,0,123.43,0,0,0,0,0,0,0,0,1339515,0,0,0,0,0
33,No distribuibles,1991,48252845.7,2237678.4,1549936.4,1549936.4,1549936.4,0,0,0,0,0,0,0,0,0,687742,0,0,687742,0,0,25919784,25101000,0,818784,0,0,0,0,0,0,0,0,0,0,0,0,0,0,0,0,0,0,0,0,0,0,0,0,0,0
37,Gasto Total,1991,48252845.7,22333061.7,4038529.7,4038529.7,4038529.7,0,0,0,0,0,0,0,0,0,18294532,14942570,2664220,687742,0,0,25919784,25101000,0,818784,0,0,0,0,0,0,0,0,18.08,81.92,560.25,259.3,0,0,0,0,0,0,0,300.95,86127477,0,0,0,0,0
01,Aguascalientes,1992,0,227981.3,28773.9,28773.9,28773.9,0,0,0,0,0,0,0,0,0,199207.4,190936.4,8271,0,0,0,0,0,0,0,0,0,0,0,0,0,0,0,12.62,87.38,0,285.34,0,0,0,0,0,0,0,0,798983,0,0,0,0,0
02,Baja California,1992,0,716612.6,65384.8,65384.8,65384.8,0,0,0,0,0,0,0,0,0,651227.8,622160.8,29067,0,0,0,0,0,0,0,0,0,0,0,0,0,0,0,9.12,90.88,0,380.52,0,0,0,0,0,0,0,0,1883269,0,0,0,0,0
03,Baja California Sur,1992,0,195522.9,34259.3,34259.3,34259.3,0,0,0,0,0,0,0,0,0,161263.6,144023.6,17240,0,0,0,0,0,0,0,0,0,0,0,0,0,0,0,17.52,82.48,0,560.86,0,0,0,0,0,0,0,0,348614,0,0,0,0,0
04,Campeche,1992,0,161056.8,39629,39629,39629,0,0,0,0,0,0,0,0,0,121427.8,111553.8,9874,0,0,0,0,0,0,0,0,0,0,0,0,0,0,0,24.61,75.39,0,271.79,0,0,0,0,0,0,0,0,592585,0,0,0,0,0
05,Coahuila,1992,0,879096.6,53839.8,53839.8,53839.8,0,0,0,0,0,0,0,0,0,825256.8,790581.8,34675,0,0,0,0,0,0,0,0,0,0,0,0,0,0,0,6.12,93.88,0,416.87,0,0,0,0,0,0,0,0,2108789,0,0,0,0,0
06,Colima,1992,0,164687.6,32304.1,32304.1,32304.1,0,0,0,0,0,0,0,0,0,132383.5,124376.5,8007,0,0,0,0,0,0,0,0,0,0,0,0,0,0,0,19.62,80.38,0,355.05,0,0,0,0,0,0,0,0,463844,0,0,0,0,0
07,Chiapas,1992,0,449365.7,218031.9,218031.9,218031.9,0,0,0,0,0,0,0,0,0,231333.8,211648.8,19685,0,0,0,0,0,0,0,0,0,0,0,0,0,0,0,48.52,51.48,0,130.18,0,0,0,0,0,0,0,0,3451963,0,0,0,0,0
08,Chihuahua,1992,0,900022.4,86835.6,86835.6,86835.6,0,0,0,0,0,0,0,0,0,813186.8,781300.8,31886,0,0,0,0,0,0,0,0,0,0,0,0,0,0,0,9.65,90.35,0,339.15,0,0,0,0,0,0,0,0,2653724,0,0,0,0,0
09,Ciudad de México,1992,0,7543355.2,268169.2,268169.2,268169.2,0,0,0,0,0,0,0,0,0,7275186,4764677,2510509,0,0,0,0,0,0,0,0,0,0,0,0,0,0,0,3.56,96.44,0,883.6,0,0,0,0,0,0,0,0,8537054,0,0,0,0,0
10,Durango,1992,0,383292.5,88688,88688,88688,0,0,0,0,0,0,0,0,0,294604.5,266946.5,27658,0,0,0,0,0,0,0,0,0,0,0,0,0,0,0,23.14,76.86,0,267.74,0,0,0,0,0,0,0,0,1431598,0,0,0,0,0
11,Guanajuato,1992,0,703131.3,79002.2,79002.2,79002.2,0,0,0,0,0,0,0,0,0,624129.1,602207.1,21922,0,0,0,0,0,0,0,0,0,0,0,0,0,0,0,11.24,88.76,0,164.27,0,0,0,0,0,0,0,0,4280389,0,0,0,0,0
12,Guerrero,1992,0,409155.3,124739.1,124739.1,124739.1,0,0,0,0,0,0,0,0,0,284416.2,261152.2,23264,0,0,0,0,0,0,0,0,0,0,0,0,0,0,0,30.49,69.51,0,144.52,0,0,0,0,0,0,0,0,2831177,0,0,0,0,0
13,Hidalgo,1992,0,324895.2,87678.8,87678.8,87678.8,0,0,0,0,0,0,0,0,0,237216.4,225143.4,12073,0,0,0,0,0,0,0,0,0,0,0,0,0,0,0,26.99,73.01,0,160.14,0,0,0,0,0,0,0,0,2028821,0,0,0,0,0
14,Jalisco,1992,0,1754734.2,130594.7,130594.7,130594.7,0,0,0,0,0,0,0,0,0,1624139.5,1593883.5,30256,0,0,0,0,0,0,0,0,0,0,0,0,0,0,0,7.44,92.56,0,302.41,0,0,0,0,0,0,0,0,5802538,0,0,0,0,0
15,México,1992,0,1677391.2,338257.8,338257.8,338257.8,0,0,0,0,0,0,0,0,0,1339133.4,1321074.4,18059,0,0,0,0,0,0,0,0,0,0,0,0,0,0,0,20.17,79.83,0,154.21,0,0,0,0,0,0,0,0,10877364,0,0,0,0,0
16,Michoacán,1992,0,511478.7,138171,138171,138171,0,0,0,0,0,0,0,0,0,373307.7,352959.7,20348,0,0,0,0,0,0,0,0,0,0,0,0,0,0,0,27.01,72.99,0,133.42,0,0,0,0,0,0,0,0,3833635,0,0,0,0,0
17,Morelos,1992,0,284767.3,41371,41371,41371,0,0,0,0,0,0,0,0,0,243396.3,231212.3,12184,0,0,0,0,0,0,0,0,0,0,0,0,0,0,0,14.53,85.47,0,215.16,0,0,0,0,0,0,0,0,1323510,0,0,0,0,0
18,Nayarit,1992,0,242776.8,53932.3,53932.3,53932.3,0,0,0,0,0,0,0,0,0,188844.5,178863.5,9981,0,0,0,0,0,0,0,0,0,0,0,0,0,0,0,22.21,77.79,0,276.55,0,0,0,0,0,0,0,0,877887,0,0,0,0,0
19,Nuevo León,1992,0,1315690.2,93238.4,93238.4,93238.4,0,0,0,0,0,0,0,0,0,1222451.8,1189535.8,32916,0,0,0,0,0,0,0,0,0,0,0,0,0,0,0,7.09,92.91,0,391.81,0,0,0,0,0,0,0,0,3357998,0,0,0,0,0
20,Oaxaca,1992,0,403178.1,170307.6,170307.6,170307.6,0,0,0,0,0,0,0,0,0,232870.5,210583.5,22287,0,0,0,0,0,0,0,0,0,0,0,0,0,0,0,42.24,57.76,0,125.28,0,0,0,0,0,0,0,0,3218151,0,0,0,0,0
21,Puebla,1992,0,728381.8,121111.6,121111.6,121111.6,0,0,0,0,0,0,0,0,0,607270.2,590630.2,16640,0,0,0,0,0,0,0,0,0,0,0,0,0,0,0,16.63,83.37,0,162.07,0,0,0,0,0,0,0,0,4494336,0,0,0,0,0
22,Querétaro,1992,0,265122.7,43364.7,43364.7,43364.7,0,0,0,0,0,0,0,0,0,221758,209398,12360,0,0,0,0,0,0,0,0,0,0,0,0,0,0,0,16.36,83.64,0,227.19,0,0,0,0,0,0,0,0,1166962,0,0,0,0,0
23,Quintana Roo,1992,0,179190.9,39580.5,39580.5,39580.5,0,0,0,0,0,0,0,0,0,139610.4,128867.4,10743,0,0,0,0,0,0,0,0,0,0,0,0,0,0,0,22.09,77.91,0,304.71,0,0,0,0,0,0,0,0,588073,0,0,0,0,0
24,San Luis Potosí,1992,0,411284,83472.3,83472.3,83472.3,0,0,0,0,0,0,0,0,0,327811.7,313629.7,14182,0,0,0,0,0,0,0,0,0,0,0,0,0,0,0,20.3,79.7,0,191.51,0,0,0,0,0,0,0,0,2147622,0,0,0,0,0
25,Sinaloa,1992,0,685593.4,73710.2,73710.2,73710.2,0,0,0,0,0,0,0,0,0,611883.2,580317.2,31566,0,0,0,0,0,0,0,0,0,0,0,0,0,0,0,10.75,89.25,0,292.23,0,0,0,0,0,0,0,0,2346059,0,0,0,0,0
26,Sonora,1992,0,702151.5,91003.2,91003.2,91003.2,0,0,0,0,0,0,0,0,0,611148.3,576164.3,34984,0,0,0,0,0,0,0,0,0,0,0,0,0,0,0,12.96,87.04,0,355.8,0,0,0,0,0,0,0,0,1973434,0,0,0,0,0
27,Tabasco,1992,0,245304,61836.8,61836.8,61836.8,0,0,0,0,0,0,0,0,0,183467.2,169731.2,13736,0,0,0,0,0,0,0,0,0,0,0,0,0,0,0,25.21,74.79,0,149.65,0,0,0,0,0,0,0,0,1639207,0,0,0,0,0
28,Tamaulipas,1992,0,648566.3,93871,93871,93871,0,0,0,0,0,0,0,0,0,554695.3,525141.3,29554,0,0,0,0,0,0,0,0,0,0,0,0,0,0,0,14.47,85.53,0,267.84,0,0,0,0,0,0,0,0,2421450,0,0,0,0,0
29,Tlaxcala,1992,0,144736.8,33882.8,33882.8,33882.8,0,0,0,0,0,0,0,0,0,110854,105332,5522,0,0,0,0,0,0,0,0,0,0,0,0,0,0,0,23.41,76.59,0,173.05,0,0,0,0,0,0,0,0,836372,0,0,0,0,0
30,Veracruz,1992,0,1189583.2,186111.2,186111.2,186111.2,0,0,0,0,0,0,0,0,0,1003472,969402,34070,0,0,0,0,0,0,0,0,0,0,0,0,0,0,0,15.65,84.35,0,180.16,0,0,0,0,0,0,0,0,6602904,0,0,0,0,0
31,Yucatán,1992,0,449236.1,65438.7,65438.7,65438.7,0,0,0,0,0,0,0,0,0,383797.4,362952.4,20845,0,0,0,0,0,0,0,0,0,0,0,0,0,0,0,14.57,85.43,0,302.22,0,0,0,0,0,0,0,0,1486432,0,0,0,0,0
32,Zacatecas,1992,0,210777.6,69879.7,69879.7,69879.7,0,0,0,0,0,0,0,0,0,140897.9,129341.9,11556,0,0,0,0,0,0,0,0,0,0,0,0,0,0,0,33.15,66.85,0,156.32,0,0,0,0,0,0,0,0,1348387,0,0,0,0,0
33,No distribuibles,1992,60624026.2,2777174,1968485.8,1968485.8,1968485.8,0,0,0,0,0,0,0,0,0,808688.2,0,0,808688.2,0,0,32738732,31658000,0,1080732,0,0,0,0,0,0,0,0,0,0,0,0,0,0,0,0,0,0,0,0,0,0,0,0,0,0
37,Gasto Total,1992,60624026.2,27885294.2,5104957,5104957,5104957,0,0,0,0,0,0,0,0,0,22780337.2,18835729,3135920,808688.2,0,0,32738732,31658000,0,1080732,0,0,0,0,0,0,0,0,18.31,81.69,690.85,317.77,0,0,0,0,0,0,0,373.08,87753131,0,0,0,0,0
01,Aguascalientes,1993,0,267893.4,35028.4,35028.4,35028.4,0,0,0,0,0,0,0,0,0,232865,225950,6915,0,0,0,0,0,0,0,0,0,11372696,0,0,2.36,0,0,13.08,86.92,0,325.37,0,0,0,0,0,0,0,0,823342,0,0,0,0,0
02,Baja California,1993,0,846639.3,75182.3,75182.3,75182.3,0,0,0,0,0,0,0,0,0,771457,752442,19015,0,0,0,0,0,0,0,0,0,32382523,0,0,2.61,0,0,8.88,91.12,0,431.97,0,0,0,0,0,0,0,0,1959949,0,0,0,0,0
03,Baja California Sur,1993,0,239968.7,44799.7,44799.7,44799.7,0,0,0,0,0,0,0,0,0,195169,181531,13638,0,0,0,0,0,0,0,0,0,6172965,0,0,3.89,0,0,18.67,81.33,0,669.45,0,0,0,0,0,0,0,0,358459,0,0,0,0,0
04,Campeche,1993,0,224742.8,43944.8,43944.8,43944.8,0,0,0,0,0,0,0,0,0,180798,143465,7584,29749,0,0,0,0,0,0,0,0,13695929,0,0,1.64,0,0,19.55,80.45,0,368.12,0,0,0,0,0,0,0,0,610510,0,0,0,0,0
05,Coahuila,1993,0,969997.3,73280.3,73280.3,73280.3,0,0,0,0,0,0,0,0,0,896717,870680,26037,0,0,0,0,0,0,0,0,0,33759964,0,0,2.87,0,0,7.55,92.45,0,453.24,0,0,0,0,0,0,0,0,2140131,0,0,0,0,0
06,Colima,1993,0,186505.9,37309.9,37309.9,37309.9,0,0,0,0,0,0,0,0,0,149196,143103,6093,0,0,0,0,0,0,0,0,0,6358135,0,0,2.93,0,0,20,80,0,393.18,0,0,0,0,0,0,0,0,474354,0,0,0,0,0
07,Chiapas,1993,0,559110.2,263077.9,263077.9,263077.9,0,0,0,0,0,0,0,0,0,296032.3,273643,17017,5372.3,0,0,0,0,0,0,0,0,20644398,0,0,2.71,0,0,47.05,52.95,0,159.26,0,0,0,0,0,0,0,0,3510780,0,0,0,0,0
08,Chihuahua,1993,0,1020926.2,109993.5,109993.5,109993.5,0,0,0,0,0,0,0,0,0,910932.7,883500,24869,2563.7,0,0,0,0,0,0,0,0,45225902,0,0,2.26,0,0,10.77,89.23,0,376.53,0,0,0,0,0,0,0,0,2711402,0,0,0,0,0
09,Ciudad de México,1993,0,8132187.2,281948.1,281948.1,281948.1,0,0,0,0,0,0,0,0,0,7850239.1,5688320,1966030,195889.1,0,0,0,0,0,0,0,0,274667008,0,0,2.96,0,0,3.47,96.53,0,949.48,0,0,0,0,0,0,0,0,8564878,0,0,0,0,0
10,Durango,1993,0,433193.3,103382.3,103382.3,103382.3,0,0,0,0,0,0,0,0,0,329811,308747,21064,0,0,0,0,0,0,0,0,0,14995341,0,0,2.89,0,0,23.87,76.13,0,300.08,0,0,0,0,0,0,0,0,1443600,0,0,0,0,0
11,Guanajuato,1993,0,828500.9,93028.4,93028.4,93028.4,0,0,0,0,0,0,0,0,0,735472.5,677140,17287,41045.5,0,0,0,0,0,0,0,0,38802028,0,0,2.14,0,0,11.23,88.77,0,190.57,0,0,0,0,0,0,0,0,4347392,0,0,0,0,0
12,Guerrero,1993,0,496291.5,146291.5,146291.5,146291.5,0,0,0,0,0,0,0,0,0,350000,330230,19770,0,0,0,0,0,0,0,0,0,21624441,0,0,2.3,0,0,29.48,70.52,0,172.61,0,0,0,0,0,0,0,0,2875265,0,0,0,0,0
13,Hidalgo,1993,0,415823.3,114545.1,114545.1,114545.1,0,0,0,0,0,0,0,0,0,301278.2,276876,8774,15628.2,0,0,0,0,0,0,0,0,17616294,0,0,2.36,0,0,27.55,72.45,0,201.08,0,0,0,0,0,0,0,0,2067997,0,0,0,0,0
14,Jalisco,1993,0,1824931.8,146332.8,146332.8,146332.8,0,0,0,0,0,0,0,0,0,1678599,1648491,23351,6757,0,0,0,0,0,0,0,0,75815855,0,0,2.41,0,0,8.02,91.98,0,308.74,0,0,0,0,0,0,0,0,5910936,0,0,0,0,0
15,México,1993,0,1994273.5,361604.1,361604.1,361604.1,0,0,0,0,0,0,0,0,0,1632669.4,1615577,14067,3025.4,0,0,0,0,0,0,0,0,119971573,0,0,1.66,0,0,18.13,81.87,0,178.16,0,0,0,0,0,0,0,0,11193590,0,0,0,0,0
16,Michoacán,1993,0,612739.1,169780.1,169780.1,169780.1,0,0,0,0,0,0,0,0,0,442959,424149,18810,0,0,0,0,0,0,0,0,0,27014566,0,0,2.27,0,0,27.71,72.29,0,157.83,0,0,0,0,0,0,0,0,3882339,0,0,0,0,0
17,Morelos,1993,0,363909.8,59958.8,59958.8,59958.8,0,0,0,0,0,0,0,0,0,303951,292823,11128,0,0,0,0,0,0,0,0,0,17321727,0,0,2.1,0,0,16.48,83.52,0,266.18,0,0,0,0,0,0,0,0,1367153,0,0,0,0,0
18,Nayarit,1993,0,279048.3,64830.3,64830.3,64830.3,0,0,0,0,0,0,0,0,0,214218,204953,9265,0,0,0,0,0,0,0,0,0,7621420,0,0,3.66,0,0,23.23,76.77,0,313.77,0,0,0,0,0,0,0,0,889353,0,0,0,0,0
19,Nuevo León,1993,0,1546236.4,108422.7,108422.7,108422.7,0,0,0,0,0,0,0,0,0,1437813.7,1376936,31254,29623.7,0,0,0,0,0,0,0,0,74074508,0,0,2.09,0,0,7.01,92.99,0,450.15,0,0,0,0,0,0,0,0,3434963,0,0,0,0,0
20,Oaxaca,1993,0,510200.3,229427.2,229427.2,229427.2,0,0,0,0,0,0,0,0,0,280773.1,243064,16136,21573.1,0,0,0,0,0,0,0,0,19234866,0,0,2.65,0,0,44.97,55.03,0,157.22,0,0,0,0,0,0,0,0,3245113,0,0,0,0,0
21,Puebla,1993,0,869132.8,157782.8,157782.8,157782.8,0,0,0,0,0,0,0,0,0,711350,682981,13009,15360,0,0,0,0,0,0,0,0,37665933,0,0,2.31,0,0,18.15,81.85,0,189.87,0,0,0,0,0,0,0,0,4577466,0,0,0,0,0
22,Querétaro,1993,0,340162.5,51477.5,51477.5,51477.5,0,0,0,0,0,0,0,0,0,288685,278368,10317,0,0,0,0,0,0,0,0,0,16223531,0,0,2.1,0,0,15.13,84.87,0,283.61,0,0,0,0,0,0,0,0,1199420,0,0,0,0,0
23,Quintana Roo,1993,0,231202.8,47892.8,47892.8,47892.8,0,0,0,0,0,0,0,0,0,183310,175852,7458,0,0,0,0,0,0,0,0,0,14846909,0,0,1.56,0,0,20.71,79.29,0,369.72,0,0,0,0,0,0,0,0,625351,0,0,0,0,0
24,San Luis Potosí,1993,0,482114.8,107202.6,107202.6,107202.6,0,0,0,0,0,0,0,0,0,374912.2,354314,12300,8298.2,0,0,0,0,0,0,0,0,20431660,0,0,2.36,0,0,22.24,77.76,0,221.16,0,0,0,0,0,0,0,0,2179958,0,0,0,0,0
25,Sinaloa,1993,0,779549.3,93947.6,93947.6,93947.6,0,0,0,0,0,0,0,0,0,685601.7,656717,25937,2947.7,0,0,0,0,0,0,0,0,26881029,0,0,2.9,0,0,12.05,87.95,0,327.03,0,0,0,0,0,0,0,0,2383706,0,0,0,0,0
26,Sonora,1993,0,822647.4,113226.4,113226.4,113226.4,0,0,0,0,0,0,0,0,0,709421,684509,24912,0,0,0,0,0,0,0,0,0,30346244,0,0,2.71,0,0,13.76,86.24,0,407.5,0,0,0,0,0,0,0,0,2018744,0,0,0,0,0
27,Tabasco,1993,0,389788.8,76255.3,76255.3,76255.3,0,0,0,0,0,0,0,0,0,313533.5,209485,14162,89886.5,0,0,0,0,0,0,0,0,14858061,0,0,2.62,0,0,19.56,80.44,0,231.7,0,0,0,0,0,0,0,0,1682280,0,0,0,0,0
28,Tamaulipas,1993,0,858462.5,113209.5,113209.5,113209.5,0,0,0,0,0,0,0,0,0,745253,601407,30030,113816,0,0,0,0,0,0,0,0,32233873,0,0,2.66,0,0,13.19,86.81,0,347.81,0,0,0,0,0,0,0,0,2468183,0,0,0,0,0
29,Tlaxcala,1993,0,175001.4,40459.4,40459.4,40459.4,0,0,0,0,0,0,0,0,0,134542,130404,4138,0,0,0,0,0,0,0,0,0,5859721,0,0,2.99,0,0,23.12,76.88,0,204.16,0,0,0,0,0,0,0,0,857180,0,0,0,0,0
30,Veracruz,1993,0,1557358.8,231329.2,231329.2,231329.2,0,0,0,0,0,0,0,0,0,1326029.6,1124385,27178,174466.6,0,0,0,0,0,0,0,0,52693995,0,0,2.96,0,0,14.85,85.15,0,232.92,0,0,0,0,0,0,0,0,6686347,0,0,0,0,0
31,Yucatán,1993,0,616886.8,111418.8,111418.8,111418.8,0,0,0,0,0,0,0,0,0,505468,488360,17108,0,0,0,0,0,0,0,0,0,15029646,0,0,4.1,0,0,18.06,81.94,0,406.38,0,0,0,0,0,0,0,0,1517996,0,0,0,0,0
32,Zacatecas,1993,0,260728.1,86836.1,86836.1,86836.1,0,0,0,0,0,0,0,0,0,173892,163997,9895,0,0,0,0,0,0,0,0,0,9689448,0,0,2.69,0,0,33.31,66.69,0,192.22,0,0,0,0,0,0,0,0,1356423,0,0,0,0,0
33,No distribuibles,1993,69927623.2,2294413,2294413,2294413,2294413,0,0,0,0,0,0,0,0,0,0,0,0,0,0,0,38497055,37204000,0,1293055,0,0,101063782,0,0,0,0,0,0,0,0,0,0,0,0,0,0,0,0,0,0,0,0,0,0,0
37,Gasto Total,1993,69927623.2,31430568.2,6087619.2,6087619.2,6087619.2,0,0,0,0,0,0,0,0,0,25342949,22112399,2474548,756002,0,0,38497055,37204000,0,1293055,0,0,1256195971,0,5.57,2.5,3.06,0,19.37,80.63,782.5,351.71,0,0,0,0,0,0,0,430.79,89364560,0,0,0,0,0
01,Aguascalientes,1994,0,334355.8,45738.3,45738.3,45738.3,0,0,0,0,0,0,0,0,0,288617.5,258198,30419.5,0,0,0,0,0,0,0,0,0,13406972,3558900,0,2.49,0,9.39,13.68,86.32,0,394.4,0,0,0,0,0,0,0,0,847751,0,0,0,0,0
02,Baja California,1994,0,1034307.9,90417.6,90417.6,90417.6,0,0,0,0,0,0,0,0,0,943890.3,866919,76971.3,0,0,0,0,0,0,0,0,0,38174958,4037300,0,2.71,0,25.62,8.74,91.26,0,507.59,0,0,0,0,0,0,0,0,2037692,0,0,0,0,0
03,Baja California Sur,1994,0,292725.4,46761.2,46761.2,46761.2,0,0,0,0,0,0,0,0,0,245964.2,196094,49870.2,0,0,0,0,0,0,0,0,0,6817704,1261200,0,4.29,0,23.21,15.97,84.03,0,794.7,0,0,0,0,0,0,0,0,368345,0,0,0,0,0
04,Campeche,1994,0,277930.8,55822.2,55822.2,55822.2,0,0,0,0,0,0,0,0,0,222108.6,158384,30346.7,33377.9,0,0,0,0,0,0,0,0,15288586,4580400,0,1.82,0,6.07,20.08,79.92,0,442.32,0,0,0,0,0,0,0,0,628350,0,0,0,0,0
05,Coahuila,1994,0,1138793.3,86643.6,86643.6,86643.6,0,0,0,0,0,0,0,0,0,1052149.7,970535,81614.7,0,0,0,0,0,0,0,0,0,37695985,4861300,0,3.02,0,23.43,7.61,92.39,0,524.62,0,0,0,0,0,0,0,0,2170685,0,0,0,0,0
06,Colima,1994,0,228773.5,47284.2,47284.2,47284.2,0,0,0,0,0,0,0,0,0,181489.3,156231,25258.3,0,0,0,0,0,0,0,0,0,7075973,1970900,0,3.23,0,11.61,20.67,79.33,0,471.9,0,0,0,0,0,0,0,0,484794,0,0,0,0,0
07,Chiapas,1994,0,751187.4,370065.9,370065.9,370065.9,0,0,0,0,0,0,0,0,0,381121.5,310438,63617.5,7066,0,0,0,0,0,0,0,0,23579105,6351700,0,3.19,0,11.83,49.26,50.74,0,210.5,0,0,0,0,0,0,0,0,3568658,0,0,0,0,0
08,Chihuahua,1994,0,1175938.5,126896,126896,126896,0,0,0,0,0,0,0,0,0,1049042.5,964783,80693.5,3566,0,0,0,0,0,0,0,0,49983783,4809900,0,2.35,0,24.45,10.79,89.21,0,424.76,0,0,0,0,0,0,0,0,2768489,0,0,0,0,0
09,Ciudad de México,1994,0,9639562.3,313534.5,313534.5,313534.5,0,0,0,0,0,0,0,0,0,9326027.8,6920339,2083395.5,322293.3,0,0,0,0,0,0,0,0,311638425,88234100,0,3.09,0,10.92,3.25,96.75,0,1122.37,0,0,0,0,0,0,0,0,8588560,0,0,0,0,0
10,Durango,1994,0,508166.9,119238.2,119238.2,119238.2,0,0,0,0,0,0,0,0,0,388928.7,323642,65286.7,0,0,0,0,0,0,0,0,0,17013687,3151900,0,2.99,0,16.12,23.46,76.54,0,349.4,0,0,0,0,0,0,0,0,1454382,0,0,0,0,0
11,Guanajuato,1994,0,962958.8,107926.5,107926.5,107926.5,0,0,0,0,0,0,0,0,0,855032.3,728287,77337.8,49407.5,0,0,0,0,0,0,0,0,43579618,4925000,0,2.21,0,19.55,11.21,88.79,0,218.23,0,0,0,0,0,0,0,0,4412605,0,0,0,0,0
12,Guerrero,1994,0,605968.3,179634.7,179634.7,179634.7,0,0,0,0,0,0,0,0,0,426333.6,354001,72332.6,0,0,0,0,0,0,0,0,0,24269158,4809400,0,2.5,0,12.6,29.64,70.36,0,207.62,0,0,0,0,0,0,0,0,2918688,0,0,0,0,0
13,Hidalgo,1994,0,507060.7,150480.6,150480.6,150480.6,0,0,0,0,0,0,0,0,0,356580.1,298447,40138.7,17994.4,0,0,0,0,0,0,0,0,19168483,5338300,0,2.65,0,9.5,29.68,70.32,0,240.66,0,0,0,0,0,0,0,0,2106928,0,0,0,0,0
14,Jalisco,1994,0,2064450.5,171305,171305,171305,0,0,0,0,0,0,0,0,0,1893145.5,1794620,90504,8021.5,0,0,0,0,0,0,0,0,85292666,7652800,0,2.42,0,26.98,8.3,91.7,0,343.12,0,0,0,0,0,0,0,0,6016776,0,0,0,0,0
15,México,1994,0,2277317,426084.5,426084.5,426084.5,0,0,0,0,0,0,0,0,0,1851232.5,1779403,70209.2,1620.3,0,0,0,0,0,0,0,0,133308884,11239100,0,1.71,0,20.26,18.71,81.29,0,197.84,0,0,0,0,0,0,0,0,11510838,0,0,0,0,0
16,Michoacán,1994,0,753987.5,200135.8,200135.8,200135.8,0,0,0,0,0,0,0,0,0,553851.7,473552,80299.7,0,0,0,0,0,0,0,0,0,30759643,5028900,0,2.45,0,14.99,26.54,73.46,0,191.92,0,0,0,0,0,0,0,0,3928745,0,0,0,0,0
17,Morelos,1994,0,446239.7,66903.5,66903.5,66903.5,0,0,0,0,0,0,0,0,0,379336.2,327840,51496.2,0,0,0,0,0,0,0,0,0,18906591,2319200,0,2.36,0,19.24,14.99,85.01,0,316.21,0,0,0,0,0,0,0,0,1411228,0,0,0,0,0
18,Nayarit,1994,0,339168.4,73985.8,73985.8,73985.8,0,0,0,0,0,0,0,0,0,265182.6,227481,37701.6,0,0,0,0,0,0,0,0,0,8539891,2936900,0,3.97,0,11.55,21.81,78.19,0,376.74,0,0,0,0,0,0,0,0,900281,0,0,0,0,0
19,Nuevo León,1994,0,1805082.4,125746,125746,125746,0,0,0,0,0,0,0,0,0,1679336.4,1536711,109898.2,32727.2,0,0,0,0,0,0,0,0,85559527,6373100,0,2.11,0,28.32,6.97,93.03,0,513.92,0,0,0,0,0,0,0,0,3512406,0,0,0,0,0
20,Oaxaca,1994,0,657973.7,292555.4,292555.4,292555.4,0,0,0,0,0,0,0,0,0,365418.3,271525,68945.6,24947.7,0,0,0,0,0,0,0,0,21869407,6104200,0,3.01,0,10.78,44.46,55.54,0,201.2,0,0,0,0,0,0,0,0,3270326,0,0,0,0,0
21,Puebla,1994,0,993126.8,188124.5,188124.5,188124.5,0,0,0,0,0,0,0,0,0,805002.3,723427,65028.7,16546.6,0,0,0,0,0,0,0,0,42740138,5040200,0,2.32,0,19.7,18.94,81.06,0,213.16,0,0,0,0,0,0,0,0,4659173,0,0,0,0,0
22,Querétaro,1994,0,392441.4,61416,61416,61416,0,0,0,0,0,0,0,0,0,331025.4,296637,34388.4,0,0,0,0,0,0,0,0,0,19208103,2351500,0,2.04,0,16.69,15.65,84.35,0,318.59,0,0,0,0,0,0,0,0,1231789,0,0,0,0,0
23,Quintana Roo,1994,0,284012.6,55611.2,55611.2,55611.2,0,0,0,0,0,0,0,0,0,228401.4,195855,32546.4,0,0,0,0,0,0,0,0,0,16608833,1264900,0,1.71,0,22.45,19.58,80.42,0,428.24,0,0,0,0,0,0,0,0,663211,0,0,0,0,0
24,San Luis Potosí,1994,0,594206.2,135337.9,135337.9,135337.9,0,0,0,0,0,0,0,0,0,458868.3,398290,51315.7,9262.6,0,0,0,0,0,0,0,0,23688382,3445600,0,2.51,0,17.25,22.78,77.22,0,268.7,0,0,0,0,0,0,0,0,2211382,0,0,0,0,0
25,Sinaloa,1994,0,936476.1,127620.9,127620.9,127620.9,0,0,0,0,0,0,0,0,0,808855.2,719493,86243.4,3118.8,0,0,0,0,0,0,0,0,28629067,5901800,0,3.27,0,15.87,13.63,86.37,0,386.86,0,0,0,0,0,0,0,0,2420706,0,0,0,0,0
26,Sonora,1994,0,946488.9,129392,129392,129392,0,0,0,0,0,0,0,0,0,817096.9,739080,78016.9,0,0,0,0,0,0,0,0,0,34831586,4551700,0,2.72,0,20.79,13.67,86.33,0,458.58,0,0,0,0,0,0,0,0,2063961,0,0,0,0,0
27,Tabasco,1994,0,449364,88789.8,88789.8,88789.8,0,0,0,0,0,0,0,0,0,360574.2,218305,35235.9,107033.3,0,0,0,0,0,0,0,0,16472843,5467400,0,2.73,0,8.22,19.76,80.24,0,260.48,0,0,0,0,0,0,0,0,1725150,0,0,0,0,0
28,Tamaulipas,1994,0,1002951.2,132618.6,132618.6,132618.6,0,0,0,0,0,0,0,0,0,870332.6,649578,107073.8,113680.8,0,0,0,0,0,0,0,0,37495002,6669000,0,2.67,0,15.04,13.22,86.78,0,398.89,0,0,0,0,0,0,0,0,2514335,0,0,0,0,0
29,Tlaxcala,1994,0,202356.2,46141.2,46141.2,46141.2,0,0,0,0,0,0,0,0,0,156215,135944,20271,0,0,0,0,0,0,0,0,0,6561225,1232500,0,3.08,0,16.42,22.8,77.2,0,230.46,0,0,0,0,0,0,0,0,878037,0,0,0,0,0
30,Veracruz,1994,0,1806107.4,277975.5,277975.5,277975.5,0,0,0,0,0,0,0,0,0,1528131.9,1218756,103667.4,205708.5,0,0,0,0,0,0,0,0,60386817,14727800,0,2.99,0,12.26,15.39,84.61,0,266.91,0,0,0,0,0,0,0,0,6766756,0,0,0,0,0
31,Yucatán,1994,0,673449.4,132428.4,132428.4,132428.4,0,0,0,0,0,0,0,0,0,541021,483245,57776,0,0,0,0,0,0,0,0,0,17218056,2753100,0,3.91,0,24.46,19.66,80.34,0,434.8,0,0,0,0,0,0,0,0,1548861,0,0,0,0,0
32,Zacatecas,1994,0,320041.8,103818.7,103818.7,103818.7,0,0,0,0,0,0,0,0,0,216223.1,183255,32968.1,0,0,0,0,0,0,0,0,0,10532473,1866000,0,3.04,0,17.15,32.44,67.56,0,234.7,0,0,0,0,0,0,0,0,1363617,0,0,0,0,0
33,No distribuibles,1994,80001432.7,2662209.9,2662209.9,2662209.9,2662209.9,0,0,0,0,0,0,0,0,0,0,0,0,0,0,0,42936252,41456000,0,1480252,0,0,113857885,13188400,0,0,0,0,0,0,0,0,0,0,0,0,0,0,0,0,0,0,0,0,0,0
34,Extranjero,1994,0,0,0,0,0,0,0,0,0,0,0,0,0,0,0,0,0,0,0,0,0,0,0,0,0,0,0,1476100,0,0,0,0,0,0,0,0,0,0,0,0,0,0,0,0,0,0,0,0,0,0
37,Gasto Total,1994,80001432.7,37065180.7,7238644.1,7238644.1,7238644.1,0,0,0,0,0,0,0,0,0,29826536.6,24879295,3990869.2,956372.4,0,0,42936252,41456000,0,1480252,0,0,1420159456,249480500,5.63,2.61,3.02,14.86,19.53,80.47,879.59,407.52,0,0,0,0,0,0,0,472.07,90953505,0,0,0,0,0
01,Aguascalientes,1995,0,420570.3,61970.4,61970.4,61970.4,0,0,0,0,0,0,0,0,0,358599.9,335342.2,23257.7,0,0,0,0,0,0,0,0,0,18454743,3949900,0,2.28,0,10.65,14.73,85.27,0,482.46,0,0,0,0,0,0,0,0,871727,0,0,0,0,0
02,Baja California,1995,0,1156746.7,113422.3,113422.3,113422.3,0,0,0,0,0,0,0,0,0,1043324.4,981717.6,61606.8,0,0,0,0,0,0,0,0,0,53477245,5117900,0,2.16,0,22.6,9.81,90.19,0,546.89,0,0,0,0,0,0,0,0,2115146,0,0,0,0,0
03,Baja California Sur,1995,0,337082.6,61591.4,61591.4,61591.4,0,0,0,0,0,0,0,0,0,275491.2,232000.2,43491,0,0,0,0,0,0,0,0,0,9007813,1535200,0,3.74,0,21.96,18.27,81.73,0,890.98,0,0,0,0,0,0,0,0,378327,0,0,0,0,0
04,Campeche,1995,0,353743.5,81704.5,81704.5,81704.5,0,0,0,0,0,0,0,0,0,272039,192002.3,27040.7,52996,0,0,0,0,0,0,0,0,23006068,5374400,0,1.54,0,6.58,23.1,76.9,0,547.93,0,0,0,0,0,0,0,0,645597,0,0,0,0,0
05,Coahuila,1995,0,1342955.5,112116.6,112116.6,112116.6,0,0,0,0,0,0,0,0,0,1230838.9,1156343.4,74495.5,0,0,0,0,0,0,0,0,0,55950678,7861200,0,2.4,0,17.08,8.35,91.65,0,610.32,0,0,0,0,0,0,0,0,2200397,0,0,0,0,0
06,Colima,1995,0,273642.1,61293.1,61293.1,61293.1,0,0,0,0,0,0,0,0,0,212349,188637.4,23711.6,0,0,0,0,0,0,0,0,0,8769847,2593900,0,3.12,0,10.55,22.4,77.6,0,552.72,0,0,0,0,0,0,0,0,495079,0,0,0,0,0
07,Chiapas,1995,0,921726.8,494007.4,494007.4,494007.4,0,0,0,0,0,0,0,0,0,427719.4,358708.5,59460.9,9550,0,0,0,0,0,0,0,0,29900839,7348800,0,3.08,0,12.54,53.6,46.4,0,254.13,0,0,0,0,0,0,0,0,3627059,0,0,0,0,0
08,Chihuahua,1995,0,1400473,163783.5,163783.5,163783.5,0,0,0,0,0,0,0,0,0,1236689.5,1158217.3,73899.2,4573,0,0,0,0,0,0,0,0,69762967,6310500,0,2.01,0,22.19,11.69,88.31,0,495.95,0,0,0,0,0,0,0,0,2823811,0,0,0,0,0
09,Ciudad de México,1995,0,10252627.6,389149.6,389149.6,389149.6,0,0,0,0,0,0,0,0,0,9863478,8130333.1,1384636.9,348508,0,0,0,0,0,0,0,0,383047031,92005900,0,2.68,0,11.14,3.8,96.2,0,1191.07,0,0,0,0,0,0,0,0,8607943,0,0,0,0,0
10,Durango,1995,0,672252.1,155598.8,155598.8,155598.8,0,0,0,0,0,0,0,0,0,516653.3,455737.9,60915.4,0,0,0,0,0,0,0,0,0,21862493,3747700,0,3.07,0,17.94,23.15,76.85,0,459.34,0,0,0,0,0,0,0,0,1463511,0,0,0,0,0
11,Guanajuato,1995,0,1181752.1,144070.1,144070.1,144070.1,0,0,0,0,0,0,0,0,0,1037682,892881.3,71763.7,73037,0,0,0,0,0,0,0,0,56410661,6656900,0,2.09,0,17.75,12.19,87.81,0,263.99,0,0,0,0,0,0,0,0,4476564,0,0,0,0,0
12,Guerrero,1995,0,736383.3,247682.5,247682.5,247682.5,0,0,0,0,0,0,0,0,0,488700.8,419112.3,69588.5,0,0,0,0,0,0,0,0,0,29917928,5575000,0,2.46,0,13.21,33.63,66.37,0,248.64,0,0,0,0,0,0,0,0,2961659,0,0,0,0,0
13,Hidalgo,1995,0,639047.1,216631.6,216631.6,216631.6,0,0,0,0,0,0,0,0,0,422415.5,359293.9,35278.6,27843,0,0,0,0,0,0,0,0,22330815,5705200,0,2.86,0,11.2,33.9,66.1,0,297.9,0,0,0,0,0,0,0,0,2145171,0,0,0,0,0
14,Jalisco,1995,0,2521211.9,216011.5,216011.5,216011.5,0,0,0,0,0,0,0,0,0,2305200.4,2206978.6,86250.8,11971,0,0,0,0,0,0,0,0,105052810,9235500,0,2.4,0,27.3,8.57,91.43,0,412.09,0,0,0,0,0,0,0,0,6118126,0,0,0,0,0
15,México,1995,0,2799194.71,545822,545822,545822,0,0,0,0,0,0,0,0,0,2253372.71,2188524.9,59467.81,5380,0,0,0,0,0,0,0,0,168414300,15124300,0,1.66,0,18.51,19.5,80.5,0,236.68,0,0,0,0,0,0,0,0,11826804,0,0,0,0,0
16,Michoacán,1995,0,928804.8,262142.8,262142.8,262142.8,0,0,0,0,0,0,0,0,0,666662,586093.4,80568.6,0,0,0,0,0,0,0,0,0,39453744,6466300,0,2.35,0,14.36,28.22,71.78,0,233.84,0,0,0,0,0,0,0,0,3971956,0,0,0,0,0
17,Morelos,1995,0,500154.9,81581.8,81581.8,81581.8,0,0,0,0,0,0,0,0,0,418573.1,372223.9,46349.2,0,0,0,0,0,0,0,0,0,22629219,2782500,0,2.21,0,17.98,16.31,83.69,0,344.07,0,0,0,0,0,0,0,0,1453659,0,0,0,0,0
18,Nayarit,1995,0,403535.8,97116.3,97116.3,97116.3,0,0,0,0,0,0,0,0,0,306419.5,274062.1,32357.4,0,0,0,0,0,0,0,0,0,9428728,2258900,0,4.28,0,17.86,24.07,75.93,0,443.25,0,0,0,0,0,0,0,0,910411,0,0,0,0,0
19,Nuevo León,1995,0,2352832.5,156075.9,156075.9,156075.9,0,0,0,0,0,0,0,0,0,2196756.6,2044960.6,99069,52727,0,0,0,0,0,0,0,0,111675746,8003100,0,2.11,0,29.4,6.63,93.37,0,655.64,0,0,0,0,0,0,0,0,3588615,0,0,0,0,0
20,Oaxaca,1995,0,816129.1,393900.2,393900.2,393900.2,0,0,0,0,0,0,0,0,0,422228.9,316261.1,67632.8,38335,0,0,0,0,0,0,0,0,27135502,6233300,0,3.01,0,13.09,48.26,51.74,0,247.54,0,0,0,0,0,0,0,0,3296895,0,0,0,0,0
21,Puebla,1995,0,1220248.1,245674.8,245674.8,245674.8,0,0,0,0,0,0,0,0,0,974573.3,886559.6,60708.7,27305,0,0,0,0,0,0,0,0,56000297,6214100,0,2.18,0,19.64,20.13,79.87,0,257.37,0,0,0,0,0,0,0,0,4741212,0,0,0,0,0
22,Querétaro,1995,0,475166,83180.9,83180.9,83180.9,0,0,0,0,0,0,0,0,0,391985.1,361494.7,30490.4,0,0,0,0,0,0,0,0,0,26933222,2675700,0,1.76,0,17.76,17.51,82.49,0,375.77,0,0,0,0,0,0,0,0,1264513,0,0,0,0,0
23,Quintana Roo,1995,0,347648,72431.1,72431.1,72431.1,0,0,0,0,0,0,0,0,0,275216.9,247529.4,27687.5,0,0,0,0,0,0,0,0,0,20596828,1702300,0,1.69,0,20.42,20.83,79.17,0,495.59,0,0,0,0,0,0,0,0,701480,0,0,0,0,0
24,San Luis Potosí,1995,0,703874.4,165831.1,165831.1,165831.1,0,0,0,0,0,0,0,0,0,538043.3,478312,44935.3,14796,0,0,0,0,0,0,0,0,30285204,4255200,0,2.32,0,16.54,23.56,76.44,0,314.05,0,0,0,0,0,0,0,0,2241315,0,0,0,0,0
25,Sinaloa,1995,0,1120348.3,158698,158698,158698,0,0,0,0,0,0,0,0,0,961650.3,872372.4,84031.9,5246,0,0,0,0,0,0,0,0,34698957,6637500,0,3.23,0,16.88,14.17,85.83,0,456.16,0,0,0,0,0,0,0,0,2456041,0,0,0,0,0
26,Sonora,1995,0,1181689.6,153211.9,153211.9,153211.9,0,0,0,0,0,0,0,0,0,1028477.7,951284.3,77193.4,0,0,0,0,0,0,0,0,0,48801436,5838200,0,2.42,0,20.24,12.97,87.03,0,560.7,0,0,0,0,0,0,0,0,2107533,0,0,0,0,0
27,Tabasco,1995,0,565770.5,116919.8,116919.8,116919.8,0,0,0,0,0,0,0,0,0,448850.7,259214.6,29707.1,159929,0,0,0,0,0,0,0,0,21723353,9264400,0,2.6,0,6.11,20.67,79.33,0,320.13,0,0,0,0,0,0,0,0,1767324,0,0,0,0,0
28,Tamaulipas,1995,0,1268792.8,173615.9,173615.9,173615.9,0,0,0,0,0,0,0,0,0,1095176.9,778254.3,114489.6,202433,0,0,0,0,0,0,0,0,50194692,8939100,0,2.53,0,14.19,13.68,86.32,0,495.61,0,0,0,0,0,0,0,0,2560075,0,0,0,0,0
29,Tlaxcala,1995,0,236721.2,55901.3,55901.3,55901.3,0,0,0,0,0,0,0,0,0,180819.9,164970.8,15849.1,0,0,0,0,0,0,0,0,0,8510629,1577400,0,2.78,0,15.01,23.61,76.39,0,263.36,0,0,0,0,0,0,0,0,898836,0,0,0,0,0
30,Veracruz,1995,0,2241756,343481,343481,343481,0,0,0,0,0,0,0,0,0,1898275,1475229,112603,310443,0,0,0,0,0,0,0,0,80251414,18671000,0,2.79,0,12.01,15.32,84.68,0,327.69,0,0,0,0,0,0,0,0,6841000,0,0,0,0,0
31,Yucatán,1995,0,814131.8,174627.2,174627.2,174627.2,0,0,0,0,0,0,0,0,0,639504.6,585743.4,53761.2,0,0,0,0,0,0,0,0,0,20898510,3712600,0,3.9,0,21.93,21.45,78.55,0,515.63,0,0,0,0,0,0,0,0,1578897,0,0,0,0,0
32,Zacatecas,1995,0,399874.1,138344.4,138344.4,138344.4,0,0,0,0,0,0,0,0,0,261529.7,226389.6,35140.1,0,0,0,0,0,0,0,0,0,14251109,2709900,0,2.81,0,14.76,34.6,65.4,0,291.87,0,0,0,0,0,0,0,0,1370061,0,0,0,0,0
33,No distribuibles,1995,102730537.4,3109949.2,3109949.2,3109949.2,3109949.2,0,0,0,0,0,0,0,0,0,0,0,0,0,0,0,59033701,57259000,0,1774701,0,0,158184239,9399300,0,0,0,0,0,0,0,0,0,0,0,0,0,0,0,0,0,0,0,0,0,0
34,Extranjero,1995,0,0,0,0,0,0,0,0,0,0,0,0,0,0,0,0,0,0,0,0,0,0,0,0,0,0,0,4940500,0,0,0,0,0,0,0,0,0,0,0,0,0,0,0,0,0,0,0,0,0,0
37,Gasto Total,1995,102730537.4,43696836.41,9047538.9,9047538.9,9047538.9,0,0,0,0,0,0,0,0,0,34649297.51,30136786.1,3167439.41,1345072,0,0,59033701,57259000,0,1774701,0,0,1837019067,290423600,5.59,2.38,3.21,15.05,20.71,79.29,1110.52,472.36,0,0,0,0,0,0,0,638.16,92506744,0,0,0,0,0
01,Aguascalientes,1996,0,514020.3,92273.2,92273.2,92273.2,0,0,0,0,0,0,0,0,0,421747.1,390423,29220.1,2104,0,0,0,0,0,0,0,0,25867651,4709500,0,1.99,0,10.91,17.95,82.05,0,575.42,0,0,0,0,0,0,0,0,893303,0,0,0,0,0
02,Baja California,1996,0,1348463.5,158055.4,158055.4,158055.4,0,0,0,0,0,0,0,0,0,1190408.1,1110200,80187.2,20.9,0,0,0,0,0,0,0,0,72866009,10782300,0,1.85,0,12.51,11.72,88.28,0,615.15,0,0,0,0,0,0,0,0,2192097,0,0,0,0,0
03,Baja California Sur,1996,0,401501.7,78532.2,78532.2,78532.2,0,0,0,0,0,0,0,0,0,322969.5,264631,58333.2,5.3,0,0,0,0,0,0,0,0,12305675,2383000,0,3.26,0,16.85,19.56,80.44,0,1032,0,0,0,0,0,0,0,0,389053,0,0,0,0,0
04,Campeche,1996,0,418522.4,127916.8,127916.8,127916.8,0,0,0,0,0,0,0,0,0,290605.6,208871,33530.1,48204.5,0,0,0,0,0,0,0,0,29688518,8687000,0,1.41,0,4.82,30.56,69.44,0,634.36,0,0,0,0,0,0,0,0,659759,0,0,0,0,0
05,Coahuila,1996,0,1621027.1,185502.8,185502.8,185502.8,0,0,0,0,0,0,0,0,0,1435524.3,1331493,97502.2,6529.1,0,0,0,0,0,0,0,0,79482392,9308400,0,2.04,0,17.41,11.44,88.56,0,726.78,0,0,0,0,0,0,0,0,2230415,0,0,0,0,0
06,Colima,1996,0,327079.3,75389.8,75389.8,75389.8,0,0,0,0,0,0,0,0,0,251689.5,222556,29119.6,13.9,0,0,0,0,0,0,0,0,12184665,3592100,0,2.68,0,9.11,23.05,76.95,0,646.67,0,0,0,0,0,0,0,0,505787,0,0,0,0,0
07,Chiapas,1996,0,1099587.9,617512.8,617512.8,617512.8,0,0,0,0,0,0,0,0,0,482075.1,385452,76790.3,19832.8,0,0,0,0,0,0,0,0,39517837,13567500,0,2.78,0,8.1,56.16,43.84,0,297.63,0,0,0,0,0,0,0,0,3694503,0,0,0,0,0
08,Chihuahua,1996,0,1640989.1,227425.9,227425.9,227425.9,0,0,0,0,0,0,0,0,0,1413563.2,1306956,95358.1,11249.1,0,0,0,0,0,0,0,0,97131434,9040400,0,1.69,0,18.15,13.86,86.14,0,569.91,0,0,0,0,0,0,0,0,2879403,0,0,0,0,0
09,Ciudad de México,1996,0,12871599.5,536901,536901,536901,0,0,0,0,0,0,0,0,0,12334698.5,9452042,2176359.6,706296.9,0,0,0,0,0,0,0,0,513792749,122914000,0,2.51,0,10.47,4.17,95.83,0,1491.27,0,0,0,0,0,0,0,0,8631281,0,0,0,0,0
10,Durango,1996,0,783354.3,216892.4,216892.4,216892.4,0,0,0,0,0,0,0,0,0,566461.9,478795,77052.2,10614.7,0,0,0,0,0,0,0,0,30925998,4927300,0,2.53,0,15.9,27.69,72.31,0,533.14,0,0,0,0,0,0,0,0,1469335,0,0,0,0,0
11,Guanajuato,1996,0,1450739.7,215017.4,215017.4,215017.4,0,0,0,0,0,0,0,0,0,1235722.3,1053964,99695.9,82062.4,0,0,0,0,0,0,0,0,82856319,8762500,0,1.75,0,16.56,14.82,85.18,0,319.6,0,0,0,0,0,0,0,0,4539211,0,0,0,0,0
12,Guerrero,1996,0,921818.7,350275.3,350275.3,350275.3,0,0,0,0,0,0,0,0,0,571543.4,482921,87567.6,1054.8,0,0,0,0,0,0,0,0,38563087,7743400,0,2.39,0,11.9,38,62,0,306.95,0,0,0,0,0,0,0,0,3003117,0,0,0,0,0
13,Hidalgo,1996,0,772161.1,312815.3,312815.3,312815.3,0,0,0,0,0,0,0,0,0,459345.8,370776,43589.9,44979.9,0,0,0,0,0,0,0,0,31433216,9870100,0,2.46,0,7.82,40.51,59.49,0,354.11,0,0,0,0,0,0,0,0,2180565,0,0,0,0,0
14,Jalisco,1996,0,2958830.8,321204.4,321204.4,321204.4,0,0,0,0,0,0,0,0,0,2637626.4,2523242,110906.9,3477.5,0,0,0,0,0,0,0,0,147400429,11925400,0,2.01,0,24.81,10.86,89.14,0,477,0,0,0,0,0,0,0,0,6203044,0,0,0,0,0
15,México,1996,0,3382383.4,716620.2,716620.2,716620.2,0,0,0,0,0,0,0,0,0,2665763.2,2584939,74112.8,6711.4,0,0,0,0,0,0,0,0,236800861,17904800,0,1.43,0,18.89,21.19,78.81,0,278.66,0,0,0,0,0,0,0,0,12137857,0,0,0,0,0
16,Michoacán,1996,0,1158312,395511.8,395511.8,395511.8,0,0,0,0,0,0,0,0,0,762800.2,650601,108001,4198.2,0,0,0,0,0,0,0,0,52919125,8001700,0,2.19,0,14.48,34.15,65.85,0,289.23,0,0,0,0,0,0,0,0,4004858,0,0,0,0,0
17,Morelos,1996,0,613149.3,108668,108668,108668,0,0,0,0,0,0,0,0,0,504481.3,440767,59837.8,3876.5,0,0,0,0,0,0,0,0,30215643,3933300,0,2.03,0,15.59,17.72,82.28,0,412.26,0,0,0,0,0,0,0,0,1487278,0,0,0,0,0
18,Nayarit,1996,0,493599.8,146551.2,146551.2,146551.2,0,0,0,0,0,0,0,0,0,347048.6,303907,43141.6,0,0,0,0,0,0,0,0,0,12823454,2969600,0,3.85,0,16.62,29.69,70.31,0,537.56,0,0,0,0,0,0,0,0,918223,0,0,0,0,0
19,Nuevo León,1996,0,2825696.4,233985.2,233985.2,233985.2,0,0,0,0,0,0,0,0,0,2591711.2,2405912,118055.5,67743.7,0,0,0,0,0,0,0,0,151830641,11552200,0,1.86,0,24.46,8.28,91.72,0,772.13,0,0,0,0,0,0,0,0,3659598,0,0,0,0,0
20,Oaxaca,1996,0,1026948,551090.2,551090.2,551090.2,0,0,0,0,0,0,0,0,0,475857.8,338314,86665.2,50878.6,0,0,0,0,0,0,0,0,36617921,8898800,0,2.8,0,11.54,53.66,46.34,0,307.8,0,0,0,0,0,0,0,0,3336371,0,0,0,0,0
21,Puebla,1996,0,1534388.8,416970.9,416970.9,416970.9,0,0,0,0,0,0,0,0,0,1117417.9,1016440,80240.3,20737.6,0,0,0,0,0,0,0,0,78773533,8166100,0,1.95,0,18.79,27.18,72.82,0,317.39,0,0,0,0,0,0,0,0,4834361,0,0,0,0,0
22,Querétaro,1996,0,559894,104678.9,104678.9,104678.9,0,0,0,0,0,0,0,0,0,455215.1,409491,41694.4,4029.7,0,0,0,0,0,0,0,0,37586930,3479900,0,1.49,0,16.09,18.7,81.3,0,431.06,0,0,0,0,0,0,0,0,1298877,0,0,0,0,0
23,Quintana Roo,1996,0,426631.9,92577.9,92577.9,92577.9,0,0,0,0,0,0,0,0,0,334054,290961,33188.4,9904.6,0,0,0,0,0,0,0,0,27932297,2623100,0,1.53,0,16.26,21.7,78.3,0,576,0,0,0,0,0,0,0,0,740674,0,0,0,0,0
24,San Luis Potosí,1996,0,875709.6,256945.8,256945.8,256945.8,0,0,0,0,0,0,0,0,0,618763.8,533649,60916,24198.8,0,0,0,0,0,0,0,0,40487455,6642900,0,2.16,0,13.18,29.34,70.66,0,386.02,0,0,0,0,0,0,0,0,2268563,0,0,0,0,0
25,Sinaloa,1996,0,1402286,230959.9,230959.9,230959.9,0,0,0,0,0,0,0,0,0,1171326.1,976181,104405,90740.1,0,0,0,0,0,0,0,0,48132389,9696400,0,2.91,0,14.46,16.47,83.53,0,563.7,0,0,0,0,0,0,0,0,2487661,0,0,0,0,0
26,Sonora,1996,0,1316023.6,180427.7,180427.7,180427.7,0,0,0,0,0,0,0,0,0,1135595.9,1032675,102858.3,62.6,0,0,0,0,0,0,0,0,63839872,8160900,0,2.06,0,16.13,13.71,86.29,0,613.5,0,0,0,0,0,0,0,0,2145125,0,0,0,0,0
27,Tabasco,1996,0,605587.4,144423.6,144423.6,144423.6,0,0,0,0,0,0,0,0,0,461163.8,304968,38165,118030.8,0,0,0,0,0,0,0,0,28983588,14206900,0,2.09,0,4.26,23.85,76.15,0,335.37,0,0,0,0,0,0,0,0,1805722,0,0,0,0,0
28,Tamaulipas,1996,0,1446950,235086.7,235086.7,235086.7,0,0,0,0,0,0,0,0,0,1211863.3,897286,143875.2,170702.1,0,0,0,0,0,0,0,0,68182162,12088000,0,2.12,0,11.97,16.25,83.75,0,554.51,0,0,0,0,0,0,0,0,2609420,0,0,0,0,0
29,Tlaxcala,1996,0,296088.9,83934.3,83934.3,83934.3,0,0,0,0,0,0,0,0,0,212154.6,190946,21208.6,0,0,0,0,0,0,0,0,0,11963921,2159200,0,2.47,0,13.71,28.35,71.65,0,322.19,0,0,0,0,0,0,0,0,918997,0,0,0,0,0
30,Veracruz,1996,0,2721622.8,482180.7,482180.7,482180.7,0,0,0,0,0,0,0,0,0,2239442.1,1719905,140801.6,378735.5,0,0,0,0,0,0,0,0,107729437,27159100,0,2.53,0,10.02,17.72,82.28,0,394.42,0,0,0,0,0,0,0,0,6900286,0,0,0,0,0
31,Yucatán,1996,0,1014734.3,222862.4,222862.4,222862.4,0,0,0,0,0,0,0,0,0,791871.9,719501,70266.9,2104,0,0,0,0,0,0,0,0,29029150,5174300,0,3.5,0,19.61,21.96,78.04,0,631.85,0,0,0,0,0,0,0,0,1605973,0,0,0,0,0
32,Zacatecas,1996,0,500580.6,199627.3,199627.3,199627.3,0,0,0,0,0,0,0,0,0,300953.3,253545,46148.6,1259.7,0,0,0,0,0,0,0,0,18810169,3513100,0,2.66,0,14.25,39.88,60.12,0,364.08,0,0,0,0,0,0,0,0,1374921,0,0,0,0,0
33,No distribuibles,1996,131805066.7,4303404.5,4303404.5,4303404.5,4303404.5,0,0,0,0,0,0,0,0,0,0,0,0,0,0,0,78171380,75616000,0,2555380,0,0,228900502,15928300,0,0,0,0,0,0,0,0,0,0,0,0,0,0,0,0,0,0,0,0,0,0
34,Extranjero,1996,0,0,0,0,0,0,0,0,0,0,0,0,0,0,0,0,0,0,0,0,0,0,0,0,0,0,0,2978000,0,0,0,0,0,0,0,0,0,0,0,0,0,0,0,0,0,0,0,0,0,0
37,Gasto Total,1996,131805066.7,53633686.7,12622221.9,12622221.9,12622221.9,0,0,0,0,0,0,0,0,0,41011464.8,34652310,4468795.1,1890359.7,0,0,78171380,75616000,0,2555380,0,0,2525575029,403449500,5.22,2.12,3.1,13.29,23.53,76.47,1402.1,570.54,0,0,0,0,0,0,0,831.56,94005638,0,0,0,0,0
01,Aguascalientes,1997,0,710954.9,144032.7,144032.7,144032.7,0,0,0,0,0,0,0,0,0,566922.2,523972.9,39906.1,3043.2,0,0,0,0,0,0,0,0,33167680,5254700,0,2.14,0,13.53,20.26,79.74,0,779.12,0,0,0,0,0,0,0,0,912513,0,0,0,0,0
02,Baja California,1997,0,1826137.8,238063,238063,238063,0,0,0,0,0,0,0,0,0,1588074.8,1463311.5,114970.1,9793.2,0,0,0,0,0,0,0,0,97637698,9275100,0,1.87,0,19.69,13.04,86.96,0,804.74,0,0,0,0,0,0,0,0,2269215,0,0,0,0,0
03,Baja California Sur,1997,0,552182,127299.9,127299.9,127299.9,0,0,0,0,0,0,0,0,0,424882.1,346371,76340.7,2170.4,0,0,0,0,0,0,0,0,15887211,3508600,0,3.48,0,15.74,23.05,76.95,0,1379.07,0,0,0,0,0,0,0,0,400401,0,0,0,0,0
04,Campeche,1997,0,562468.7,158534.7,158534.7,158534.7,0,0,0,0,0,0,0,0,0,403934,275832.1,46816.5,81285.4,0,0,0,0,0,0,0,0,35335688,10442100,0,1.59,0,5.39,28.19,71.81,0,838.14,0,0,0,0,0,0,0,0,671088,0,0,0,0,0
05,Coahuila,1997,0,2099543.8,203331.4,203331.4,203331.4,0,0,0,0,0,0,0,0,0,1896212.4,1762739.1,123707.6,9765.7,0,0,0,0,0,0,0,0,98652033,11979500,0,2.13,0,17.53,9.68,90.32,0,928.92,0,0,0,0,0,0,0,0,2260205,0,0,0,0,0
06,Colima,1997,0,463648,118429.7,118429.7,118429.7,0,0,0,0,0,0,0,0,0,345218.3,299855,40938.2,4425.1,0,0,0,0,0,0,0,0,15185715,4944500,0,3.05,0,9.38,25.54,74.46,0,897.28,0,0,0,0,0,0,0,0,516728,0,0,0,0,0
07,Chiapas,1997,0,1182044.1,547140.9,547140.9,547140.9,0,0,0,0,0,0,0,0,0,634903.2,505602.4,107125.7,22175.1,0,0,0,0,0,0,0,0,49340617,17123300,0,2.4,0,6.9,46.29,53.71,0,313.54,0,0,0,0,0,0,0,0,3770015,0,0,0,0,0
08,Chihuahua,1997,0,2116632,252863,252863,252863,0,0,0,0,0,0,0,0,0,1863769,1706409.7,133690.1,23669.2,0,0,0,0,0,0,0,0,121773205,11674600,0,1.74,0,18.13,11.95,88.05,0,720.99,0,0,0,0,0,0,0,0,2935733,0,0,0,0,0
09,Ciudad de México,1997,0,17346711.5,1235577.3,1235577.3,1235577.3,0,0,0,0,0,0,0,0,0,16111134.2,12385700.5,3081561,643872.7,0,0,0,0,0,0,0,0,643559406,130074600,0,2.7,0,13.34,7.12,92.88,0,2003.75,0,0,0,0,0,0,0,0,8657116,0,0,0,0,0
10,Durango,1997,0,985152.8,218218.7,218218.7,218218.7,0,0,0,0,0,0,0,0,0,766934.1,660319.2,95808.2,10806.7,0,0,0,0,0,0,0,0,37498620,9757700,0,2.63,0,10.1,22.15,77.85,0,669.22,0,0,0,0,0,0,0,0,1472087,0,0,0,0,0
11,Guanajuato,1997,0,2055306.2,370333.3,370333.3,370333.3,0,0,0,0,0,0,0,0,0,1684972.9,1418639.6,143467,122866.3,0,0,0,0,0,0,0,0,101384801,11856400,0,2.03,0,17.33,18.02,81.98,0,446.87,0,0,0,0,0,0,0,0,4599386,0,0,0,0,0
12,Guerrero,1997,0,1358378.1,555696.1,555696.1,555696.1,0,0,0,0,0,0,0,0,0,802682,654507.2,144659.8,3515,0,0,0,0,0,0,0,0,47294010,11316100,0,2.87,0,12,40.91,59.09,0,446.51,0,0,0,0,0,0,0,0,3042180,0,0,0,0,0
13,Hidalgo,1997,0,922853,302579.7,302579.7,302579.7,0,0,0,0,0,0,0,0,0,620273.3,487747.8,67394,65131.5,0,0,0,0,0,0,0,0,38715598,10752600,0,2.38,0,8.58,32.79,67.21,0,417.21,0,0,0,0,0,0,0,0,2211983,0,0,0,0,0
14,Jalisco,1997,0,4030263,597564.4,597564.4,597564.4,0,0,0,0,0,0,0,0,0,3432698.6,3262830.3,150845,19023.3,0,0,0,0,0,0,0,0,181786912,17495600,0,2.22,0,23.04,14.83,85.17,0,642.56,0,0,0,0,0,0,0,0,6272206,0,0,0,0,0
15,México,1997,0,4628363.5,1126715.9,1126715.9,1126715.9,0,0,0,0,0,0,0,0,0,3501647.6,3355734.8,128794.7,17118.1,0,0,0,0,0,0,0,0,299227100,23281200,0,1.55,0,19.88,24.34,75.66,0,371.91,0,0,0,0,0,0,0,0,12444946,0,0,0,0,0
16,Michoacán,1997,0,1421956.8,393675.2,393675.2,393675.2,0,0,0,0,0,0,0,0,0,1028281.6,864405.6,155747.7,8128.3,0,0,0,0,0,0,0,0,69071547,9940500,0,2.06,0,14.3,27.69,72.31,0,353.08,0,0,0,0,0,0,0,0,4027303,0,0,0,0,0
17,Morelos,1997,0,894163.7,195393.8,195393.8,195393.8,0,0,0,0,0,0,0,0,0,698769.9,609401.6,84257.3,5111,0,0,0,0,0,0,0,0,38167856,5442100,0,2.34,0,16.43,21.85,78.15,0,591.19,0,0,0,0,0,0,0,0,1512484,0,0,0,0,0
18,Nayarit,1997,0,613024,150334.8,150334.8,150334.8,0,0,0,0,0,0,0,0,0,462689.2,401971,59523.6,1194.6,0,0,0,0,0,0,0,0,15885033,3818600,0,3.86,0,16.05,24.52,75.48,0,663.63,0,0,0,0,0,0,0,0,923738,0,0,0,0,0
19,Nuevo León,1997,0,3685770,345789.7,345789.7,345789.7,0,0,0,0,0,0,0,0,0,3339980.3,3063892.2,169160,106928.1,0,0,0,0,0,0,0,0,193251261,16866600,0,1.91,0,21.85,9.38,90.62,0,989.51,0,0,0,0,0,0,0,0,3724841,0,0,0,0,0
20,Oaxaca,1997,0,1065142.6,430808.6,430808.6,430808.6,0,0,0,0,0,0,0,0,0,634334,434979.1,129909,69445.9,0,0,0,0,0,0,0,0,43584479,11683700,0,2.44,0,9.12,40.45,59.55,0,314.51,0,0,0,0,0,0,0,0,3386687,0,0,0,0,0
21,Puebla,1997,0,1895213.8,390609.1,390609.1,390609.1,0,0,0,0,0,0,0,0,0,1504604.7,1357382,105977,41245.7,0,0,0,0,0,0,0,0,101479189,10681100,0,1.87,0,17.74,20.61,79.39,0,383.99,0,0,0,0,0,0,0,0,4935582,0,0,0,0,0
22,Querétaro,1997,0,777560.8,183304.6,183304.6,183304.6,0,0,0,0,0,0,0,0,0,594256.2,541141.9,46470.4,6643.9,0,0,0,0,0,0,0,0,48780733,4906900,0,1.59,0,15.85,23.57,76.43,0,582.58,0,0,0,0,0,0,0,0,1334679,0,0,0,0,0
23,Quintana Roo,1997,0,639866.9,166199.9,166199.9,166199.9,0,0,0,0,0,0,0,0,0,473667,425685.9,47981.1,0,0,0,0,0,0,0,0,0,36374165,3813200,0,1.76,0,16.78,25.97,74.03,0,819.69,0,0,0,0,0,0,0,0,780619,0,0,0,0,0
24,San Luis Potosí,1997,0,1027048.2,213246.5,213246.5,213246.5,0,0,0,0,0,0,0,0,0,813801.7,695029,81612.8,37159.9,0,0,0,0,0,0,0,0,50553418,7490000,0,2.03,0,13.71,20.76,79.24,0,447.97,0,0,0,0,0,0,0,0,2292648,0,0,0,0,0
25,Sinaloa,1997,0,1705474,262996,262996,262996,0,0,0,0,0,0,0,0,0,1442478,1277944.3,148454,16079.7,0,0,0,0,0,0,0,0,57307500,14365800,0,2.98,0,11.87,15.42,84.58,0,678.1,0,0,0,0,0,0,0,0,2515070,0,0,0,0,0
26,Sonora,1997,0,1859445,312313.6,312313.6,312313.6,0,0,0,0,0,0,0,0,0,1547131.4,1397667.4,132972.7,16491.3,0,0,0,0,0,0,0,0,79343206,11540000,0,2.34,0,16.11,16.8,83.2,0,854.27,0,0,0,0,0,0,0,0,2176654,0,0,0,0,0
27,Tabasco,1997,0,1026047.9,264500.2,264500.2,264500.2,0,0,0,0,0,0,0,0,0,761547.7,413643.8,58066.4,289837.5,0,0,0,0,0,0,0,0,35774752,17234500,0,2.87,0,5.95,25.78,74.22,0,557.64,0,0,0,0,0,0,0,0,1839997,0,0,0,0,0
28,Tamaulipas,1997,0,2042665.2,347637.3,347637.3,347637.3,0,0,0,0,0,0,0,0,0,1695027.9,1188189,188888.8,317950.1,0,0,0,0,0,0,0,0,83673639,15828800,0,2.44,0,12.9,17.02,82.98,0,767.56,0,0,0,0,0,0,0,0,2661234,0,0,0,0,0
29,Tlaxcala,1997,0,431746.3,133980.3,133980.3,133980.3,0,0,0,0,0,0,0,0,0,297766,267524.3,29427.1,814.6,0,0,0,0,0,0,0,0,15194889,3196600,0,2.84,0,13.51,31.03,68.97,0,460.2,0,0,0,0,0,0,0,0,938173,0,0,0,0,0
30,Veracruz,1997,0,3570496.4,528098.1,528098.1,528098.1,0,0,0,0,0,0,0,0,0,3042398.3,2311519.2,182540.8,548338.3,0,0,0,0,0,0,0,0,128771328,36503800,0,2.77,0,9.78,14.79,85.21,0,514.14,0,0,0,0,0,0,0,0,6944547,0,0,0,0,0
31,Yucatán,1997,0,1295461.7,228106.5,228106.5,228106.5,0,0,0,0,0,0,0,0,0,1067355.2,963687.1,93563,10105.1,0,0,0,0,0,0,0,0,36895171,7369200,0,3.51,0,17.58,17.61,82.39,0,794.74,0,0,0,0,0,0,0,0,1630052,0,0,0,0,0
32,Zacatecas,1997,0,560716.5,154049.7,154049.7,154049.7,0,0,0,0,0,0,0,0,0,406666.8,344908.4,59906.2,1852.2,0,0,0,0,0,0,0,0,22718531,4574400,0,2.47,0,12.26,27.47,72.53,0,406.93,0,0,0,0,0,0,0,0,1377909,0,0,0,0,0
33,No distribuibles,1997,170924177,9389142.8,9389142.8,9389142.8,9389142.8,0,0,0,0,0,0,0,0,0,0,0,0,0,0,0,96182595,92470000,0,3712595,0,0,301002226,50362900,0,0,0,0,0,0,0,0,0,0,0,0,0,0,0,0,0,0,0,0,0,0
34,Extranjero,1997,0,0,0,0,0,0,0,0,0,0,0,0,0,0,0,0,0,0,0,0,0,0,0,0,0,0,0,3768600,0,0,0,0,0,0,0,0,0,0,0,0,0,0,0,0,0,0,0,0,0,0
37,Gasto Total,1997,170924177,74741582,20286567.4,20286567.4,20286567.4,0,0,0,0,0,0,0,0,0,54455014.6,45668544.9,6270482.6,2515987.1,0,0,96182595,92470000,0,3712595,0,0,3174275217,528123900,5.38,2.35,3.03,14.15,27.14,72.86,1790.94,783.14,0,0,0,0,0,0,0,1007.8,95438019,0,0,0,0,0
01,Aguascalientes,1998,0,951249.6,205700,205700,0,0,205700,0,0,0,0,0,0,0,745549.6,684450.9,55476.8,5621.9,0,0,0,0,0,11115.02,0,0,41010009,7256000,0,2.32,0,13.11,21.62,78.38,0,1021.74,0,0,0,0,0,0,0,0,931005,0,0,0,0,0
02,Baja California,1998,0,2325726,325200,325200,0,0,325200,0,0,0,0,0,0,0,2000526,1861387.6,127145.3,11993.1,0,0,0,0,0,68518.77,0,0,119420226,12062000,0,1.95,0,19.28,13.98,86.02,0,991.42,0,0,0,0,0,0,0,0,2345846,0,0,0,0,0
03,Baja California Sur,1998,0,745521.6,214300,214300,0,0,214300,0,0,0,0,0,0,0,531221.6,439837.3,89334.5,2049.8,0,0,0,0,0,3939.12,0,0,19223653,4323700,0,3.88,0,17.24,28.74,71.26,0,1811.05,0,0,0,0,0,0,0,0,411652,0,0,0,0,0
04,Campeche,1998,0,745131.1,219897.7,219897.7,8497.7,0,211400,0,0,0,0,0,0,0,525233.4,359369.3,49016.4,116847.7,0,0,0,0,0,1504.03,0,0,38109993,15490600,0,1.96,0,4.81,29.51,70.49,0,1092.71,0,0,0,0,0,0,0,0,681912,0,0,0,0,0
05,Coahuila,1998,0,2732040.1,288600,288600,0,0,288600,0,0,0,0,0,0,0,2443440.1,2293597.2,137956.2,11886.7,0,0,0,0,0,63888.99,0,0,121394373,14817100,0,2.25,0,18.44,10.56,89.44,0,1194.06,0,0,0,0,0,0,0,0,2288021,0,0,0,0,0
06,Colima,1998,0,621753.3,190000,190000,0,0,190000,0,0,0,0,0,0,0,431753.3,376158.5,50515.4,5079.4,0,0,0,0,0,4768.27,0,0,19265938,5713800,0,3.23,0,10.88,30.56,69.44,0,1179.46,0,0,0,0,0,0,0,0,527152,0,0,0,0,0
07,Chiapas,1998,0,1587412,783390.5,783390.5,86290.5,0,697100,0,0,0,0,0,0,0,804021.5,650696.9,126200.7,27123.9,0,0,0,0,0,4984.73,0,0,59339042,19520600,0,2.68,0,8.13,49.35,50.65,0,412.87,0,0,0,0,0,0,0,0,3844853,0,0,0,0,0
08,Chihuahua,1998,0,2764746.2,399111.9,399111.9,36611.9,0,362500,0,0,0,0,0,0,0,2365634.3,2188900.6,148180.5,28553.2,0,0,0,0,0,178422.24,0,0,152233292,13572100,0,1.82,0,20.37,14.44,85.56,0,924.65,0,0,0,0,0,0,0,0,2990037,0,0,0,0,0
09,Ciudad de México,1998,0,20753376.7,899400,899400,0,0,899400,0,0,0,0,0,0,0,19853976.7,15012246,4081437,760293.7,0,0,0,0,0,2361918.95,0,0,786584495,173647500,0,2.64,0,11.95,4.33,95.67,0,2392.41,0,0,0,0,0,0,0,0,8674660,0,0,0,0,0
10,Durango,1998,0,1246845.3,316653.2,316653.2,15753.2,0,300900,0,0,0,0,0,0,0,930192.1,802371.7,113056.6,14763.8,0,0,0,0,0,7684.88,0,0,46207498,8424300,0,2.7,0,14.8,25.4,74.6,0,846.28,0,0,0,0,0,0,0,0,1473323,0,0,0,0,0
11,Guanajuato,1998,0,2718953.6,524480.4,524480.4,8980.4,0,515500,0,0,0,0,0,0,0,2194473.2,1869522.6,175909.6,149041,0,0,0,0,0,38342.23,0,0,124416888,15150100,0,2.19,0,17.95,19.29,80.71,0,583.94,0,0,0,0,0,0,0,0,4656208,0,0,0,0,0
12,Guerrero,1998,0,1769742,771032.7,771032.7,46232.7,0,724800,0,0,0,0,0,0,0,998709.3,818164.6,176954.6,3590.1,0,0,0,0,0,6058.89,0,0,59032757,13792200,0,3,0,12.83,43.57,56.43,0,574.75,0,0,0,0,0,0,0,0,3079168,0,0,0,0,0
13,Hidalgo,1998,0,1256095.1,442316.3,442316.3,57616.3,0,384700,0,0,0,0,0,0,0,813778.8,645775.9,89103.8,78899.1,0,0,0,0,0,8979.85,0,0,48510152,13137000,0,2.59,0,9.56,35.21,64.79,0,560.6,0,0,0,0,0,0,0,0,2240644,0,0,0,0,0
14,Jalisco,1998,0,5209537.6,835000,835000,0,0,835000,0,0,0,0,0,0,0,4374537.6,4163320.2,191723.6,19493.8,0,0,0,0,0,231699.38,0,0,227495077,19693100,0,2.29,0,26.45,16.03,83.97,0,822.13,0,0,0,0,0,0,0,0,6336617,0,0,0,0,0
15,México,1998,0,6204703.9,1565347.5,1565347.5,30447.5,0,1534900,0,0,0,0,0,0,0,4639356.4,4487549.9,136584,15222.5,0,0,0,0,0,259145.1,0,0,362431863,29462000,0,1.71,0,21.06,25.23,74.77,0,486.66,0,0,0,0,0,0,0,0,12749519,0,0,0,0,0
16,Michoacán,1998,0,1820805.5,519729.8,519729.8,19329.8,0,500400,0,0,0,0,0,0,0,1301075.7,1111347.9,181504.6,8223.2,0,0,0,0,0,18458.67,0,0,81329056,12689900,0,2.24,0,14.35,28.54,71.46,0,450.08,0,0,0,0,0,0,0,0,4045551,0,0,0,0,0
17,Morelos,1998,0,1194651,269600,269600,0,0,269600,0,0,0,0,0,0,0,925051,789516.2,129882.3,5652.5,0,0,0,0,0,26240.24,0,0,48662965,6598800,0,2.45,0,18.1,22.57,77.43,0,778.07,0,0,0,0,0,0,0,0,1535406,0,0,0,0,0
18,Nayarit,1998,0,820778.9,217703.8,217703.8,9203.8,0,208500,0,0,0,0,0,0,0,603075.1,528403.1,72863.1,1808.9,0,0,0,0,0,2551.23,0,0,19743939,4423400,0,4.16,0,18.56,26.52,73.48,0,884.17,0,0,0,0,0,0,0,0,928305,0,0,0,0,0
19,Nuevo León,1998,0,4661764.7,453500,453500,0,0,453500,0,0,0,0,0,0,0,4208264.7,3879031.3,200551.7,128681.7,0,0,0,0,0,633970.23,0,0,240613248,18841800,0,1.94,0,24.74,9.73,90.27,0,1231.16,0,0,0,0,0,0,0,0,3786472,0,0,0,0,0
20,Oaxaca,1998,0,1416346.7,605453.6,605453.6,70753.6,0,534700,0,0,0,0,0,0,0,810893.1,569254.2,148424.6,93214.3,0,0,0,0,0,3722.04,0,0,51939795,14240900,0,2.73,0,9.95,42.75,57.25,0,412.16,0,0,0,0,0,0,0,0,3436406,0,0,0,0,0
21,Puebla,1998,0,2488082.9,543791.5,543791.5,79491.5,0,464300,0,0,0,0,0,0,0,1944291.4,1762462.6,139395.4,42433.4,0,0,0,0,0,59897.4,0,0,129119652,14086200,0,1.93,0,17.66,21.86,78.14,0,494.34,0,0,0,0,0,0,0,0,5033125,0,0,0,0,0
22,Querétaro,1998,0,1033180.5,256338.9,256338.9,14638.9,0,241700,0,0,0,0,0,0,0,776841.6,707395.6,62647.8,6798.2,0,0,0,0,0,41884.89,0,0,62127245,6057500,0,1.66,0,17.06,24.81,75.19,0,753.77,0,0,0,0,0,0,0,0,1370676,0,0,0,0,0
23,Quintana Roo,1998,0,803427.9,210800,210800,0,0,210800,0,0,0,0,0,0,0,592627.9,539069.9,53558,0,0,0,0,0,0,17279.52,0,0,46707476,4317400,0,1.72,0,18.61,26.24,73.76,0,979.19,0,0,0,0,0,0,0,0,820503,0,0,0,0,0
24,San Luis Potosí,1998,0,1340360.8,308519.4,308519.4,28019.4,0,280500,0,0,0,0,0,0,0,1031841.4,884894.5,104534.1,42412.8,0,0,0,0,0,17086.34,0,0,61374141,8858600,0,2.18,0,15.13,23.02,76.98,0,579.21,0,0,0,0,0,0,0,0,2314108,0,0,0,0,0
25,Sinaloa,1998,0,2189587.8,360859.6,360859.6,15559.6,0,345300,0,0,0,0,0,0,0,1828728.2,1611250.1,202225.7,15252.4,0,0,0,0,0,23267.34,0,0,67857845,15282600,0,3.23,0,14.33,16.48,83.52,0,862.29,0,0,0,0,0,0,0,0,2539262,0,0,0,0,0
26,Sonora,1998,0,2339986.1,432300,432300,0,0,432300,0,0,0,0,0,0,0,1907686.1,1748973.4,138895.6,19817.1,0,0,0,0,0,174760.39,0,0,95724203,13241000,0,2.44,0,17.67,18.47,81.53,0,1061,0,0,0,0,0,0,0,0,2205454,0,0,0,0,0
27,Tabasco,1998,0,1323977.7,376600,376600,0,0,376600,0,0,0,0,0,0,0,947377.7,524345.7,68033.6,354998.4,0,0,0,0,0,7927.05,0,0,42030856,18621700,0,3.15,0,7.11,28.44,71.56,0,706.91,0,0,0,0,0,0,0,0,1872907,0,0,0,0,0
28,Tamaulipas,1998,0,2585015.8,501000,501000,0,0,501000,0,0,0,0,0,0,0,2084015.8,1508817.3,212120.4,363078.1,0,0,0,0,0,59711.54,0,0,104218532,18785800,0,2.48,0,13.76,19.38,80.62,0,953.61,0,0,0,0,0,0,0,0,2710773,0,0,0,0,0
29,Tlaxcala,1998,0,550284,179200,179200,0,0,179200,0,0,0,0,0,0,0,371084,333623.1,37460.9,0,0,0,0,0,0,2292.67,0,0,18281065,3386300,0,3.01,0,16.25,32.57,67.43,0,575.22,0,0,0,0,0,0,0,0,956645,0,0,0,0,0
30,Veracruz,1998,0,4526049.7,721608.5,721608.5,71008.5,0,650600,0,0,0,0,0,0,0,3804441.2,2912693.9,211101.6,680645.7,0,0,0,0,0,22166.79,0,0,148948997,42938500,0,3.04,0,10.54,15.94,84.06,0,648.4,0,0,0,0,0,0,0,0,6980346,0,0,0,0,0
31,Yucatán,1998,0,1699514.1,321119.2,321119.2,17719.2,0,303400,0,0,0,0,0,0,0,1378394.9,1251599.5,105989.4,20806,0,0,0,0,0,151702.01,0,0,46043325,9476600,0,3.69,0,17.93,18.89,81.11,0,1028.11,0,0,0,0,0,0,0,0,1653043,0,0,0,0,0
32,Zacatecas,1998,0,743204.6,218032.4,218032.4,14032.4,0,204000,0,0,0,0,0,0,0,525172.2,450916.8,70354.6,3900.8,0,0,0,0,0,1774.55,0,0,28384265,5574900,0,2.62,0,13.33,29.34,70.66,0,538.72,0,0,0,0,0,0,0,0,1379584,0,0,0,0,0
33,No distribuibles,1998,217714287.7,11741771.5,11741771.5,11741771.5,11741771.5,0,0,0,0,0,0,0,0,0,0,0,0,0,0,0,122802663.4,118287000,0,0,0,0,328568021,13421200,0,0,0,0,0,0,0,0,0,0,0,0,0,0,0,0,0,0,0,0,0,0
34,Extranjero,1998,0,0,0,0,0,0,0,0,0,0,0,0,0,0,0,0,0,0,0,0,0,0,0,0,0,0,0,3677800,0,0,0,0,0,0,0,0,0,0,0,0,0,0,0,0,0,0,0,0,0,0
37,Gasto Total,1998,217714287.7,94911624.3,26218358.4,26218358.4,12371958.4,0,13846400,0,0,0,0,0,0,0,68693265.9,57766944.3,7888138.4,3038183.2,0,0,122802663.4,118287000,0,4515663.35,0,0,3846349882,600583000,5.66,2.47,3.19,15.8,27.62,72.38,2249.13,980.5,0,0,0,0,0,0,0,1268.63,96799183,0,0,0,0,0
01,Aguascalientes,1999,0,1360395.94,365663.64,278336.2,0,0,278336.2,0,0,0,0,0,0,87327.44,994732.3,922052.2,68359.5,4320.6,0,0,0,0,0,21743.89,0,0,49265221,9059000,0,2.76,0,15.02,26.88,73.12,0,1433.81,1076.28,819.24,257.04,1642.37,1473.14,679.48,8572.62,0,948799,605670,339748,625909,100605,504
02,Baja California,1999,0,3056911.93,459431.13,437404.5,33644,0,403760.5,0,0,0,0,0,0,22026.63,2597480.8,2406516.4,177052.6,13911.8,0,0,0,0,0,95291.81,0,0,148317734,15862200,0,2.06,0,19.27,15.03,84.97,0,1262.33,580.09,552.27,27.81,1717.51,1410.14,1398.04,9522.11,0,2421642,1512351,792006,1706574,126643,1461
03,Baja California Sur,1999,0,926342.06,219823.86,211287.9,0,0,211287.9,0,0,0,0,0,0,8535.96,706518.2,561221.3,143151.7,2145.2,0,0,0,0,0,3940.93,0,0,22963034,4893300,0,4.03,0,18.93,23.73,76.27,0,2191.24,1717.4,1650.71,66.69,2397.18,2286.35,1723.87,6831.85,0,422747,294729,127998,245466,83041,314
04,Campeche,1999,0,1011039.89,371500.99,326597.9,50974.2,0,275623.7,0,0,0,0,0,0,44903.09,639538.9,435506,70683.1,133349.8,0,0,0,0,0,1611.64,0,0,48692178,13453700,0,2.08,0,7.51,36.74,63.26,0,1460.34,1012.46,890.08,122.38,1944.3,1411.1,917.84,7217.07,0,692332,328930,366929,308629,77010,18477
05,Coahuila,1999,0,3440502.5,501197.2,455713.2,92713.1,0,363000.1,0,0,0,0,0,0,45484,2939305.3,2737514.5,190374.7,11416.1,0,0,0,0,0,68229.71,0,0,140323030,17530500,0,2.45,0,19.63,14.57,85.43,0,1487.04,978.79,889.96,88.83,1639.33,1464.14,808.89,11613.53,0,2313666,1792988,512058,1869704,235352,983
06,Colima,1999,0,848836.22,235417.42,228899.1,0,0,228899.1,0,0,0,0,0,0,6518.32,613418.8,538445.4,68786.8,6186.6,0,0,0,0,0,5084.26,0,0,23731874,6403900,0,3.58,0,13.25,27.73,72.27,0,1580.26,1140.53,1108.95,31.58,1967.15,1984.45,1122.77,6851.16,0,537149,311831,206411,271332,61265,903
07,Chiapas,1999,0,2441336.08,1427101.58,1400488,544253.9,0,856234.1,0,0,0,0,0,0,26613.58,1014234.5,807610.1,171079,35545.4,0,0,0,0,0,5800.43,0,0,68701244,22986600,0,3.55,0,10.62,58.46,41.54,0,623.06,470.52,461.75,8.77,1106.24,1269.43,730.13,3433.34,0,3918320,916828,3033009,636198,234313,10353
08,Chihuahua,1999,0,3823958,870604.4,665683.4,183879.6,0,481803.8,0,0,0,0,0,0,204921,2953353.6,2722086.5,197740.3,33526.8,0,0,0,0,0,217950.77,0,0,184824812,17058600,0,2.07,0,22.42,22.77,77.23,0,1257.02,821.44,628.09,193.35,1520.09,1215.23,814.41,15302.05,0,3042094,1942878,1059849,2239980,242802,2191
09,Ciudad de México,1999,0,27886258.8,3229086.5,1341208.2,182354.4,0,1158853.8,0,0,0,0,0,0,1887878.3,24657172.3,17933325.2,5849837.3,874009.8,0,0,0,0,0,2905008.56,0,0,943877141,211347000,0,2.95,0,13.19,11.58,88.42,0,3211.73,1040.6,432.22,608.38,4440.29,2569.41,1922.59,12121.18,0,8682629,5553057,3103103,6979553,3042691,72106
10,Durango,1999,0,1710741.81,549350.31,545162,158840.4,0,386321.6,0,0,0,0,0,0,4188.31,1161391.5,1005803.1,144869.8,10718.6,0,0,0,0,0,9386.39,0,0,52378658,9605000,0,3.27,0,17.81,32.11,67.89,0,1161.3,886.49,879.73,6.76,1382.19,1347.3,551.67,10406.41,0,1473129,840256,619692,746530,262600,1030
11,Guanajuato,1999,0,3469195.73,823340.03,686987.6,12750.4,0,674237.2,0,0,0,0,0,0,136352.43,2645855.7,2303008,150366,192481.7,0,0,0,0,0,53677.57,0,0,145166585,18581200,0,2.39,0,18.67,23.73,76.27,0,736.72,300.73,250.93,49.8,1343.23,1160.58,450.89,6030.88,0,4708955,1969777,2737818,1984357,333487,31916
12,Guerrero,1999,0,2183771.9,1026269.6,990403.2,48070.7,0,942332.5,0,0,0,0,0,0,35866.4,1157502.3,940027,213381.7,4093.6,0,0,0,0,0,6219.68,0,0,72637446,17086800,0,3.01,0,12.78,47,53,0,701.32,456.85,440.88,15.97,1339.41,1466.32,524.31,5072.61,0,3113782,864186,2246414,641081,406978,807
13,Hidalgo,1999,0,1837959.81,842068.71,814657.5,306162.8,0,508494.7,0,0,0,0,0,0,27411.21,995891.1,790045.3,109503.1,96342.7,0,0,0,0,0,8875.94,0,0,57125722,14996900,0,3.22,0,12.26,45.82,54.18,0,810.78,580.21,561.32,18.89,1233.87,1253.91,561.2,5534.07,0,2266912,807125,1451315,630065,195124,17409
14,Jalisco,1999,0,7263185.13,1966610.03,1146640.9,9518.6,0,1137122.3,0,0,0,0,0,0,819969.13,5296575.1,5196879.6,76926.4,22769.1,0,0,0,0,0,340872.82,0,0,273261109,24929400,0,2.66,0,29.14,27.08,72.92,0,1135.55,668.41,389.72,278.69,1561.89,1453.05,251.25,7577.07,0,6396158,3391128,2942241,3576536,306179,3005
15,México,1999,0,7927756.5,2300404.9,2219532.5,38888.4,0,2180644.1,0,0,0,0,0,0,80872.4,5627351.6,5402576.6,196446.5,28328.5,0,0,0,0,0,291842.85,0,0,426241731,38673900,0,1.86,0,20.5,29.02,70.98,0,607.46,368.9,355.93,12.97,881.26,1422.82,268.42,1609.21,0,13050738,6385559,6235868,3797097,731856,17604
16,Michoacán,1999,0,2629433.28,946356.68,921028.1,253981.9,0,667046.2,0,0,0,0,0,0,25328.58,1683076.6,1428436.1,243396.7,11243.8,0,0,0,0,0,23812.4,0,0,101532814,16663900,0,2.59,0,15.78,35.99,64.01,0,647.66,350.79,341.4,9.39,1260.96,1310.82,728.87,5927.15,0,4059880,1334758,2697821,1089729,333937,1897
17,Morelos,1999,0,1610374.52,424961.32,342762.5,0,0,342762.5,0,0,0,0,0,0,82198.82,1185413.2,1007953.2,170692.3,6767.7,0,0,0,0,0,26819.34,0,0,57815044,8604600,0,2.79,0,18.72,26.39,73.61,0,1034.56,512.79,413.6,99.19,1710.74,1715.22,1058.65,6998.66,0,1556573,692924,828723,587654,161236,967
18,Nayarit,1999,0,1071662.21,340362.81,337296.2,73070,0,264226.2,0,0,0,0,0,0,3066.61,731299.4,630636.4,98895.8,1767.2,0,0,0,0,0,2969.74,0,0,23692277,5486800,0,4.52,0,19.53,31.76,68.24,0,1149.8,736.22,729.58,6.63,1563.1,1597.84,768.46,5682.32,0,932044,467852,462313,394681,128693,311
19,Nuevo León,1999,0,5654487.33,641361.93,569355.6,0,0,569355.6,0,0,0,0,0,0,72006.33,5013125.4,4725313.2,143477.6,144334.6,0,0,0,0,0,888305.24,0,0,286750047,22566400,0,1.97,0,25.06,11.34,88.66,0,1470.82,626.59,556.24,70.35,1790.83,1599.19,768.81,7569.07,0,3844444,2799335,1023581,2954815,186622,19069
20,Oaxaca,1999,0,2174153.53,1235738.13,1217952.6,519578.7,0,698373.9,0,0,0,0,0,0,17785.53,938415.4,738210.1,100289.2,99916.1,0,0,0,0,0,4371.96,0,0,62767315,18504100,0,3.46,0,11.75,56.84,43.16,0,623.94,493.67,486.57,7.11,945.77,1225.44,340.2,4277.23,0,3484568,992227,2503148,602403,294794,23360
21,Puebla,1999,0,3476516.76,1142376.46,1022570.8,414706.1,0,607864.7,0,0,0,0,0,0,119805.66,2334140.3,2211309.3,68353.4,54477.6,0,0,0,0,0,118082.32,0,0,163274576,19133400,0,2.13,0,18.17,32.86,67.14,0,678.09,341.85,306,35.85,1414.73,1275.09,245.89,4910.1,0,5126942,1649883,3341776,1734241,277983,11095
22,Querétaro,1999,0,1304690.85,362961.25,344516.7,16969.2,0,327547.5,0,0,0,0,0,0,18444.55,941729.6,856034.4,78343.4,7351.8,0,0,0,0,0,54398.21,0,0,73262930,8728500,0,1.78,0,14.95,27.82,72.18,0,927.61,559.65,531.21,28.44,1249.09,967.8,782.17,3563.65,0,1406504,753931,648549,884520,100162,2063
23,Quintana Roo,1999,0,1151990.71,346668.91,299536.9,0,0,299536.9,0,0,0,0,0,0,47132.01,805321.8,726533,78788.8,0,0,0,0,0,0,17279.14,0,0,56899489,5219400,0,2.02,0,22.07,30.09,69.91,0,1338.92,910.02,786.3,123.72,1682.22,1460.69,958.5,0,0,860391,478726,380946,497391,82200,0
24,San Luis Potosí,1999,0,1965374.28,627777.98,576464.7,210994.8,0,365469.9,0,0,0,0,0,0,51313.28,1337596.3,1158748,127085.1,51763.2,0,0,0,0,0,30007.11,0,0,71570530,11197000,0,2.75,0,17.55,31.94,68.06,0,842.37,485.8,446.09,39.71,1299.12,1232.81,574.43,10714.8,0,2333161,1029619,1292260,939927,221237,4831
25,Sinaloa,1999,0,2782417.57,667853.37,545150,114358.4,0,430791.6,0,0,0,0,0,0,122703.37,2114564.2,1946351.9,148155,20057.3,0,0,0,0,0,29389.46,0,0,79188306,15737200,0,3.51,0,17.68,24,76,0,1086.68,722.02,589.36,132.65,1287.63,1563.53,518.92,7699.54,0,2560470,1642212,924985,1244847,285509,2605
26,Sonora,1999,0,3215108.98,878698.88,543106.3,0,0,543106.3,0,0,0,0,0,0,335592.58,2336410.1,2136371.1,176345.8,23693.2,0,0,0,0,0,158910.05,0,0,111617786,15525100,0,2.88,0,20.71,27.33,72.67,0,1440.6,1192.41,737.01,455.41,1566.85,1691.71,904.75,8410.79,0,2231783,1491150,736909,1262850,194911,2817
27,Tabasco,1999,0,2588966.74,1207041.54,561138,40590,0,520548,0,0,0,0,0,0,645903.54,1381925.2,810352.6,122997,448575.6,0,0,0,0,0,9287.67,0,0,51198668,17436900,0,5.06,0,14.85,46.62,53.38,0,1359.23,1029,478.37,550.63,1874.95,1687.44,888.28,5265.4,0,1904727,737048,1173021,480227,138466,85193
28,Tamaulipas,1999,0,3479703.85,886405.85,753833.3,85585.3,0,668248,0,0,0,0,0,0,132572.55,2593298,1875483.3,266538,451276.7,0,0,0,0,0,66382.41,0,0,128040058,22188600,0,2.72,0,15.68,25.47,74.53,0,1261.69,811.57,690.19,121.38,1555.66,1091.88,867.12,5581.1,0,2757976,1667012,1092212,1717659,307383,80858
29,Tlaxcala,1999,0,779303.12,247206.12,235295.7,0,0,235295.7,0,0,0,0,0,0,11910.42,532097,479471.6,52011.3,614.1,0,0,0,0,0,4183.49,0,0,22020073,4133100,0,3.54,0,18.86,31.72,68.28,0,799.77,419.79,399.56,20.23,1405.64,1480.12,563.9,1866.57,0,974408,378544,588881,323942,92235,329
30,Veracruz,1999,0,6595281.94,1836595.64,1468200.6,568860.7,0,899339.9,0,0,0,0,0,0,368395.04,4758686.3,3683196.2,293204.9,782285.2,0,0,0,0,0,25828.34,0,0,172537100,49229600,0,3.82,0,13.4,27.85,72.15,0,941.12,432.61,345.84,86.78,1743.09,1612.39,738.27,4203.91,0,7007884,2730023,4245362,2284306,397151,186085
31,Yucatán,1999,0,2162902.57,578063.97,547550.5,150427.5,0,397123,0,0,0,0,0,0,30513.47,1584838.6,1550085,21350.1,13403.5,0,0,0,0,0,58436.41,0,0,56750579,11285900,0,3.81,0,19.16,26.73,73.27,0,1291.47,755.39,715.52,39.87,1760.11,1863.87,167.82,4439.72,0,1674766,900422,765252,831650,127221,3019
32,Zacatecas,1999,0,1109075.92,456592.22,433792,167295.6,0,266496.4,0,0,0,0,0,0,22800.22,652483.7,554828.1,94450.2,3205.4,0,0,0,0,0,4550.63,0,0,30317786,7314700,0,3.66,0,15.16,41.17,58.83,0,803.77,540.86,513.85,27.01,1236.99,1187.3,783.07,10111.67,0,1379842,527477,844197,467304,120615,317
33,No distribuibles,1999,271438921.5,9928733.9,9928733.9,9928733.9,9928733.9,0,0,0,0,0,0,0,0,0,0,0,0,0,0,0,148570551.2,143012000,0,0,0,0,387981338,6037300,0,0,0,0,0,0,0,0,0,0,0,0,0,0,0,0,0,0,0,0,6394,0
34,Extranjero,1999,0,0,0,0,0,0,0,0,0,0,0,0,0,0,0,0,0,0,0,0,0,0,0,0,0,0,0,3767700,0,0,0,0,0,0,0,0,0,0,0,0,0,0,0,0,0,0,0,0,0,0
37,Gasto Total,1999,271438921.5,122868370.4,37943627.26,32397286.5,14207202.6,0,18190083.9,0,0,0,0,0,0,5546340.76,84924743.1,71221930.7,10112933.1,3589879.3,0,0,148570551.2,143012000,0,5558551.17,0,0,4594724235,711228200,5.91,2.67,3.23,17.28,30.88,69.12,2767.37,1252.67,769.27,656.82,112.45,1777.02,1598.44,1021.85,5944.7,1514.71,98085415,47790436,49324395,44557157,9896695,603879
01,Aguascalientes,2000,0,1514343.92,529496.92,349308,3408,0,345900,0,0,0,0,0,0,180188.92,984847,895894,83501.8,5451.2,0,0,0,0,0,24875.93,0,0,61679103,11848900,0,2.46,0,12.78,34.97,65.03,0,1563.06,1457.69,961.64,496.06,1526.41,1344.59,814.13,10094.81,0,968833,645204,363243,666295,102566,540
02,Baja California,2000,0,3662612.4,571180,547180,29480,0,517700,0,0,0,0,0,0,24000,3091432.4,2865337.8,209079.4,17015.2,0,0,0,0,0,112504.08,0,0,180879629,20874700,0,2.02,0,17.55,15.59,84.41,0,1467.42,643.18,616.16,27.03,1860.3,1572.67,1621.21,10872.33,0,2495955,1661792,888050,1821961,128965,1565
03,Baja California Sur,2000,0,1054987.04,274029.44,262963,3263,0,259700,0,0,0,0,0,0,11066.44,780957.6,618789.3,158917.3,3251,0,0,0,0,0,2815.71,0,0,26961076,6087300,0,3.91,0,17.33,25.97,74.03,0,2419.16,1904.71,1827.79,76.92,2420.93,2325.93,1874.89,9675.6,0,436096,322586,143869,266040,84761,336
04,Campeche,2000,0,1214038.32,492306.02,423684.3,74984.3,0,348700,0,0,0,0,0,0,68621.72,721732.3,464474.2,80990.1,176268,0,0,0,0,0,867.17,0,0,59557288,17340700,0,2.04,0,7,40.55,59.45,0,1724.28,1323.27,1138.82,184.45,2195.91,1439.35,1034.59,8903.77,0,704083,328671,372037,322697,78282,19797
05,Coahuila,2000,0,3899541.8,617025,562494,115194,0,447300,0,0,0,0,0,0,54531,3282516.8,3012748,234025.6,35743.2,0,0,0,0,0,86888.11,0,0,155674752,19713900,0,2.5,0,19.78,15.82,84.18,0,1662.28,1150.5,1048.83,101.68,1767.22,1541.57,976.01,33944.16,0,2345905,1857448,536308,1954336,239778,1053
06,Colima,2000,0,1000492.79,363188.29,355652,4752,0,350900,0,0,0,0,0,0,7536.29,637304.5,512733.5,82389.4,42181.6,0,0,0,0,0,4567.22,0,0,27247752,9409600,0,3.67,0,10.63,36.3,63.7,0,1834.08,1604.51,1571.21,33.29,1967.38,1805.16,1319.56,43576.03,0,545502,323936,226355,284037,62437,968
07,Chiapas,2000,0,3003096.58,1836213.58,1789384.15,651884.15,0,1137500,0,0,0,0,0,0,46829.43,1166883,931809.1,223544.3,11529.6,0,0,0,0,0,2871.13,0,0,81194852,27404400,0,3.7,0,10.96,61.14,38.86,0,751.52,576.99,562.28,14.72,1187.71,1387.55,938.15,1039.36,0,3996040,982461,3182392,671551,238282,11093
08,Chihuahua,2000,0,4627339.17,1088760.77,808953.77,197753.77,0,611200,0,0,0,0,0,0,279807,3538578.4,3274321.5,255896.2,8360.7,0,0,0,0,0,274590.91,0,0,228549529,22248300,0,2.02,0,20.8,23.53,76.47,0,1497.91,1054.24,783.3,270.93,1809.85,1392.83,1034.7,3560.78,0,3089196,1955178,1032749,2350840,247315,2348
09,Ciudad de México,2000,0,42935676.02,14744051.52,12467942.42,11129742.42,0,1338200,0,0,0,0,0,0,2276109.1,28191624.5,20782154.2,6314733.4,1094736.9,0,0,0,0,0,4370730.68,0,0,1121855818,229745900,0,3.83,0,18.69,34.34,65.66,0,4931.68,4433.85,3749.37,684.47,5016.66,2902.23,2044.18,14169.7,0,8706087,5619596,3325339,7160764,3089126,77259
10,Durango,2000,0,2008190.8,726443,718969.2,243769.2,0,475200,0,0,0,0,0,0,7473.8,1281747.8,1083067.7,184054.2,14625.9,0,0,0,0,0,5970.84,0,0,59924458,12068400,0,3.35,0,16.64,36.17,63.83,0,1357.34,1136.36,1124.67,11.69,1493.29,1420.49,689.32,13248.1,0,1479503,858340,639273,762458,267010,1104
11,Guanajuato,2000,0,4136838.57,1131105.17,933526.97,60726.97,0,872800,0,0,0,0,0,0,197578.2,3005733.4,2533821.4,257804.6,214107.4,0,0,0,0,0,62287.3,0,0,170862209,22938900,0,2.42,0,18.03,27.34,72.66,0,868.65,375.43,309.85,65.58,1410.51,1211.69,760.41,6261,0,4762391,2130954,3012812,2091145,339033,34197
12,Guerrero,2000,0,2634976.27,1390503.67,1373466.3,140766.3,0,1232700,0,0,0,0,0,0,17037.37,1244472.6,969279.6,270563.9,4629.1,0,0,0,0,0,6698.17,0,0,85676774,23249300,0,3.08,0,11.33,52.77,47.23,0,838.68,593.21,585.95,7.27,1410.38,1428.49,654.22,5351.56,0,3141810,882369,2344018,678536,413566,865
13,Hidalgo,2000,0,2076584.36,987832.36,947628.06,317428.06,0,630200,0,0,0,0,0,0,40204.3,1088752,852678.5,137967.8,98105.7,0,0,0,0,0,6173.64,0,0,64968610,18054700,0,3.2,0,11.5,47.57,52.43,0,906.12,650.5,624.02,26.48,1248.98,1275.83,695.66,5259.51,0,2291727,871710,1518574,668331,198326,18653
14,Jalisco,2000,0,8517724.95,2513821.95,1515875.67,35075.67,0,1480800,0,0,0,0,0,0,997946.28,6003903,5653612.1,311472.2,38818.7,0,0,0,0,0,429179.87,0,0,321206819,30381100,0,2.65,0,28.04,29.51,70.49,0,1316.94,829.84,500.41,329.43,1723.18,1504.57,999.46,12055.5,0,6467806,3484190,3029289,3757630,311639,3220
15,México,2000,0,9047402.24,2922268.14,2818561.77,122061.77,0,2696500,0,0,0,0,0,0,103706.37,6125134.1,5876458.4,224385.2,24290.5,0,0,0,0,0,221012.13,0,0,503113132,45917700,0,1.8,0,19.7,32.3,67.7,0,679.66,459,442.71,16.29,932.8,1451.62,299.83,1287.8,0,13311647,6566368,6366634,4048202,748363,18862
16,Michoacán,2000,0,3126738.1,1219117.4,1168906.65,355806.65,0,813100,0,0,0,0,0,0,50210.75,1907620.7,1577440.3,317172.9,13007.5,0,0,0,0,0,19457.25,0,0,110932058,21382700,0,2.82,0,14.62,38.99,61.01,0,768.22,436.43,418.46,17.98,1393.54,1386.97,934.48,6398.18,0,4070129,1368898,2793364,1137327,339412,2033
17,Morelos,2000,0,1730503.4,528368,434805,14005,0,420800,0,0,0,0,0,0,93563,1202135.4,984229.4,211003,6903,0,0,0,0,0,35025.07,0,0,66511351,10001000,0,2.6,0,17.3,30.53,69.47,0,1099.38,599.13,493.03,106.09,1692.74,1660.56,1285.04,6663.13,0,1574073,710170,881896,592711,164199,1036
18,Nayarit,2000,0,1275395.18,447049.88,432081.36,93781.36,0,338300,0,0,0,0,0,0,14968.52,828345.3,707385.9,118033.5,2925.9,0,0,0,0,0,3503.45,0,0,26379053,6687700,0,4.83,0,19.07,35.05,64.95,0,1360.25,962.3,930.08,32.22,1754.6,1817.83,901.46,8786.49,0,937616,472099,464562,389138,130936,333
19,Nuevo León,2000,0,6325345.93,871982.83,701576,14976,0,686600,0,0,0,0,0,0,170406.83,5453363.1,5015160.3,282113.8,156089,0,0,0,0,0,1248897.39,0,0,352924312,29687300,0,1.79,0,21.31,13.79,86.21,0,1617.64,840.37,676.14,164.23,1872.44,1656.29,1486.29,7639.44,0,3910227,2912443,1037618,3027957,189811,20432
20,Oaxaca,2000,0,2607472.5,1507217.9,1487206.98,598206.98,0,889000,0,0,0,0,0,0,20010.92,1100254.6,737797,247742.2,114715.4,0,0,0,0,0,2659.13,0,0,73878368,21512200,0,3.53,0,12.12,57.8,42.2,0,740.22,574.74,567.11,7.63,1048.87,1181,825.63,4583.3,0,3522584,1048991,2622430,624722,300066,25029
21,Puebla,2000,0,4082749.81,1324680.11,1170310.82,421310.82,0,749000,0,0,0,0,0,0,154369.29,2758069.7,2477633.6,214549.7,65886.4,0,0,0,0,0,127523.39,0,0,187412866,22848500,0,2.18,0,17.87,32.45,67.55,0,783.87,375.7,331.92,43.78,1599.67,1378.65,758.76,5542.26,0,5208423,1724150,3525875,1797147,282765,11888
22,Querétaro,2000,0,1609313.76,487006.46,455006.46,34906.46,0,420100,0,0,0,0,0,0,32000,1122307.3,1019673.9,92941.7,9691.7,0,0,0,0,0,43962.88,0,0,86334283,12623200,0,1.86,0,12.75,30.26,69.74,0,1115.15,682.47,637.63,44.84,1334.61,1087.1,910.76,4385.38,0,1443141,840925,713593,937975,102049,2210
23,Quintana Roo,2000,0,1401466.67,458297.77,389689,17289,0,372400,0,0,0,0,0,0,68608.77,943168.9,845323.7,97845.2,0,0,0,0,0,0,15441.08,0,0,69770372,6511000,0,2.01,0,21.52,32.7,67.3,0,1555.29,1103.3,938.13,165.17,1801.92,1622.56,1169.54,0,0,901099,523425,415387,520980,83661,0
24,San Luis Potosí,2000,0,2359842.91,794350.61,733791.1,265991.1,0,467800,0,0,0,0,0,0,60559.51,1565492.3,1338521.9,168886.2,58084.2,0,0,0,0,0,30421.38,0,0,85772440,14436900,0,2.75,0,16.35,33.66,66.34,0,1002.24,602.43,556.5,45.93,1460.71,1371.08,749.94,11221.83,0,2354562,1071733,1318577,976253,225200,5176
25,Sinaloa,2000,0,3365784.69,898873.19,718783.9,176183.9,0,542600,0,0,0,0,0,0,180089.29,2466911.5,2144494,297349.3,25068.2,0,0,0,0,0,20056.43,0,0,96569985,19935600,0,3.49,0,16.88,26.71,73.29,0,1304.56,959.4,767.18,192.22,1540.81,1676.65,1025.08,8981.8,0,2580007,1601044,936915,1279037,290074,2791
26,Sonora,2000,0,3700477.52,1106422.12,671659,17259,0,654400,0,0,0,0,0,0,434763.12,2594055.4,2321984.2,239707.8,32363.4,0,0,0,0,0,215056.59,0,0,133261690,19907400,0,2.78,0,18.59,29.9,70.1,0,1635.76,1437,872.34,564.66,1706.57,1752.98,1208.42,10723.46,0,2262244,1520036,769955,1324596,198365,3018
27,Tabasco,2000,0,3068997.59,1461860.99,652043,49243,0,602800,0,0,0,0,0,0,809817.99,1607136.6,913971,120342.5,572823.1,0,0,0,0,0,17941.35,0,0,60267752,21386300,0,5.09,0,14.35,47.63,52.37,0,1587.94,1212.62,540.87,671.75,2086.17,1714.21,855.11,6275.38,0,1932690,770375,1205535,533172,140733,91281
28,Tamaulipas,2000,0,4103777,1089456,943343,104843,0,838500,0,0,0,0,0,0,146113,3014321,2069802.3,382003.5,562515.2,0,0,0,0,0,106690.01,0,0,154304070,27797600,0,2.66,0,14.76,26.55,73.45,0,1461.79,989.74,857,132.74,1783.71,1127.62,1220.94,6492.78,0,2807365,1689912,1100748,1835549,312876,86637
29,Tlaxcala,2000,0,892752.28,351290.68,324420,10720,0,313700,0,0,0,0,0,0,26870.68,541461.6,478851.6,61301,1309,0,0,0,0,0,721.27,0,0,26511265,5153400,0,3.37,0,17.32,39.35,60.65,0,898.7,568.03,524.58,43.45,1376.71,1361.34,653.41,3708.22,0,993379,393301,618435,351749,93817,353
30,Veracruz,2000,0,7280173.53,2088843.53,1716473.64,558873.64,0,1157600,0,0,0,0,0,0,372369.89,5191330,3840383.9,381959.5,968986.6,0,0,0,0,0,27691.69,0,0,198245695,58341800,0,3.67,0,12.48,28.69,71.31,0,1033.27,473.96,389.47,84.49,1837.38,1652.18,945.59,4859.9,0,7045730,2825397,4407259,2324438,403936,199384
31,Yucatán,2000,0,2596249.32,713330.12,672903.81,176803.81,0,496100,0,0,0,0,0,0,40426.31,1882919.2,1687552.9,179856,15510.3,0,0,0,0,0,90792.6,0,0,69230571,14416600,0,3.75,0,18.01,27.48,72.52,0,1526.91,910.65,859.04,51.61,2007.41,1937.6,1387.96,4794.53,0,1700325,937984,783319,870952,129583,3235
32,Zacatecas,2000,0,1294477.54,572187.44,545161.44,220861.44,0,324300,0,0,0,0,0,0,27026,722290.1,608750.8,110820.8,2718.5,0,0,0,0,0,2943.87,0,0,35859749,8523900,0,3.61,0,15.19,44.2,55.8,0,936.21,660.8,629.59,31.21,1308.93,1204.5,902.73,7995.59,0,1382683,551819,865896,505398,122762,340
33,No distribuibles,2000,325159180.7,0,0,0,0,0,0,0,0,0,0,0,0,0,0,0,0,0,0,0,183003817.7,175383000,0,0,0,0,508190720,12073400,0,0,0,0,0,0,0,0,0,0,0,0,0,0,0,0,0,0,0,0,6167,0
34,Extranjero,2000,0,0,0,0,0,0,0,0,0,0,0,0,0,0,0,0,0,0,0,0,0,0,0,0,0,0,0,4775700,0,0,0,0,0,0,0,0,0,0,0,0,0,0,0,0,0,0,0,0,0,0
37,Gasto Total,2000,325159180.7,142155363,46108560.86,39093750.77,16261350.77,0,22832400,0,0,0,0,0,0,7014810.09,96046802.1,79096136,12552954,4397712.1,0,0,183003817.7,175383000,0,7620817.72,0,0,5491708401,855286000,5.92,2.59,3.33,16.62,32.44,67.56,3272.24,1430.58,896.32,759.95,136.36,1942.16,1699.75,1247.08,6796.7,1841.66,99368858,49453505,51442306,46533924,10065861,647036
01,Aguascalientes,2001,0,1743972.29,613921.84,473114.54,72798.64,0,400315.9,0,0,0,0,0,0,140807.3,1130050.45,1017819.58,106145.3,6085.57,0,0,0,0,0,29180.94,0,0,66231878,9404400,0,2.63,0,18.54,35.2,64.8,0,1757.22,1617.26,1246.33,370.93,1749.42,1544.64,1014.54,6876.35,0,992461,645957,379606,658936,104624,885
02,Baja California,2001,0,3941406.82,748592.85,748592.85,183556.85,0,565036,0,0,0,0,0,0,0,3192813.97,2918024.38,256450.8,18338.79,0,0,0,0,0,155007.28,0,0,183592039,21633300,0,2.15,0,18.22,18.99,81.01,0,1533.12,802.07,802.07,0,1884.73,1732.69,1952.3,8501.99,0,2570837,1694044,933324,1684099,131358,2157
03,Baja California Sur,2001,0,1262119.2,378124.45,344534.45,57276.25,0,287258.2,0,0,0,0,0,0,33590,883994.75,711525.65,169326.5,3142.6,0,0,0,0,0,3870.14,0,0,30676259,6296200,0,4.11,0,20.05,29.96,70.04,0,2789.31,2488.43,2267.38,221.06,2693.16,2660.34,1956.49,7377,0,452484,328237,151953,267457,86546,426
04,Campeche,2001,0,1477247.21,637419.09,570451.09,178830.09,0,391621,0,0,0,0,0,0,66968,839828.12,539071.86,98289.4,202466.86,0,0,0,0,0,1895.03,0,0,63105555,21180300,0,2.34,0,6.97,43.15,56.85,0,2057.07,1668.99,1493.64,175.35,2528.93,1490.89,1233.86,9985.54,0,718130,332088,381920,361577,79660,20276
05,Coahuila,2001,0,4509350.27,846713.84,727190.84,222836.84,0,504354,0,0,0,0,0,0,119523,3662636.43,3357182.79,287521.6,17932.04,0,0,0,0,0,107525.52,0,0,163098960,20195300,0,2.76,0,22.33,18.78,81.22,0,1888.06,1485.81,1276.08,209.74,1965.59,1828.17,1176.65,6296.36,0,2388354,1863377,569865,1836361,244356,2848
06,Colima,2001,0,1038066.9,358650.52,346604.42,59453.62,0,287150.8,0,0,0,0,0,0,12046.1,679416.38,570494.55,100987.1,7934.73,0,0,0,0,0,7568.15,0,0,28152824,9337400,0,3.69,0,11.12,34.55,65.45,0,1878.55,1530.69,1479.27,51.41,2099.16,1901.29,1584.96,6612.28,0,552590,323661,234307,300056,63716,1200
07,Chiapas,2001,0,3770859.22,2464315.78,2439505.83,1260456.57,0,1179049.26,0,0,0,0,0,0,24809.95,1306543.44,1004589.4,262115.3,39838.74,0,0,0,0,0,4436.75,0,0,86693762,28477600,0,4.35,0,13.24,65.35,34.65,0,923.76,749.38,741.84,7.54,1373.33,1444.32,1082.2,4882.2,0,4082064,951369,3288461,695544,242206,8160
08,Chihuahua,2001,0,4760076.73,1081368.72,1075349.72,382878.72,0,692471,0,0,0,0,0,0,6019,3678708.01,3334009.68,293477.4,51220.93,0,0,0,0,0,345053.5,0,0,233023057,23778100,0,2.04,0,20.02,22.72,77.28,0,1519.09,1010.58,1004.95,5.62,1859.21,1548.68,1165.08,14079.42,0,3133500,1978640,1070048,2152803,251895,3638
09,Ciudad de México,2001,0,36548763,7931691.75,5170270.75,3706464.35,0,1463806.4,0,0,0,0,0,0,2761421,28617071.25,19357532.82,8043575.4,1215963.03,0,0,0,0,0,5122007.9,0,0,1176371821,245896200,0,3.11,0,14.86,21.7,78.3,0,4172.87,2290.98,1493.38,797.61,5204.05,2732.5,2562.52,17539.28,0,8758667,5498995,3462134,7084179,3138929,69328
10,Durango,2001,0,2412042.1,937234.59,921085.02,382429.82,0,538655.2,0,0,0,0,0,0,16149.57,1474807.51,1218548.88,236105.2,20153.43,0,0,0,0,0,9375.41,0,0,66573229,45775400,0,3.62,0,5.27,38.86,61.14,0,1613.44,1412.88,1388.53,24.35,1738.22,1751.08,869.88,48329.57,0,1494973,848458,663352,695886,271422,417
11,Guanajuato,2001,0,5034916.74,1712562.75,1383786.55,417644.95,0,966141.6,0,0,0,0,0,0,328776.2,3322353.99,2834652.76,217192.6,270508.63,0,0,0,0,0,88695.01,0,0,179816995,24088600,0,2.8,0,20.9,34.01,65.99,0,1044.45,562.1,454.19,107.91,1564.34,1349.95,630.8,7998.24,0,4820647,2123802,3046736,2099823,344314,33821
12,Guerrero,2001,0,3312559.3,1832739.52,1812372.92,529846.22,0,1282526.7,0,0,0,0,0,0,20366.6,1479819.78,1121266.84,351536.2,7016.74,0,0,0,0,0,7788.15,0,0,93694825,24376400,0,3.54,0,13.59,55.33,44.67,0,1046.88,771.48,762.9,8.57,1710.96,1683.24,837.23,7116.37,0,3164220,864908,2375624,666135,419878,986
13,Hidalgo,2001,0,2729025.73,1439911.26,1403079.31,704872.64,0,698206.67,0,0,0,0,0,0,36831.95,1289114.47,1013548.09,170622.3,104944.08,0,0,0,0,0,16930.54,0,0,68438674,21327400,0,3.99,0,12.8,52.76,47.24,0,1177.75,924.78,901.12,23.66,1514.07,1514.69,846.29,5916.68,0,2317149,851422,1557036,669146,201611,17737
14,Jalisco,2001,0,9642026.06,3096937.36,2059424.22,366670.62,0,1692753.6,0,0,0,0,0,0,1037513.14,6545088.7,6384079.97,115902.2,45106.53,0,0,0,0,0,566437.17,0,0,346263870,31726800,0,2.78,0,30.39,32.12,67.88,0,1470.04,998.95,664.29,334.66,1874.2,1732.95,365.89,9891.78,0,6559039,3492212,3100189,3683947,316771,4560
15,México,2001,0,12654942.4,5541451.8,5389946.2,2375931.26,0,3014014.94,0,0,0,0,0,0,151505.6,7113490.6,6813943.56,272118.1,27428.94,0,0,0,0,0,426738.51,0,0,527733846,51144700,0,2.4,0,24.74,43.79,56.21,0,935.21,834.14,811.33,22.81,1085.7,1685.76,357.12,1452.19,0,13531603,6552015,6643330,4042058,761989,18888
16,Michoacán,2001,0,3817547.9,1703723.61,1652261.11,744993.98,0,907267.13,0,0,0,0,0,0,51462.5,2113824.29,1686768.89,414080.5,12974.9,0,0,0,0,0,26797.2,0,0,116280930,20916000,0,3.28,0,18.25,44.63,55.37,0,935.84,599.94,581.81,18.12,1580.98,1438.46,1201.31,5566.24,0,4079290,1337030,2839843,1172625,344691,2331
17,Morelos,2001,0,2197969.73,812318.29,707104.22,227368.58,0,479735.64,0,0,0,0,0,0,105214.07,1385651.44,1160237.4,217498.5,7915.54,0,0,0,0,0,62222.24,0,0,75279264,9954500,0,2.92,0,22.08,36.96,63.04,0,1382.97,892.43,776.84,115.59,1977.14,1945.97,1299.9,5658,0,1589314,700838,910232,596226,167320,1399
18,Nayarit,2001,0,1520606.47,579133.5,539068.3,167617.5,0,371450.8,0,0,0,0,0,0,40065.2,941472.97,791386.15,147237,2849.82,0,0,0,0,0,4558.35,0,0,30481592,7359700,0,4.99,0,20.66,38.09,61.91,0,1607.16,1209.25,1125.59,83.66,2011.66,2040.03,1104.24,8308.51,0,946143,468007,478920,387929,133338,343
19,Nuevo León,2001,0,6907599.96,981497.03,914818.2,141810.59,0,773007.61,0,0,0,0,0,0,66678.83,5926102.93,5648735.17,111886.1,165481.66,0,0,0,0,0,1669556.52,0,0,368601563,30514700,0,1.87,0,22.64,14.21,85.79,0,1731.59,896.07,835.19,60.88,2021.48,1898.01,578.93,7659.77,0,3989161,2931566,1095338,2976141,193264,21604
20,Oaxaca,2001,0,3494744.2,2353715.08,2326877.85,1283387.05,0,1043490.8,0,0,0,0,0,0,26837.23,1141029.12,840664.23,162757.8,137607.09,0,0,0,0,0,11597.89,0,0,81320199,23894000,0,4.3,0,14.63,67.35,32.65,0,984.14,880.35,870.31,10.04,1136.23,1295.74,533.47,5720.99,0,3551047,1004224,2673611,648789,305095,24053
21,Puebla,2001,0,4807194.46,1884533.47,1744925.97,923383.37,0,821542.6,0,0,0,0,0,0,139607.5,2922660.99,2753712.42,96612.5,72336.07,0,0,0,0,0,168257,0,0,198867176,24254700,0,2.42,0,19.82,39.2,60.8,0,910.4,521.98,483.31,38.67,1728.27,1613.52,336.19,5304.79,0,5280329,1691094,3610350,1706645,287375,13636
22,Querétaro,2001,0,1929091.97,686900.99,649963.9,166859.41,0,483104.49,0,0,0,0,0,0,36937.09,1242190.98,1122391.36,109862.9,9936.72,0,0,0,0,0,68446.06,0,0,90933338,12082500,0,2.12,0,15.97,35.61,64.39,0,1301.86,935.02,884.74,50.28,1471.03,1209.98,1056.34,3833.61,0,1481802,844436,734640,927614,104003,2592
23,Quintana Roo,2001,0,1610691.65,580511.37,512099.47,83983.57,0,428115.9,0,0,0,0,0,0,68411.9,1030180.28,912798.28,117382,0,0,0,0,0,0,25476.79,0,0,81295699,6747400,0,1.98,0,23.87,36.04,63.96,0,1707.09,1340.9,1182.88,158.02,1895.31,1767.84,1376.11,0,0,943529,543541,432927,516335,85300,0
24,San Luis Potosí,2001,0,2802875.3,1056540.47,999470.09,473557.68,0,525912.41,0,0,0,0,0,0,57070.38,1746334.83,1481073.51,208083.2,57178.12,0,0,0,0,0,29811.84,0,0,87333786,15423500,0,3.21,0,18.17,37.69,62.31,0,1177.14,788.63,746.03,42.6,1635.94,1471.09,907.21,10230.47,0,2381097,1067483,1339721,1006788,229365,5589
25,Sinaloa,2001,0,3823729.3,1196053.85,968295.75,334476.05,0,633819.7,0,0,0,0,0,0,227758.1,2627675.45,2381876.53,211410,34388.92,0,0,0,0,0,27387.52,0,0,99888549,21173600,0,3.83,0,18.06,31.28,68.72,0,1470.23,1208.59,978.45,230.15,1661.45,1757.66,717.67,9921.79,0,2600774,1581554,989624,1355141,294580,3466
26,Sonora,2001,0,4157765.5,1226297.52,889011.72,122644.32,0,766367.4,0,0,0,0,0,0,337285.8,2931467.98,2604489.24,287879.9,39098.84,0,0,0,0,0,272940.99,0,0,141481438,20972400,0,2.94,0,19.82,29.49,70.51,0,1807.53,1527.36,1107.27,420.09,1918.98,2085.58,1426.07,8979.98,0,2300246,1527616,802886,1248811,201870,4354
27,Tabasco,2001,0,3659869.06,1968729.62,980826.62,240461.62,0,740365,0,0,0,0,0,0,987903,1691139.44,881104.77,136425.3,673609.37,0,0,0,0,0,28161.89,0,0,65734140,23144300,0,5.57,0,15.81,53.79,46.21,0,1869.24,1578.97,786.65,792.32,2232.13,1665.14,954.52,6743.78,0,1957949,757636,1246846,529148,142926,99886
28,Tamaulipas,2001,0,4947298.99,1381436.15,1184868.15,255576.15,0,929292,0,0,0,0,0,0,196568,3565862.84,2393898.02,448311.2,723653.62,0,0,0,0,0,132026.63,0,0,160993863,30903300,0,3.07,0,16.01,27.92,72.08,0,1728.26,1210.65,1038.38,172.27,2084.17,1354.65,1406.9,8078.66,0,2862596,1710928,1141072,1767166,318652,89576
29,Tlaxcala,2001,0,1126496.48,498452.72,466452.72,110374.44,0,356078.28,0,0,0,0,0,0,32000,628043.76,550135.73,76156.2,1751.83,0,0,0,0,0,5758.87,0,0,29394244,5561800,0,3.83,0,20.25,44.25,55.75,0,1110.27,774.72,724.98,49.74,1635.11,1590.51,798.3,4293.7,0,1014617,384098,643397,345887,95398,408
30,Veracruz,2001,0,9019769.34,3103163.24,2805665.34,1168502.24,0,1637163.1,0,0,0,0,0,0,297497.9,5916606.1,4295912.34,454041.1,1166652.66,0,0,0,0,0,43458.79,0,0,212841759,61946300,0,4.24,0,14.56,34.4,65.6,0,1269.87,690.98,624.73,66.24,2138.43,1792.89,1104.58,5659.24,0,7102922,2766802,4490976,2396085,411054,206150
31,Yucatán,2001,0,2879021.16,949411.25,915991.25,353638.25,0,562353,0,0,0,0,0,0,33420,1929609.91,1880829.03,28512.5,20268.38,0,0,0,0,0,113951.42,0,0,76411137,15274800,0,3.77,0,18.85,32.98,67.02,0,1662.27,1175.36,1133.98,41.37,2056.47,2152.2,215.95,5509.21,0,1731984,938313,807764,873911,132033,3679
32,Zacatecas,2001,0,1654759.1,807016.1,760999.6,412935.4,0,348064.2,0,0,0,0,0,0,46016.5,847743,699892.52,144116,3734.48,0,0,0,0,0,6294.06,0,0,39047366,10005900,0,4.24,0,16.54,48.77,51.23,0,1190.69,919.6,867.16,52.44,1557.39,1348.14,1153.26,6852.26,0,1389745,544335,877577,519155,124964,545
33,No distribuibles,2001,368443016,0,0,0,0,0,0,0,0,0,0,0,0,0,0,0,0,0,0,0,213248611.5,203659397.4,0,0,0,0,540034555,9208600,0,0,0,0,0,0,0,0,0,0,0,0,0,0,0,0,0,0,0,0,6020,0
34,Extranjero,2001,0,0,0,0,0,0,0,0,0,0,0,0,0,0,0,0,0,0,0,0,0,0,0,0,0,0,0,3237800,0,0,0,0,0,0,0,0,0,0,0,0,0,0,0,0,0,0,0,0,0,0
35,IMSS-Prospera,2001,0,0,0,0,0,0,0,0,0,0,0,0,0,0,0,0,0,0,0,0,0,0,0,0,0,0,0,0,0,0,0,0,0,0,0,0,0,0,0,0,0,0,0,0,0,0,0,0,0,0
36,Unidades centrales,2001,0,0,0,0,0,0,0,0,0,0,0,0,0,0,0,0,0,0,0,0,0,0,0,0,0,0,0,0,0,0,0,0,0,0,0,0,0,0,0,0,0,0,0,0,0,0,0,0,0,0
37,Gasto Total,2001,368443016,155194404.5,51391070.38,43884008.97,18113517.64,0,25770491.33,0,0,0,0,0,0,7507061.41,103803334.2,84282196.4,14353618.1,5167519.66,0,0,213248611.5,203659397.4,0,9589214.06,0,0,5809688192,937213900,6.34,2.67,3.67,16.56,33.11,66.89,3657.39,1540.56,970.13,828.41,141.71,2112.03,1837.32,1402.2,7771.43,2116.84,100739263,49148686,52973609,45872403,10236523,664938
01,Aguascalientes,2002,0,1834092.42,599555.89,511403.29,82789.89,0,428613.4,0,0,0,0,0,0,88152.6,1234536.53,1110111.13,113637.38,10788.02,0,0,0,1984561.28,0,42901.74,0,0,71616752,9690500,0,2.56,0,18.93,32.69,67.31,0,1802.73,1511.71,1289.44,222.27,1907.58,1680.93,1077.29,11986.69,0,1017397,647175,396608,660414,105484,900
02,Baja California,2002,0,4253032.06,788248.99,779439.99,177227.99,0,602212,0,0,0,0,0,0,8809,3464783.07,3173681.25,267491.39,23610.43,0,0,0,7060651.08,0,191238.47,0,0,189341710,19948800,0,2.25,0,21.32,18.53,81.47,0,1606.33,805.63,796.63,9,2009.26,1878,2013.27,10761.36,0,2647676,1724407,978425,1689927,132864,2194
03,Baja California Sur,2002,0,1337710.31,391876.16,365472.16,64306.46,0,301165.7,0,0,0,0,0,0,26404,945834.15,760962.44,181537,3334.71,0,0,0,1412466.55,0,14179.19,0,0,33336937,6760700,0,4.01,0,19.79,29.29,70.71,0,2847.46,2440.39,2275.96,164.43,2823.87,2840.05,2077.91,7701.41,0,469791,334943,160579,267940,87365,433
04,Campeche,2002,0,1682205.8,707131.45,629094.45,206782.45,0,422312,0,0,0,0,0,0,78037,975074.35,618488,122449.12,234137.23,0,0,0,540014.7,0,5808.19,0,0,73266951,27425400,0,2.3,0,6.13,42.04,57.96,0,2294.45,1805.35,1606.12,199.23,2903.23,1716.1,1526.78,11354.31,0,733163,335859,391687,360403,80201,20621
05,Coahuila,2002,0,4799958.81,870346.63,767620.63,224578.83,0,543041.8,0,0,0,0,0,0,102726,3929612.18,3607264.78,305223.7,17123.7,0,0,0,3428835.72,0,157755.94,0,0,185148831,21557000,0,2.59,0,22.27,18.13,81.87,0,1972.46,1440.78,1270.72,170.05,2102.7,1929.37,1238.13,5912.88,0,2433494,1868840,604081,1869660,246520,2896
06,Colima,2002,0,1148959.42,433340.4,415324.1,77881.5,0,337442.6,0,0,0,0,0,0,18016.3,715619.02,594488.25,109301.27,11829.5,0,0,0,1020766.53,0,36603.24,0,0,31296207,9318000,0,3.67,0,12.33,37.72,62.28,0,2051.94,1787.41,1713.1,74.31,2209.05,1892.09,1698.99,9688.37,0,559938,323949,242440,314197,64333,1221
07,Chiapas,2002,0,4383674.95,2952440.02,2744512.72,1449334.82,0,1295177.9,0,0,0,0,0,0,207927.3,1431234.93,1116483.57,269279.56,45471.8,0,0,0,5683449.31,0,45437.21,0,0,96802427,28676600,0,4.53,0,15.29,67.35,32.65,0,1050.76,868.75,807.56,61.18,1554.95,1534.66,1104.42,5479.19,0,4171911,920440,3398508,727513,243819,8299
08,Chihuahua,2002,0,5268162.24,1298829.49,988287.99,395780.31,0,592507.68,0,0,0,0,0,0,310541.5,3969332.75,3613202.57,313239.32,42890.86,0,0,0,6186575.32,0,351216.52,0,0,243428413,24378000,0,2.16,0,21.61,24.65,75.35,0,1657.24,1173.31,892.78,280.53,1983.76,1758.28,1232.45,11592.12,0,3178885,2000909,1106983,2054965,254159,3700
09,Ciudad de México,2002,0,38771186.68,8454895.3,5683713.6,4152518.16,0,1531195.44,0,0,0,0,0,0,2771181.7,30316291.38,22020038.99,6994971.45,1301280.94,0,0,0,34850032.45,0,5835677.91,0,0,1331089413,399127800,0,2.91,0,9.71,21.81,78.19,0,4395.97,2351.8,1580.97,770.83,5636.6,3132.81,2214.44,18456.31,0,8819709,5378470,3595074,7028851,3158806,70506
10,Durango,2002,0,2610591.85,1043233.71,1023408.81,401229.41,0,622179.4,0,0,0,0,0,0,19824.9,1567358.14,1303346.14,238193.81,25818.19,0,0,0,2859923.05,0,18981.35,0,0,72242827,12913100,0,3.61,0,20.22,39.96,60.04,0,1725.99,1517.41,1488.57,28.84,1869.72,1845.17,872.01,60891.96,0,1512519,838287,687510,706355,273154,424
11,Guanajuato,2002,0,5483052.26,1870494.62,1406080.42,442784.74,0,963295.68,0,0,0,0,0,0,464414.2,3612557.64,2987691.73,350662.93,274202.98,0,0,0,6522203.89,0,109263.27,0,0,201967554,26358300,0,2.71,0,20.8,34.11,65.89,0,1123.45,606.15,455.65,150.5,1701.81,1386.55,1012.71,7971.94,0,4880536,2122774,3085855,2154764,346261,34396
12,Guerrero,2002,0,3701767.38,2105849.54,2088093.24,696161.84,0,1391931.4,0,0,0,0,0,0,17756.3,1595917.84,1226041.72,362683.32,7192.8,0,0,0,3786836.68,0,13959.93,0,0,100398839,26465600,0,3.69,0,13.99,56.89,43.11,0,1161.95,874.14,866.77,7.37,1879.54,1857.95,859.72,7171.29,0,3185825,849099,2409046,659889,421864,1003
13,Hidalgo,2002,0,3067475.09,1667144.8,1617043.37,822195.93,0,794847.44,0,0,0,0,0,0,50101.43,1400330.29,1087911.73,182093.33,130325.23,0,0,0,2738920.58,0,21316.52,0,0,74280093,20514600,0,4.13,0,14.95,54.35,45.65,0,1308.83,1042.87,1011.53,31.34,1681.41,1625.88,895.78,7224.64,0,2343675,832832,1598612,669123,203279,18039
14,Jalisco,2002,0,10902401.33,3731572.47,2245892.17,365923.17,0,1879969,0,0,0,0,0,0,1485680.3,7170828.86,6708765.17,418038.86,44024.83,0,0,0,19553237.33,0,647787.51,0,0,367710214,30999300,0,2.96,0,35.17,34.23,65.77,0,1638.18,1177.36,708.61,468.75,2047.51,1787.26,1309.48,9492.2,0,6655208,3502212,3169444,3753651,319240,4638
15,México,2002,0,12711063.17,5786063.85,5681896.32,2513156.29,0,3168740.03,0,0,0,0,0,0,104167.53,6924999.32,6581476.86,304629.7,38892.76,0,0,0,22256849.69,0,553726.88,0,0,552573682,50266700,0,2.3,0,25.29,45.52,54.48,0,924.43,836.02,820.97,15.05,1059.07,1617.22,397.45,2024.72,0,13750201,6538764,6920981,4069636,766470,19209
16,Michoacán,2002,0,4067652.41,1879005.87,1768551.1,794885.48,0,973665.62,0,0,0,0,0,0,110454.77,2188646.54,1745665.58,423561.76,19419.2,0,0,0,9228129.6,0,43802.05,0,0,121559627,21415700,0,3.35,0,18.99,46.19,53.81,0,994.69,650.86,612.6,38.26,1674.55,1515.75,1221.36,8193.76,0,4089365,1307002,2886969,1151683,346796,2370
17,Morelos,2002,0,2273056.31,837680.22,745827.02,245029.62,0,500797.4,0,0,0,0,0,0,91853.2,1435376.09,1198218.76,227088.13,10069.2,0,0,0,2123177.18,0,65580.02,0,0,77781479,11459300,0,2.92,0,19.84,36.85,63.15,0,1415.82,892.76,794.87,97.89,2076.34,2020.1,1344.77,7081.01,0,1605470,691300,938299,593147,168868,1422
18,Nayarit,2002,0,1655608.95,663904.24,603875.44,193543.84,0,410331.6,0,0,0,0,0,0,60028.8,991704.71,832815.82,155917.73,2971.16,0,0,0,1736749,0,7704.42,0,0,32645622,7692600,0,5.07,0,21.52,40.1,59.9,0,1732.71,1345.3,1223.66,121.64,2133.54,2158.57,1159.48,8513.35,0,955503,464816,493498,385818,134472,349
19,Nuevo León,2002,0,7888872.4,1112128.95,965872.95,136065.92,0,829807.03,0,0,0,0,0,0,146256,6776743.45,6195373.94,373272.45,208097.06,0,0,0,10293213.85,0,1810726.57,0,0,409144470,29401400,0,1.93,0,26.83,14.1,85.9,0,1937.27,964.54,837.69,126.85,2296.84,2052.44,1916.14,9471.44,0,4072154,2950465,1153017,3018547,194804,21971
20,Oaxaca,2002,0,4094359.94,2696420.34,2577206.06,1413479.85,0,1163726.21,0,0,0,0,0,0,119214.28,1397939.6,914788.25,333193.79,149957.56,0,0,0,4412209.29,0,8177.33,0,0,88876017,26945400,0,4.61,0,15.2,65.86,34.14,0,1144.09,986.88,943.25,43.63,1449.95,1347.75,1081.75,6130.22,0,3578713,964127,2732258,678751,308013,24462
21,Puebla,2002,0,5470585.2,2107269.17,1918838.77,1043314.67,0,875524.1,0,0,0,0,0,0,188430.4,3363316.03,2971317.53,301330.94,90667.56,0,0,0,7072466.34,0,203961.72,0,0,209142847,26050300,0,2.62,0,21,38.52,61.48,0,1021.78,569.24,518.34,50.9,2022.94,1714.95,1042.69,6537.9,0,5353996,1662587,3701902,1732594,288995,13868
22,Querétaro,2002,0,2079496.44,801205.85,764345.91,215252.34,0,549093.57,0,0,0,0,0,0,36859.94,1278290.59,1147670.31,116817.82,13802.46,0,0,0,1979571.52,0,120915.48,0,0,98817376,11290200,0,2.1,0,18.42,38.53,61.47,0,1366.56,1057.11,1008.48,48.63,1504.46,1204.55,1110.95,5236.14,0,1521700,849668,757921,952776,105151,2636
23,Quintana Roo,2002,0,1738199.6,632477.56,560413.63,99737.41,0,460676.22,0,0,0,0,0,0,72063.93,1105722.04,976805.95,128916.09,0,0,0,0,1672545.93,0,41866.55,0,0,87947261,6793400,0,1.98,0,25.59,36.39,63.61,0,1760.42,1403.48,1243.57,159.91,1958.25,1776.52,1500.37,0,0,987376,564649,450650,549843,85923,0
24,San Luis Potosí,2002,0,3129127.83,1334463.16,1104437.17,546705.04,0,557732.13,0,0,0,0,0,0,230025.99,1794664.67,1492950.57,222720.12,78993.98,0,0,0,4297440.27,0,49471.54,0,0,94796910,15127600,0,3.3,0,20.68,42.65,57.35,0,1298.65,980.55,811.53,169.02,1685.29,1440.23,962.78,13897.6,0,2409515,1064898,1360930,1036605,231331,5684
25,Sinaloa,2002,0,4285552.75,1245182.71,1030786.41,356977.91,0,673808.5,0,0,0,0,0,0,214396.3,3040370.04,2603103.24,400575.7,36691.1,0,0,0,6350281.38,0,46518.28,0,0,109461390,22184700,0,3.92,0,19.32,29.06,70.94,0,1633.82,1194.79,989.07,205.72,1948.55,1913,1351.55,10408.82,0,2623034,1560325,1042181,1360744,296383,3525
26,Sonora,2002,0,4584456.77,1379933.54,998925.94,140444.01,0,858481.93,0,0,0,0,0,0,381007.6,3204523.23,2859550.26,293685.87,51287.1,0,0,0,4337034.56,0,288729.91,0,0,145711362,22118000,0,3.15,0,20.73,30.1,69.9,0,1958.61,1649.16,1193.82,455.34,2085.5,2305.24,1440.89,11582.45,0,2340664,1536570,836751,1240458,203822,4428
27,Tabasco,2002,0,3936011.96,2151566.64,1042926.64,298793.64,0,744133,0,0,0,0,0,0,1108640,1784445.32,928212.84,142582.19,713650.29,0,0,0,2736674.49,0,21067.18,0,0,70210428,20052000,0,5.61,0,19.63,54.66,45.34,0,1983.81,1669.23,809.12,860.1,2396.08,1641.67,991.33,7025.22,0,1984067,744736,1288959,565409,143829,101584
28,Tamaulipas,2002,0,5235240,1456248.97,1258175.97,266517.37,0,991658.6,0,0,0,0,0,0,198073,3778991.03,2542235.07,464713.16,772042.8,0,0,0,6173827.24,0,190019.65,0,0,178829366,33191500,0,2.93,0,15.77,27.82,72.18,0,1792.29,1233.48,1065.71,167.77,2183.78,1450.4,1444.42,8474.77,0,2920972,1730485,1180602,1752779,321730,91099
29,Tlaxcala,2002,0,1259124.94,585759.89,544199.83,119517.34,0,424682.49,0,0,0,0,0,0,41560.06,673365.05,593067.64,78837.21,1460.2,0,0,0,1634885.81,0,8172.54,0,0,30834528,5867400,0,4.08,0,21.46,46.52,53.48,0,1214.48,874.25,812.22,62.03,1793.52,1746.46,821.43,3518.55,0,1036757,375443,670012,339583,95976,415
30,Veracruz,2002,0,10236168.79,3792185.09,2793857.26,1297075.27,0,1496781.99,0,0,0,0,0,0,998327.83,6443983.7,4676775.67,489387.86,1277820.17,0,0,0,8218467.98,0,70739.01,0,0,232009601,65675700,0,4.41,0,15.59,37.05,62.95,0,1428.6,828.12,610.11,218.01,2373.72,1910.23,1181.52,6094.84,0,7165167,2714717,4579289,2448279,414201,209656
31,Yucatán,2002,0,3409579.76,1045897.27,982152.27,417379.27,0,564773,0,0,0,0,0,0,63745,2363682.49,2072455.11,262428.22,28799.16,0,0,0,1225022.85,0,124198.69,0,0,80398387,16076400,0,4.24,0,21.21,30.68,69.32,0,1931.49,1255.57,1179.04,76.52,2517.97,2332.25,1966.56,7696.19,0,1765258,938726,833007,888609,133445,3742
32,Zacatecas,2002,0,1850841.49,933607.87,894818.95,469976.05,0,424842.9,0,0,0,0,0,0,38788.92,917233.62,759129.35,153035.29,5068.98,0,0,0,2421918.42,0,11403.78,0,0,41978296,10234900,0,4.41,0,18.08,50.44,49.56,0,1324.27,1050.1,1006.47,43.63,1707.03,1471.82,1214.75,9133.3,0,1397635,537328,889064,515776,125981,555
33,No distribuibles,2002,408021510.6,0,0,0,0,0,0,0,0,0,0,0,0,0,0,0,0,0,0,0,238872241.3,31914392.8,0,0,0,0,528490826,9041721,0,0,0,0,0,0,0,0,0,0,0,0,0,0,0,0,0,0,0,0,5950,0
34,Extranjero,2002,0,0,0,0,0,0,0,0,0,0,0,0,0,0,0,0,0,0,0,0,0,0,0,0,0,0,0,3841900,0,0,0,0,0,0,0,0,0,0,0,0,0,0,0,0,0,0,0,0,0,0
35,IMSS-Prospera,2002,0,0,0,0,0,0,0,0,0,0,0,0,0,0,0,0,0,0,0,0,0,0,0,0,0,0,0,0,0,0,0,0,0,0,0,0,0,0,0,0,0,0,0,0,0,0,0,0,0,0
36,Unidades centrales,2002,0,0,0,0,0,0,0,0,0,0,0,0,0,0,0,0,0,0,0,0,0,0,0,0,0,0,0,0,0,0,0,0,0,0,0,0,0,0,0,0,0,0,0,0,0,0,0,0,0,0
37,Gasto Total,2002,408021510.6,169149269.3,57355960.66,47502494.58,20127346.82,0,27375147.76,0,0,0,0,0,0,9853466.08,111793308.7,91020090.22,15101496.47,5671721.96,0,0,238872241.3,227713332.7,0,11158908.59,0,0,6263136643,1078860521,6.51,2.7,3.81,15.68,33.91,66.09,3993.66,1655.61,1051.61,870.95,180.66,2287.25,1970.19,1464.82,8387.08,2338.05,102167274,48876802,54541142,46198689,10309489,676245
01,Aguascalientes,2003,0,2194437.68,744267.78,603816.68,132367.18,0,471449.5,0,0,0,0,0,0,140451.1,1450169.9,1294329.7,127623.5,28216.7,0,0,0,0,0,36744.46,0,0,77267870,10405200,0,2.84,0,21.09,33.92,66.08,0,2104.81,1798.24,1458.9,339.35,2236.66,2167.43,1200.85,0,0,1042583,648364,413886,597173,106278,0
02,Baja California,2003,0,4888123.67,986444.62,981314.61,305086.35,0,676228.26,0,0,0,0,0,0,5130.01,3901679.05,3574998.1,299854,26826.95,0,0,0,0,0,236702.62,0,0,270791490,23009400,0,1.81,0,21.24,20.18,79.82,0,1793.82,964.05,959.03,5.01,2226.11,2260.88,2237.62,0,0,2724975,1752693,1023233,1581242,134006,0
03,Baja California Sur,2003,0,1550648.37,449683.07,421860.81,92081.35,0,329779.46,0,0,0,0,0,0,27822.26,1100965.3,889565.7,210474.08,925.52,0,0,0,0,0,10886.73,0,0,48522955,7647700,0,3.2,0,20.28,29,71,0,3181.75,2652.37,2488.27,164.1,3216.46,3693.89,2394.47,0,0,487357,342291,169540,240821,87900,0
04,Campeche,2003,0,1780104.95,704199.3,637988.2,158605.3,0,479382.9,0,0,0,0,0,0,66211.1,1075905.65,680660.7,130244.5,265000.45,0,0,0,0,0,4639.66,0,0,328291059,31567500,0,0.54,0,5.64,39.56,60.44,0,2378.35,1754.78,1589.79,164.99,3166.21,1997.11,1618.49,12202.44,0,748463,339809,401304,340823,80473,21717
05,Coahuila,2003,0,5264357.84,820428.6,760521.2,160688.2,0,599833,0,0,0,0,0,0,59907.4,4443929.24,4072014.3,349475.49,22439.45,0,0,0,0,0,177204.59,0,0,255441599,23084700,0,2.06,0,22.8,15.58,84.42,0,2123.94,1284.42,1190.63,93.79,2371.99,2469.19,1411.45,0,0,2478582,1873506,638755,1649132,247600,0
06,Colima,2003,0,1446133.84,567811.33,552874.71,192657.81,0,360216.9,0,0,0,0,0,0,14936.62,878322.51,739497.8,136698.3,2126.41,0,0,0,0,0,14940.65,0,0,43028600,11209600,0,3.36,0,12.9,39.26,60.74,0,2548.92,2264.89,2205.32,59.58,2704.94,2754.46,2112.61,0,0,567352,324710,250701,268473,64706,0
07,Chiapas,2003,0,4397698.83,2820977.3,2540332.27,1033022.37,0,1507309.9,0,0,0,0,0,0,280645.03,1576721.53,1204525,321158.45,51038.08,0,0,0,0,0,8379.85,0,0,149658132,31005000,0,2.94,0,14.18,64.15,35.85,0,1031.85,803.88,723.9,79.97,1775.48,1905.68,1312.93,34909.77,0,4261966,888053,3509214,632071,244612,1462
08,Chihuahua,2003,0,6044314.37,1523161.76,1163162.76,277600.76,0,885562,0,0,0,0,0,0,359999,4521152.61,4111975.8,362788.7,46388.11,0,0,0,0,0,407940.25,0,0,234231937,29923000,0,2.58,0,20.2,25.2,74.8,0,1874.87,1332.1,1017.26,314.84,2235.95,2143.14,1420.74,12020.76,0,3223858,2022027,1143427,1918667,255352,3859
09,Ciudad de México,2003,0,44779273.67,9146199.54,6443829.54,4634941.91,0,1808887.63,0,0,0,0,0,0,2702370,35633074.13,25389686.9,8587555.5,1655831.73,0,0,0,0,0,7007619.98,0,0,1379467784,455337700,0,3.25,0,9.83,20.43,79.57,0,5043.66,2455.9,1730.27,725.63,6776.87,4027.26,2706.51,26600.99,0,8878329,5258044,3724170,6304456,3172931,62247
10,Durango,2003,0,2880035.74,1051362.68,1023422.68,337054.38,0,686368.3,0,0,0,0,0,0,27940,1828673.06,1506122.3,292987.07,29563.69,0,0,0,0,0,15452.07,0,0,92395954,15190800,0,3.12,0,18.96,36.51,63.49,0,1882.27,1477.14,1437.89,39.26,2207.21,2318.07,1070.22,0,0,1530089,828500,711755,649732,273763,0
11,Guanajuato,2003,0,6348626.21,2210655.61,1862484.41,763791.57,0,1098692.84,0,0,0,0,0,0,348171.2,4137970.6,3463543.2,394134.6,280292.8,0,0,0,0,0,161030.04,0,0,272618077,30547500,0,2.33,0,20.78,34.82,65.18,0,1285.44,707.63,596.18,111.45,1948.41,1731.76,1135.08,8730.23,0,4938881,2123769,3124012,2000009,347231,32106
12,Guerrero,2003,0,4342722.06,2493214.48,2471154.08,826309.29,0,1644844.79,0,0,0,0,0,0,22060.4,1849507.58,1418023.9,430491,992.68,0,0,0,0,0,12301.52,0,0,115494114,27676800,0,3.76,0,15.69,57.41,42.59,0,1354.62,1020.54,1011.51,9.03,2218.82,2281.23,1018.73,0,0,3205860,833554,2443042,621605,422577,0
13,Hidalgo,2003,0,3234492.63,1634289.46,1580389.16,636650.51,0,943738.65,0,0,0,0,0,0,53900.3,1600203.17,1245054.2,214074.5,141074.47,0,0,0,0,0,15833.01,0,0,102868192,24797200,0,3.14,0,13.04,50.53,49.47,0,1364.66,995.64,962.81,32.84,1963.59,2070.38,1048.23,7975.27,0,2370185,814938,1641442,601366,204225,17689
14,Jalisco,2003,0,12370452.56,4174667.85,2843686.71,723615.61,0,2120071.1,0,0,0,0,0,0,1330981.14,8195784.71,7653439.5,484650.5,57694.71,0,0,0,0,0,865002.9,0,0,512955266,37693100,0,2.41,0,32.82,33.75,66.25,0,1832.52,1289.45,878.34,411.11,2331.45,2320.66,1510.1,11859.14,0,6750512,3515319,3237564,3297953,320940,4865
15,México,2003,0,15271310.02,7112015.94,7061566.2,3440342.82,0,3621223.38,0,0,0,0,0,0,50449.74,8159294.08,7769627.9,327112.3,62553.88,0,0,0,0,0,367615.37,0,0,650414934,59900200,0,2.35,0,25.49,46.57,53.43,0,1093.29,988.03,981.02,7.01,1250.4,2167.13,426.24,2362.04,0,13968235,6525346,7198166,3585210,767440,26483
16,Michoacán,2003,0,4607543.42,2058265.58,1883073.02,744708.77,0,1138364.25,0,0,0,0,0,0,175192.56,2549277.84,2022657.2,487848,38772.64,0,0,0,0,0,39841.72,0,0,169880527,23774700,0,2.71,0,19.38,44.67,55.33,0,1124.23,701.56,641.84,59.71,1994.38,1907.01,1402.71,0,0,4098402,1278232,2933845,1060642,347790,0
17,Morelos,2003,0,2739994.53,1061883.18,943539.18,378076.18,0,565463,0,0,0,0,0,0,118344,1678111.35,1386859,262718.1,28534.25,0,0,0,0,0,53649.91,0,0,103912141,12054700,0,2.64,0,22.73,38.75,61.25,0,1689.45,1098.71,976.26,122.45,2460.77,2635.05,1546.07,0,0,1621823,681946,966482,526312,169926,0
18,Nayarit,2003,0,1762858.72,660392.92,609768.32,152597.02,0,457171.3,0,0,0,0,0,0,50624.6,1102465.8,930584.5,171258.7,622.6,0,0,0,0,0,10047.65,0,0,47348157,8516200,0,3.72,0,20.7,37.46,62.54,0,1827.05,1298.91,1199.34,99.57,2383.38,2657.32,1265.69,0,0,964864,462564,508422,350196,135309,0
19,Nuevo León,2003,0,9066778.33,1389665.3,1265995.6,342847,0,923148.6,0,0,0,0,0,0,123669.7,7677113.03,6987863.4,446859.1,242390.53,0,0,0,0,0,2107300.19,0,0,518414397,34793300,0,1.75,0,26.06,15.33,84.67,0,2181.94,1148.06,1045.9,102.17,2585.04,2483.55,2283.38,10852.01,0,4155370,2969826,1210442,2813658,195701,22336
20,Oaxaca,2003,0,3971057.81,2367434.7,2237824.93,968081.44,0,1269743.49,0,0,0,0,0,0,129609.77,1603623.11,1056366.7,371472,175784.41,0,0,0,0,0,10539.66,0,0,125575372,28051100,0,3.16,0,14.16,59.62,40.38,0,1101.58,848.1,801.67,46.43,1734.6,1705.59,1199.6,7082.37,0,3604885,924494,2791450,619355,309664,24820
21,Puebla,2003,0,6469285.1,2610893.59,2265264.69,1113615.59,0,1151649.1,0,0,0,0,0,0,345628.9,3858391.51,3421971.5,344076.3,92343.71,0,0,0,0,0,235751.49,0,0,244703257,27117400,0,2.64,0,23.86,40.36,59.64,0,1191.84,688.21,597.1,91.1,2360.74,2407.54,1186.6,6679.47,0,5427999,1634397,3793761,1421355,289968,13825
22,Querétaro,2003,0,2474845.71,913885.82,865971.08,250678.62,0,615292.46,0,0,0,0,0,0,47914.74,1560959.89,1425096.6,131335.5,4527.79,0,0,0,0,0,94057.81,0,0,129222791,14118200,0,1.92,0,17.53,36.93,63.07,0,1584.7,1169.08,1107.79,61.29,1826.01,1654.91,1238.22,0,0,1561709,854849,781711,861130,106068,0
23,Quintana Roo,2003,0,1980321.92,725863.42,653234.92,148193.52,0,505041.4,0,0,0,0,0,0,72628.5,1254458.5,1108772.7,145685.8,0,0,0,0,0,0,27811.38,0,0,100756515,8183800,0,1.97,0,24.2,36.65,63.35,0,1918.75,1550.41,1395.28,155.13,2139.01,2155.4,1687.96,0,0,1032090,586467,468175,514416,86309,0
24,San Luis Potosí,2003,0,3293809.31,1172185.01,1118385.41,446817.11,0,671568.3,0,0,0,0,0,0,53799.6,2121624.3,1789314.1,261422.88,70887.32,0,0,0,0,0,49284.07,0,0,135417186,17344100,0,2.43,0,18.99,35.59,64.41,0,1351.09,848.27,809.34,38.93,1995.6,1934.29,1124.44,12772.49,0,2437891,1063152,1381857,925048,232491,5550
25,Sinaloa,2003,0,4941621.66,1497751.32,1211444.82,467474.02,0,743970.8,0,0,0,0,0,0,286306.5,3443870.34,2935084.2,453960.5,54825.64,0,0,0,0,0,44271.82,0,0,160242733,24269200,0,3.08,0,20.36,30.31,69.69,0,1868.36,1368.19,1106.65,261.54,2238.54,2533.05,1528.21,13368.85,0,2644900,1538447,1094696,1158715,297053,4101
26,Sonora,2003,0,5162481.34,1596731.05,1160047.3,219403.6,0,940643.7,0,0,0,0,0,0,436683.75,3565750.29,3172713.6,333519,59517.69,0,0,0,0,0,351908.26,0,0,215321971,25782400,0,2.4,0,20.02,30.93,69.07,0,2168.12,1833.8,1332.28,501.52,2306.73,2734.14,1629.12,0,0,2381092,1545804,870723,1160405,204723,0
27,Tabasco,2003,0,4716559.08,2634256.45,1281619.84,487126.18,0,794493.66,0,0,0,0,0,0,1352636.61,2082302.63,1121902.3,161625.4,798774.93,0,0,0,0,0,50896.53,0,0,174628451,22054800,0,2.7,0,21.39,55.85,44.15,0,2346.29,1978.59,962.62,1015.96,2847.33,2059.52,1122.12,7217.43,0,2010219,731317,1331383,544741,144036,110673
28,Tamaulipas,2003,0,6285675.16,1822550.42,1472966.42,362530.09,0,1110436.33,0,0,0,0,0,0,349584,4463124.74,3008643.4,517894.7,936586.64,0,0,0,0,0,236179.19,0,0,259340871,41315100,0,2.42,0,15.21,29,71,0,2109.35,1494.62,1207.94,286.68,2551.56,1898.12,1601.58,10240.62,0,2979915,1749174,1219407,1585063,323364,91458
29,Tlaxcala,2003,0,1474566.63,693317.33,637884.85,197605.77,0,440279.08,0,0,0,0,0,0,55432.48,781249.3,690590.4,90444.2,214.7,0,0,0,0,0,4592.92,0,0,49095694,6577100,0,3,0,22.42,47.02,52.98,0,1392.4,994.6,915.08,79.52,2131.57,2480.64,938.11,0,0,1059014,366514,697079,278392,96411,0
30,Veracruz,2003,0,11515960.08,4206822.69,3180442.11,1251508.74,0,1928933.37,0,0,0,0,0,0,1026380.58,7309137.39,5250466,552272.47,1506398.92,0,0,0,0,0,72454.83,0,0,349344701,77147900,0,3.3,0,14.93,36.53,63.47,0,1593.54,901.13,681.27,219.86,2742.79,2517.69,1327.02,7122.42,0,7226669,2664855,4668394,2085428,416175,211501
31,Yucatán,2003,0,3679211.12,1011757.89,954710.89,268676.89,0,686034,0,0,0,0,0,0,57047,2667453.23,2337105.1,281142.68,49205.45,0,0,0,0,0,183018.06,0,0,100397540,19683700,0,3.66,0,18.69,27.5,72.5,0,2045.56,1178.34,1111.9,66.44,2841.66,2953.9,2089.18,0,0,1798634,938694,858629,791192,134571,0
32,Zacatecas,2003,0,2025866.8,945754.62,883375.61,418844.06,0,464531.55,0,0,0,0,0,0,62379.01,1080112.18,898978.1,180279.07,855.01,0,0,0,0,0,21459.08,0,0,58551351,12154100,0,3.46,0,16.67,46.68,53.32,0,1441.7,1050.11,980.85,69.26,2034.32,1682.36,1422.68,0,0,1405196,530946,900623,534354,126718,0
33,No distribuibles,2003,463453486.1,2861436.44,2075624.41,2075624.41,0,0,0,0,0,2075624.41,0,0,0,0,785812.03,0,0,0,0,785812.03,267630880.5,254694922.8,0,0,0,0,393207935,15690600,0,0,0,0,0,0,0,0,0,0,0,0,0,0,0,0,0,0,0,0,0,0
34,Extranjero,2003,0,0,0,0,0,0,0,0,0,0,0,0,0,0,0,0,0,0,0,0,0,0,0,599.44,0,0,0,4229500,0,0,0,0,0,0,0,0,0,0,0,0,0,0,0,0,0,0,0,0,0,0
35,IMSS-Prospera,2003,0,0,0,0,0,0,0,0,0,0,0,0,0,0,0,0,0,0,0,0,0,0,0,0,0,0,0,0,0,0,0,0,0,0,0,0,0,0,0,0,0,0,0,0,0,0,0,0,0,0
36,Unidades centrales,2003,0,0,0,0,0,0,0,0,0,0,0,0,0,0,0,0,0,0,0,0,0,0,0,0,0,0,0,0,0,0,0,0,0,0,0,0,0,0,0,0,0,0,0,0,0,0,0,0,0,0
37,Gasto Total,2003,463453486.1,195822605.6,65884415.02,55649577.42,21933600.01,0,31640353,0,0,2075624.41,0,0,0,10234837.6,129938190.6,104558033.8,17863136.89,6731207.86,0,785812.03,267630880.5,254694922.8,0,12935957.71,0,0,7868809553,1241853300,5.89,2.49,3.4,15.77,33.64,66.36,4474.01,1890.4,1174.26,991.84,182.42,2672.93,2518.31,1726.52,10281.49,2583.61,103587899,48612601,56107290,41519135,10346311,654692
01,Aguascalientes,2004,0,2545403.6,817058,649032.5,145718.4,0,503314.1,0,0,0,0,0,0,168025.5,1728345.6,1559360,131292.33,37693.27,0,0,0,0,0,59413.38,0,0,86539583,12411900,0,2.94,0,20.51,32.1,67.9,0,2384.02,1896.16,1506.22,389.94,2663.45,2510.61,1220.93,33534.94,0,1067693,648913,430901,621108,107535,1124
02,Baja California,2004,0,5888724.94,1215452.69,1136026.61,340145.01,0,757631.5,38250.1,0,0,0,0,0,79426.08,4673272.25,4325846,316803.41,30622.84,0,0,0,0,0,267019.69,0,0,303478894,25568900,0,1.94,0,23.03,20.64,79.36,0,2101.57,1138.64,1064.23,74.41,2627.69,2582.82,2333.88,12438.2,0,2802054,1778473,1067463,1674851,135741,2462
03,Baja California Sur,2004,0,1790388.03,497416.26,432066.31,65442.01,0,366624.3,0,0,0,0,0,0,65349.95,1292971.77,1076721,216218.93,31.84,0,0,0,0,0,37529.07,0,0,56078576,8109800,0,3.19,0,22.08,27.78,72.22,0,3545.29,2781.43,2416.01,365.42,3691.16,4073.67,2426.29,73.53,0,505004,350289,178835,264312,89115,433
04,Campeche,2004,0,2165207.37,903479.96,797999.96,193647.66,0,537622,66730.3,0,0,0,0,0,105480,1261727.41,830729,130575.7,300422.71,0,0,0,0,0,22552.09,0,0,449778397,35233500,0,0.48,0,6.15,41.73,58.27,0,2835.13,2199.3,1942.53,256.76,3669.75,2402.89,1605.11,12716.84,0,763707,343818,410804,345721,81350,23624
05,Coahuila,2004,0,6430465.62,1041549.07,975117.07,186394.47,0,658859,129863.6,0,0,0,0,0,66432,5388916.55,4992408,372090.36,24418.19,0,0,0,0,0,184115.46,0,0,285330206,25314100,0,2.25,0,25.4,16.2,83.8,0,2548.73,1546.21,1447.59,98.62,2871.65,2950.35,1488.99,14082,0,2523006,1876594,673614,1692140,249895,1734
06,Colima,2004,0,1693618.94,514438.14,496749.04,98570.24,0,398178.8,0,0,0,0,0,0,17689.1,1179180.8,1008401,170276.08,503.72,0,0,0,0,0,54442.82,0,0,45411350,11028900,0,3.73,0,15.36,30.38,69.62,0,2946.98,1988.54,1920.17,68.38,3623.23,3542.54,2599.99,351.76,0,574696,325450,258701,284655,65491,1432
07,Chiapas,2004,0,5945230.57,4004592.52,3705979.12,1337725.22,0,1661809.3,706444.6,0,0,0,0,0,298613.4,1940638.05,1564301,317270.25,59066.8,0,0,0,0,0,15301.56,0,0,157105241,33534100,0,3.78,0,17.73,67.36,32.64,0,1366.48,1105.48,1023.05,82.43,2272.12,2430.37,1283.68,6399.44,0,4350768,854109,3622477,643647,247157,9230
08,Chihuahua,2004,0,7244452.47,1781973.96,1358366.96,181419.66,0,1000535,176412.3,0,0,0,0,0,423607,5462478.51,5032499,383106,46873.51,0,0,0,0,0,469870.61,0,0,260457239,31470100,0,2.78,0,23.02,24.6,75.4,0,2217.06,1511.94,1152.53,359.42,2677.34,2585.63,1483.63,11662.98,0,3267587,2040265,1178600,1946333,258222,4019
09,Ciudad de México,2004,0,52846741.34,10222299.97,7124633.07,4957680.97,0,1822338.8,344613.3,0,0,0,0,0,3097666.9,42624441.37,31902606,9160665.4,1561169.97,0,0,0,0,0,7637442.51,0,0,1519472541,474593500,0,3.48,0,11.14,19.34,80.66,0,5916.81,2656.76,1851.68,805.08,8300.43,4945.7,2854.21,22537.79,0,8931633,5135207,3847653,6450575,3209525,69269
10,Durango,2004,0,3512724.86,1296346.32,1269679.26,312333.76,0,765335,192010.5,0,0,0,0,0,26667.06,2216378.54,1891524,289607.2,35247.34,0,0,0,0,0,21472.07,0,0,101305374,16132500,0,3.47,0,21.77,36.9,63.1,0,2270.64,1765.58,1729.26,36.32,2711.27,2814.27,1049.25,18001.71,0,1547023,817469,734234,672120,276013,1958
11,Guanajuato,2004,0,7815985.37,2696383.26,2108357.26,844697.26,0,1263660,0,0,0,0,0,0,588026,5119602.11,4385845,429215.08,304542.03,0,0,0,0,0,226712.54,0,0,301103737,32159700,0,2.6,0,24.3,34.5,65.5,0,1564.9,853.88,667.67,186.21,2409.49,2138.51,1226.09,9041.15,0,4994568,2124762,3157798,2050888,350068,33684
12,Guerrero,2004,0,4977599.39,2717436.9,2687523.82,828204.81,0,1859319.01,0,0,0,0,0,0,29913.08,2260162.49,1785002,474798.45,362.04,0,0,0,0,0,18065.99,0,0,128340890,27651500,0,3.88,0,18,54.59,45.41,0,1544.16,1098.05,1085.96,12.09,2767.53,2756.37,1115.35,349.12,0,3223509,816670,2474782,647591,425693,1037
13,Hidalgo,2004,0,4028342.42,2129428.49,2024127.19,697626.69,0,1030958.3,295542.2,0,0,0,0,0,105301.3,1898913.93,1523548,223802.43,151563.5,0,0,0,0,0,23875.67,0,0,124276052,24859000,0,3.24,0,16.2,52.86,47.14,0,1681.26,1264.85,1202.31,62.55,2382.91,2436.2,1084.79,8568.23,0,2396022,796888,1683536,625380,206310,17689
14,Jalisco,2004,0,14276935.25,4295336.95,2950411.06,689210.13,0,2261200.93,0,0,0,0,0,0,1344925.89,9981598.3,9395124,522143.49,64330.81,0,0,0,0,0,1004163.66,0,0,554058119,38384900,0,2.58,0,37.19,30.09,69.91,0,2086.12,1302.28,894.52,407.76,2831.79,2781.31,1607.08,12938.62,0,6843769,3524836,3298319,3377947,324903,4972
15,México,2004,0,18212529.02,7783517.37,7497735.87,3623196.57,0,3874539.3,0,0,0,0,0,0,285781.5,10429011.65,10031641,341426.8,55943.85,0,0,0,0,0,543743.03,0,0,708799838,60861800,0,2.57,0,29.92,42.74,57.26,0,1284.3,1041.88,1003.63,38.25,1602.62,2688,440.6,2958.11,0,14180907,6507461,7470619,3732014,774915,18912
16,Michoacán,2004,0,5538118.5,2471414.96,2285706.03,686515.03,0,1251515.8,347675.2,0,0,0,0,0,185708.93,3066703.54,2521615,509288.96,35799.58,0,0,0,0,0,51693.93,0,0,187708532,24926200,0,2.95,0,22.22,44.63,55.37,0,1348.98,831.24,768.78,62.46,2457.82,2264.51,1450.22,13811.57,0,4105412,1247734,2973156,1113537,351180,2592
17,Morelos,2004,0,3296834.22,1134581.92,1017079.92,417512.92,0,599567,0,0,0,0,0,0,117502,2162252.3,1855435,269952.83,36864.47,0,0,0,0,0,64770.45,0,0,111172356,11571500,0,2.97,0,28.49,34.41,65.59,0,2013.02,1142.98,1024.61,118.37,3221.39,3458.17,1571.81,25564.82,0,1637754,671217,992650,536536,171746,1442
18,Nayarit,2004,0,2143027.16,817894.61,733727.31,165951.61,0,488596.1,79179.6,0,0,0,0,0,84167.3,1325132.55,1139353,185578.64,200.91,0,0,0,0,0,14880.92,0,0,57282239,8815500,0,3.74,0,24.31,38.17,61.83,0,2200.6,1564.68,1403.66,161.02,2879.05,3123.68,1355.94,516.48,0,973836,460267,522724,364747,136863,389
19,Nuevo León,2004,0,10550366.98,1406893.42,1266727.22,222445.52,0,1044281.7,0,0,0,0,0,0,140166.2,9143473.56,8428878,453329.61,261265.95,0,0,0,0,0,2443339.92,0,0,593341643,34966500,0,1.78,0,30.17,13.34,86.66,0,2489.76,1110.89,1000.22,110.68,3059.8,2920.7,2290.76,11682.96,0,4237502,2988255,1266451,2885915,197895,22363
20,Oaxaca,2004,0,5264784.6,3304398.62,3135081,1047974.98,0,1481825.02,605281,0,0,0,0,0,169317.62,1960385.98,1355521,401103.72,203761.26,0,0,0,0,0,17926.98,0,0,142950124,28566700,0,3.68,0,18.43,62.76,37.24,0,1450.91,1157.74,1098.41,59.32,2215.92,2160.62,1282.59,8150.78,0,3628605,884684,2854190,627376,312729,24999
21,Puebla,2004,0,8082339.82,3468999.88,2885400.08,1004613.68,0,1478061.6,402724.8,0,0,0,0,0,583599.8,4613339.94,4119553,396642.34,97144.6,0,0,0,0,0,351142.02,0,0,265601902,28126300,0,3.04,0,28.74,42.92,57.08,0,1469.39,892.35,742.23,150.12,2872.56,2814.27,1354.99,6914.21,0,5500489,1606002,3887480,1463811,292727,14050
22,Querétaro,2004,0,2936382.67,1028386.01,962022.78,239625.57,0,722397.21,0,0,0,0,0,0,66363.23,1907996.66,1744048,146147,17801.66,0,0,0,0,0,133274.26,0,0,147980640,14274900,0,1.98,0,20.57,35.02,64.98,0,1833.59,1275.91,1193.57,82.34,2217.68,1889.83,1358.51,6100.64,0,1601443,860356,806005,922861,107579,2918
23,Quintana Roo,2004,0,2271591.71,766468.7,679221.28,142073.24,0,537148.04,0,0,0,0,0,0,87247.42,1505123.01,1359316,145807.01,0,0,0,0,0,0,70539.16,0,0,114922814,8318400,0,1.98,0,27.31,33.74,66.26,0,2108.37,1578.43,1398.76,179.67,2470.66,2366.19,1670.41,0,0,1077416,609198,485589,574474,87288,0
24,San Luis Potosí,2004,0,4266429.13,1678961.34,1585324.86,536288.81,0,776021.75,273014.3,0,0,0,0,0,93636.48,2587467.79,2213129,275965.55,98373.24,0,0,0,0,0,96970.07,0,0,155113845,17947500,0,2.75,0,23.77,39.35,60.65,0,1730.54,1199.2,1132.32,66.88,2440.16,2244.43,1174.57,17460.64,0,2465380,1060366,1400069,986054,234951,5634
25,Sinaloa,2004,0,5918681.64,1844267.5,1510663.8,560233.2,0,803452.4,146978.2,0,0,0,0,0,333603.7,4074414.14,3552402,458008.63,64003.51,0,0,0,0,0,63789.09,0,0,185355029,24365000,0,3.19,0,24.29,31.16,68.84,0,2220.34,1609.8,1318.61,291.19,2690.32,2875.71,1526.3,24788.35,0,2665663,1514472,1145653,1235315,300077,2582
26,Sonora,2004,0,5982665.66,1711398.46,1215210.16,220507.96,0,994702.2,0,0,0,0,0,0,496188.3,4271267.2,3869828,334060.85,67378.35,0,0,0,0,0,424090.18,0,0,244591949,27180700,0,2.45,0,22.01,28.61,71.39,0,2471.35,1891.37,1343.01,548.37,2745.99,3114.93,1616.02,14095.89,0,2420811,1555458,904844,1242349,206718,4780
27,Tabasco,2004,0,5840148.75,3431753.36,1895110.09,992491.36,0,902618.73,0,0,0,0,0,0,1536643.27,2408395.39,1363423,174989.87,869982.52,0,0,0,0,0,61175.24,0,0,219781987,26033900,0,2.66,0,22.43,58.76,41.24,0,2869.05,2496.89,1378.85,1118.04,3355.93,2435.45,1202.71,8298.11,0,2035566,717654,1374410,559825,145496,104841
28,Tamaulipas,2004,0,7266739.58,2107405.8,1850997.08,523101.12,0,1204314.16,123581.8,0,0,0,0,0,256408.72,5159333.78,3663973,548898.22,946462.56,0,0,0,0,0,236588.85,0,0,292431745,49784800,0,2.48,0,14.6,29,71,0,2391.65,1677.27,1473.2,204.07,2921.47,2190.09,1678.06,10190.6,0,3038381,1766008,1256450,1672981,327102,92876
29,Tlaxcala,2004,0,1726084.34,755447.74,701574.24,210797.74,0,490776.5,0,0,0,0,0,0,53873.5,970636.6,873808,96828.6,0,0,0,0,0,0,21409.89,0,0,57789546,6780000,0,2.99,0,25.46,43.77,56.23,0,1596.74,1042.1,967.78,74.32,2714.73,2964.52,993.9,0,0,1081005,357544,724929,294755,97423,427
30,Veracruz,2004,0,13403444.57,4823130.67,3581149.17,1273157.44,0,1743393.63,564598.1,0,0,0,0,0,1241981.5,8580313.9,6444773,589562.17,1545978.73,0,0,0,0,0,89534.11,0,0,402187892,81612700,0,3.33,0,16.42,35.98,64.02,0,1839.69,1013.89,752.81,261.08,3280.78,2999.29,1402.55,7258.97,0,7285698,2615329,4757064,2148768,420351,212975
31,Yucatán,2004,0,4614152.39,1513704.36,1447196.56,511328.66,0,737296.8,198571.1,0,0,0,0,0,66507.8,3100448.03,2744947,282670.37,72830.66,0,0,0,0,0,201101.33,0,0,110902208,20053900,0,4.16,0,23.01,32.81,67.19,0,2519.15,1710.71,1635.55,75.16,3304.16,3391.59,2068.12,16170.22,0,1831630,938348,884838,809340,136680,4504
32,Zacatecas,2004,0,2572062.31,1292089.7,1164922.8,437396.2,0,492996.6,234530,0,0,0,0,0,127166.9,1279972.61,1088082,191706.31,184.3,0,0,0,0,0,49006.24,0,0,67368178,13552000,0,3.82,0,18.98,50.24,49.76,0,1821.52,1421.38,1281.49,139.89,2444.59,2021.33,1497.28,307.68,0,1412044,523594,909041,538299,128036,599
33,No distribuibles,2004,531012760.2,2761344.07,1997664.07,1997664.07,0,0,0,0,0,1997664.07,0,0,0,0,763680,0,0,0,0,763680,297203212.9,282226260.1,0,0,0,0,390348768,37984200,0,0,0,0,0,0,0,0,0,0,0,0,0,0,0,0,0,0,0,0,0,0
34,Extranjero,2004,0,0,0,0,0,0,0,0,0,0,0,0,0,0,0,0,0,0,0,0,0,0,0,0,0,0,0,4777500,0,0,0,0,0,0,0,0,0,0,0,0,0,0,0,0,0,0,0,0,0,0
35,IMSS-Prospera,2004,0,0,0,0,0,0,0,0,0,0,0,0,0,0,0,0,0,0,0,0,0,0,0,0,0,0,0,0,0,0,0,0,0,0,0,0,0,0,0,0,0,0,0,0,0,0,0,0,0,0
36,Unidades centrales,2004,0,0,0,0,0,0,0,0,0,0,0,0,0,0,0,0,0,0,0,0,0,0,0,0,0,0,0,0,0,0,0,0,0,0,0,0,0,0,0,0,0,0,0,0,0,0,0,0,0,0
37,Gasto Total,2004,531012760.2,233809547.3,77471570.98,65128583.55,23694027.9,0,34510890.58,4926001,0,1997664.07,0,0,0,12342987.43,156337976.3,129643639,18939832.59,6990824.72,0,763680,297203212.9,282226260.1,0,14976952.79,0,0,8828367434,1326952400,6.01,2.65,3.37,17.62,33.13,66.87,5058.68,2227.38,1344.2,1130.04,214.16,3235.63,3014.53,1811.25,10138.24,2831.3,104970581,48317690,57633879,43006225,10456774,689550
01,Aguascalientes,2005,0,2643637.96,976364.89,817042.99,280950.99,0,536092,0,0,0,0,0,0,159321.9,1667273.07,1472440.7,150456.27,44376.1,0,0,0,0,0,45539.58,0,0,93441677,13674300,0,2.83,0,19.33,36.93,63.07,0,2420.15,2182.22,1826.13,356.09,2567.73,2301.95,1374.37,37041.82,0,1092345,649318,447418,639648,109473,1198
02,Baja California,2005,0,5923752.32,1442870.8,1195005.4,362537.8,0,789356.1,43111.5,0,0,0,0,0,247865.4,4480881.52,4113681.6,333460.4,33739.52,0,0,0,0,0,316581.25,0,0,323708541,27578900,0,1.83,0,21.48,24.36,75.64,0,2058.81,1298.33,1075.29,223.03,2487.52,2391.01,2421.61,13251.97,0,2877276,1801343,1111331,1720476,137702,2546
03,Baja California Sur,2005,0,1883699.07,583624.18,523480.78,115279.68,0,408201.1,0,0,0,0,0,0,60143.4,1300074.89,1065826.5,234248.39,0,0,0,0,0,0,8767.63,0,0,63553292,9195800,0,2.96,0,20.48,30.98,69.02,0,3598.24,3099.95,2780.49,319.45,3626.36,3662.51,2445.44,0,0,523505,358507,188269,291010,95790,429
04,Campeche,2005,0,2556928.4,1254694.61,1043229.81,365776.51,0,604806.7,72646.6,0,0,0,0,0,211464.8,1302233.79,855468.6,144915.54,301849.65,0,0,0,0,0,7802.54,0,0,536654993,30284200,0,0.48,0,8.44,49.07,50.93,0,3283.67,2986.29,2482.98,503.31,3742.64,2404.79,1752.6,12245.92,0,778680,347945,420152,355735,82686,24649
05,Coahuila,2005,0,6385576.55,1121583.11,1040895.01,230374.41,0,685868.5,124652.1,0,0,0,0,0,80688.1,5263993.44,4833818.3,398069.41,32105.73,0,0,0,0,0,225235.82,0,0,302737814,26364300,0,2.11,0,24.22,17.56,82.44,0,2487.4,1582.45,1468.61,113.84,2801.85,2803.3,1571.25,18118.36,0,2567167,1878754,708764,1724330,253345,1772
06,Colima,2005,0,1741964.54,672573.82,658326.22,231314.52,0,427011.7,0,0,0,0,0,0,14247.6,1069390.72,855178.4,214110.57,101.75,0,0,0,0,0,19400.9,0,0,48371749,13560300,0,3.6,0,12.85,38.61,61.39,0,2987.9,2519.62,2466.24,53.37,3271.39,2907.91,3217.72,69.69,0,583006,326892,266935,294087,66541,1460
07,Chiapas,2005,0,6869036.67,4993320.4,4184513.8,1652819.7,0,1803755.2,727938.9,0,0,0,0,0,808806.6,1875716.27,1455307,357925.41,62483.86,0,0,0,0,0,8445.86,0,0,167597572,37536500,0,4.1,0,18.3,72.69,27.31,0,1546.9,1337.48,1120.84,216.64,2299.62,2134.22,1425.17,6692.79,0,4440529,815665,3733369,681892,251146,9336
08,Chihuahua,2005,0,7314354.35,2205601.34,1583590.34,301793.94,0,1079508,202288.4,0,0,0,0,0,622011,5108753.01,4632690.9,416394,59668.11,0,0,0,0,0,545450.68,0,0,280959109,35632800,0,2.6,0,20.53,30.15,69.85,0,2210.12,1817.66,1305.06,512.61,2483.74,2255.97,1589.79,14725.59,0,3309479,2056883,1213426,2053523,261918,4052
09,Ciudad de México,2005,0,54413779.79,12958473.7,9301771.3,6973367.4,0,2014686.5,313717.4,0,0,0,0,0,3656702.4,41455306.09,29011491,10558346.01,1885469.08,0,0,0,0,0,9355837.19,0,0,1647432799,543041500,0,3.3,0,10.02,23.81,76.19,0,6061.34,3265.91,2344.31,921.59,8270.2,4364.19,3325.51,26714.31,0,8977190,5012612,3967803,6647625,3174959,70579
10,Durango,2005,0,3664955.26,1518353.31,1497934.31,475903.81,0,818081.3,203949.2,0,0,0,0,0,20419,2146601.95,1786721.1,317129.82,42751.03,0,0,0,0,0,19877.63,0,0,104893623,17931800,0,3.49,0,20.44,41.43,58.57,0,2342.92,2005.79,1978.81,26.97,2652.61,2620.5,1135.84,21613.26,0,1564271,809242,756986,681824,279202,1978
11,Guanajuato,2005,0,8663579.92,3620236.07,2988956.07,1635276.07,0,1353680,0,0,0,0,0,0,631280,5043343.85,4240041.1,470916.38,332386.37,0,0,0,0,0,240182.87,0,0,312731709,37231100,0,2.77,0,23.27,41.79,58.21,0,1713.96,1137.92,939.49,198.42,2372.05,2011.91,1328.83,9603.49,0,5054708,2126156,3181464,2107472,354384,34611
12,Guerrero,2005,0,5435448.02,3223683.12,3106133.52,1117725.82,0,1988407.7,0,0,0,0,0,0,117549.6,2211764.9,1729985.4,481703.08,76.42,0,0,0,0,0,20331.33,0,0,136625414,34552600,0,3.98,0,15.73,59.31,40.69,0,1675.86,1284.98,1238.12,46.86,2773.03,2556.02,1118.23,70.76,0,3243372,797599,2508748,676829,430771,1080
13,Hidalgo,2005,0,4307276.43,2460283.57,2377648.27,949969.57,0,1119436.4,308242.3,0,0,0,0,0,82635.3,1846992.86,1451415.4,243827,151750.46,0,0,0,0,0,22908.58,0,0,119899782,29894700,0,3.59,0,14.41,57.12,42.88,0,1775.7,1426.75,1378.82,47.92,2367.68,2246.43,1132.21,7975.95,0,2425682,780087,1724403,646100,215355,19026
14,Jalisco,2005,0,14698820.53,5095419.63,3425739.43,920664.83,0,2505074.6,0,0,0,0,0,0,1669680.2,9603400.9,8951061.6,587054.82,65284.48,0,0,0,0,0,1230742.11,0,0,596725421,43055900,0,2.46,0,34.14,34.67,65.33,0,2118.37,1516.55,1019.61,496.95,2710.04,2541.65,1779.17,13007.47,0,6938752,3543643,3359865,3521755,329960,5019
15,México,2005,0,19512936.75,9761739.06,8347995.96,4086389.26,0,4261606.7,0,0,0,0,0,0,1413743.1,9751197.69,9331940.4,380214.37,39042.92,0,0,0,0,0,578395.67,0,0,764362206,60740900,0,2.55,0,32.12,50.03,49.97,0,1355.67,1260.44,1077.89,182.54,1502.78,2427.85,455.05,2061.94,0,14393627,6488789,7744725,3843713,835536,18935
16,Michoacán,2005,0,5904081.13,2984360.5,2749177.7,1052111.4,0,1372761.7,324304.6,0,0,0,0,0,235182.8,2919720.63,2334769.1,535112.62,49838.91,0,0,0,0,0,61139.38,0,0,202877762,27970900,0,2.91,0,21.11,50.55,49.45,0,1433.35,990.47,912.41,78.05,2391.59,2024.74,1500.12,17755.22,0,4119076,1220827,3013090,1153119,356714,2807
17,Morelos,2005,0,3531233.67,1479199.53,1319024.53,662455.53,0,656569,0,0,0,0,0,0,160175,2052034.14,1721312.5,288937.61,41784.03,0,0,0,0,0,83503.63,0,0,124410414,12837000,0,2.84,0,27.51,41.89,58.11,0,2133.21,1450,1292.98,157.01,3100.57,3086.67,1653.35,28328.16,0,1655361,661825,1020140,557660,174759,1475
18,Nayarit,2005,0,2274620.73,981488.49,910386.59,310530.99,0,519596.3,80259.3,0,0,0,0,0,71101.9,1293132.24,1094172.5,198935.22,24.52,0,0,0,0,0,13151.16,0,0,62730263,9579900,0,3.63,0,23.74,43.15,56.85,0,2309.97,1824.03,1691.89,132.14,2814.26,2862.88,1432.43,66.99,0,984695,459493,538088,382193,138880,366
19,Nuevo León,2005,0,11116508.65,1770625.31,1584806.01,509368.31,0,1075437.7,0,0,0,0,0,0,185819.3,9345883.34,8560545.9,498783.44,286554,0,0,0,0,0,3048442.33,0,0,648235094,39237900,0,1.71,0,28.33,15.93,84.07,0,2574.23,1339.94,1199.32,140.62,3105.91,2843.12,2470.96,12338.17,0,4318376,3009063,1321423,3010970,201858,23225
20,Oaxaca,2005,0,5990123.62,4067288.82,4020226.92,1651397.82,0,1693893.2,674935.9,0,0,0,0,0,47061.9,1922834.8,1284590.5,433295.14,204949.16,0,0,0,0,0,14556.61,0,0,140574391,33641800,0,4.26,0,17.81,67.9,32.1,0,1638.96,1397.94,1381.76,16.18,2288.91,1951.62,1362.09,7765.58,0,3654837,840067,2909493,658218,318110,26392
21,Puebla,2005,0,8230345.68,3757013.76,3443395.06,1476540.96,0,1578685.9,388168.2,0,0,0,0,0,313618.7,4473331.92,3931785.8,435289.69,106256.43,0,0,0,0,0,326746.9,0,0,296863073,32614600,0,2.77,0,25.24,45.65,54.35,0,1477.15,945.6,866.66,78.93,2844.74,2662.77,1466.74,7328.03,0,5571786,1572491,3973173,1476575,296773,14500
22,Querétaro,2005,0,2962614.02,1084044.75,1009912.95,273590.15,0,736322.8,0,0,0,0,0,0,74131.8,1878569.27,1668262.1,153663.27,56643.9,0,0,0,0,0,172151.19,0,0,168791835,16600200,0,1.76,0,17.85,36.59,63.41,0,1804.59,1308.43,1218.95,89.48,2174.72,1759.39,1404.14,18553.52,0,1641708,863823,828511,948207,109436,3053
23,Quintana Roo,2005,0,2407004.41,861844.89,771693.09,190460.39,0,581232.7,0,0,0,0,0,0,90151.8,1545159.52,1378948.3,166211.22,0,0,0,0,0,0,66537.8,0,0,123869973,9869400,0,1.94,0,24.39,35.81,64.19,0,2142.6,1715.05,1535.65,179.4,2445.78,2312.84,1652.92,0,0,1123401,631766,502518,596214,100556,0
24,San Luis Potosí,2005,0,4407367.26,1963074.6,1781837.3,702592.2,0,812199.8,267045.3,0,0,0,0,0,181237.3,2444292.66,2066084.2,307418.25,70790.21,0,0,0,0,0,75542.91,0,0,171877096,20922800,0,2.56,0,21.06,44.54,55.46,0,1768.21,1383.82,1256.06,127.76,2307.93,2004.22,1288.69,12542.56,0,2492556,1059085,1418590,1030866,238551,5644
25,Sinaloa,2005,0,5874852.33,1952108.94,1595355.74,574957.44,0,866107.2,154291.1,0,0,0,0,0,356753.2,3922743.39,3341696.9,509958.59,71087.9,0,0,0,0,0,69771.09,0,0,193845412,28584400,0,3.03,0,20.55,33.23,66.77,0,2186.37,1630.54,1332.56,297.99,2629.29,2580.67,1677.04,26594.8,0,2687038,1491943,1197215,1294895,304082,2673
26,Sonora,2005,0,6205751.73,2008314.98,1493634.98,441138.58,0,1052496.4,0,0,0,0,0,0,514680,4197436.75,3772724,361872.47,62840.28,0,0,0,0,0,499521.94,0,0,274112423,30032200,0,2.26,0,20.66,32.36,67.64,0,2521.5,2140.9,1592.24,548.66,2684.5,2886.2,1723.06,12951.42,0,2461139,1563582,938071,1307159,210017,4852
27,Tabasco,2005,0,8299826.65,5640674.74,3871875.44,1993881.34,0,1877994.1,0,0,0,0,0,0,1768799.3,2659151.91,1545330.8,199795.9,914025.21,0,0,0,0,0,68255.01,0,0,260510672,28213200,0,3.19,0,29.42,67.96,32.04,0,4024.1,3980.1,2732.02,1248.08,3781.98,2697.69,1357.56,8533.12,0,2062531,703111,1417220,572835,147173,107115
28,Tamaulipas,2005,0,7410711.17,2370545.98,2129556.78,695887.58,0,1277525.5,156143.7,0,0,0,0,0,240989.2,5040165.19,3390103.4,591270.89,1058790.9,0,0,0,0,0,245324.67,0,0,325281018,53707500,0,2.28,0,13.8,31.99,68.01,0,2394.49,1834.05,1647.6,186.45,2827.13,1931.82,1783.38,11008.77,0,3094907,1782786,1292517,1754871,331545,96177
29,Tlaxcala,2005,0,1872157.52,969013.49,894976.89,369215.29,0,525761.6,0,0,0,0,0,0,74036.6,903144.03,795005.2,108138.83,0,0,0,0,0,0,3962.46,0,0,54034750,7795000,0,3.46,0,24.02,51.76,48.24,0,1698.08,1289.77,1191.22,98.54,2600.09,2684.2,1094.47,0,0,1102517,347351,751309,296180,98805,424
30,Veracruz,2005,0,13596211.59,5319268.97,4531477.37,1616381.87,0,2319579.6,595515.9,0,0,0,0,0,787791.6,8276942.62,5981433,631173.89,1664335.73,0,0,0,0,0,94072.68,0,0,425100612,98018600,0,3.2,0,13.87,39.12,60.88,0,1850.44,1097.67,935.11,162.57,3228.16,2677.05,1478.92,7683.06,0,7347572,2563984,4845946,2234336,426781,216624
31,Yucatán,2005,0,4998224.68,1955051.98,1869397.68,859586.48,0,798959.3,210851.9,0,0,0,0,0,85654.3,3043172.7,2658315.4,309572.85,75284.45,0,0,0,0,0,205334.03,0,0,123611230,23642600,0,4.04,0,21.14,39.11,60.89,0,2682.12,2145.87,2051.86,94.01,3247.74,3243.79,2224.69,15212.05,0,1863537,937012,911075,819509,139153,4949
32,Zacatecas,2005,0,2702944.37,1470670.06,1386372.06,625248.46,0,521151.1,239972.5,0,0,0,0,0,84298,1232274.31,1019682.6,212567.2,24.51,0,0,0,0,0,19640.56,0,0,70551112,13098100,0,3.83,0,20.64,54.41,45.59,0,1903.05,1600.87,1509.1,91.76,2375.89,1847.79,1634.06,38.6,0,1420322,518658,918672,551840,130085,635
33,No distribuibles,2005,569652226.5,3481113.9,2587007.82,2587007.82,0,0,0,0,0,2062267.42,524740.4,0,0,0,894106.08,0,0,0,0,894106.08,322370786.9,304657632.9,0,0,0,0,395675282,26852600,0,0,0,0,0,0,0,0,0,0,0,0,0,0,0,0,0,0,0,0,0,0
34,Extranjero,2005,0,0,0,0,0,0,0,0,0,0,0,0,0,0,0,0,0,0,0,0,0,0,0,0,0,0,0,3873800,0,0,0,0,0,0,0,0,0,0,0,0,0,0,0,0,0,0,0,0,0,0
35,IMSS-Prospera,2005,0,0,0,0,0,0,0,0,0,0,0,0,0,0,0,0,0,0,0,0,0,0,0,0,0,0,0,0,0,0,0,0,0,0,0,0,0,0,0,0,0,0,0,0,0,0,0,0,0,0
36,Unidades centrales,2005,0,0,0,0,0,0,0,0,0,0,0,0,0,0,0,0,0,0,0,0,0,0,0,0,0,0,0,0,0,0,0,0,0,0,0,0,0,0,0,0,0,0,0,0,0,0,0,0,0,0
37,Gasto Total,2005,569652226.5,247281439.7,95110419.22,80042378.12,33705489.1,0,38661846.4,5088034.8,0,2062267.42,524740.4,0,0,15068041.1,152171020.5,122331830.2,21230768.55,7714315.62,0,894106.08,322370786.9,304657632.9,0,17713153.99,0,0,9562648113,1477368100,5.96,2.59,3.37,16.74,38.46,61.54,5355.34,2324.71,1608.48,1353.65,254.83,3168.89,2747.08,2002.52,10902.38,3030.63,106370948,48020302,59130709,44531666,10602046,707581
01,Aguascalientes,2006,0,2869575.16,1136713.31,982464.01,384890.01,0,597574,0,0,0,0,0,0,154249.3,1732861.85,1497236.01,170377.62,65248.22,0,0,0,0,0,132671.53,0,0,105137207,12642300,0,2.73,0,22.7,39.61,60.39,0,2572.9,2499.39,2160.23,339.16,2628.32,2149.28,1527.79,54876.55,0,1115306,659303,454796,696622,111519,1189
02,Baja California,2006,0,6742666.38,1809800.14,1281760.44,387523.74,0,849485.3,44751.4,0,0,0,0,0,528039.7,4932866.24,4542277.66,355774.93,34813.65,0,0,0,0,0,366356.99,0,0,360815261,29452500,0,1.87,0,22.89,26.84,73.16,0,2290.58,1590.19,1126.23,463.96,2681.87,2504.5,2539.8,12903.5,0,2943650,1839337,1138103,1813648,140080,2698
03,Baja California Sur,2006,0,2181724,745279.5,675560,278756.2,0,396803.8,0,0,0,0,0,0,69719.5,1436444.5,1166673.11,269771.39,0,0,0,0,0,0,29831.48,0,0,70927389,10662000,0,3.08,0,20.46,34.16,65.84,0,4000.96,3824.77,3466.97,357.8,3880.52,3653.14,2759.33,0,0,545300,370168,194856,319362,97767,429
04,Campeche,2006,0,2992293.57,1566600.89,1188086.79,432602.29,0,662475.6,93008.9,0,0,0,0,0,378514.1,1425692.68,954333.06,152045.55,319314.07,0,0,0,0,0,20162.6,0,0,609382952,23897700,0,0.49,0,12.52,52.35,47.65,0,3779.96,3665.34,2779.74,885.6,4024.99,2521,1809.36,12246.92,0,791621,354210,427410,378553,84033,26073
05,Coahuila,2006,0,6704593.84,1293771.81,1212134.61,364682.01,0,704238.7,143213.9,0,0,0,0,0,81637.2,5410822.03,4945545.44,432025.44,33251.15,0,0,0,0,0,380361.9,0,0,336941509,28458600,0,1.99,0,23.56,19.3,80.7,0,2567.45,1794.8,1681.55,113.25,2841.09,2773.21,1678.14,7495.75,0,2611380,1904489,720843,1783328,257443,4436
06,Colima,2006,0,2157418.69,1065158.45,1050924.35,589617.15,0,461307.2,0,0,0,0,0,0,14234.1,1092260.24,936316.29,155943.95,0,0,0,0,0,0,26485.52,0,0,53738132,14986600,0,4.01,0,14.4,49.37,50.63,0,3623,3930.62,3878.09,52.53,3269.55,3035.32,2306.86,0,0,595479,334071,270990,308474,67600,9502
07,Chiapas,2006,0,6810613.33,4767137.62,4212681.72,1403818.12,0,1911215.6,897648,0,0,0,0,0,554455.9,2043475.71,1608777.68,373789.04,60908.99,0,0,0,0,0,33572.47,0,0,185859755,43966300,0,3.66,0,15.49,70,30,0,1502.2,1258.22,1111.88,146.34,2469.76,2193.55,1462.74,34686.21,0,4533772,827398,3788801,733413,255541,1756
08,Chihuahua,2006,0,8643562.11,2815856.82,2034656.82,622259.32,0,1147818,264579.5,0,0,0,0,0,781200,5827705.29,5315095.7,446906.84,65702.75,0,0,0,0,0,598137.97,0,0,318850357,38548400,0,2.71,0,22.42,32.58,67.42,0,2585.3,2291.38,1655.68,635.69,2783.65,2520.83,1680.56,45437.59,0,3343356,2093547,1228892,2108474,265928,1446
09,Ciudad de México,2006,0,56870600.77,13906397.53,9970508.03,7538860.43,0,2143021.6,288626,0,0,0,0,0,3935889.5,42964203.24,29442624.81,11589466.41,1932112.02,0,0,0,0,0,10628086.89,0,0,1804728049,624358800,0,3.15,0,9.11,24.45,75.55,0,6317.73,3495.53,2506.2,989.33,8593.5,4251.76,3568.06,27295.5,0,9001741,4999619,3978335,6924803,3248110,70785
10,Durango,2006,0,5228822.25,2992815.9,2969126.9,1869850.5,0,882224,217052.4,0,0,0,0,0,23689,2236006.35,1854217.36,331332.46,50456.53,0,0,0,0,0,36554.25,0,0,113919846,24268200,0,4.59,0,21.55,57.24,42.76,0,3301.73,3919.52,3888.5,31.02,2720.5,2667.34,1169.65,32323.21,0,1583660,821911,763567,695155,283276,1561
11,Guanajuato,2006,0,9204175.42,4083758.46,3386594.46,1953103.46,0,1433491,0,0,0,0,0,0,697164,5120416.96,4278629.19,499908.94,341878.83,0,0,0,0,0,253390.14,0,0,360437276,39274300,0,2.55,0,23.44,44.37,55.63,0,1790.7,1279.58,1061.14,218.45,2390.45,1912.52,1390.27,18104.15,0,5139975,2142031,3191477,2237168,359577,18884
12,Guerrero,2006,0,5917809.36,3625448.08,3376551.38,1459911.48,0,1916639.9,0,0,0,0,0,0,248896.7,2292361.28,1798564.22,493797.06,0,0,0,0,0,0,32502.64,0,0,145524010,37161900,0,4.07,0,15.92,61.26,38.74,0,1805.6,1436.68,1338.04,98.63,2858.37,2561.16,1130.25,0,0,3277472,801981,2523498,702246,436892,1062
13,Hidalgo,2006,0,4829792.41,2840882.64,2774774.54,1218232.04,0,1239308.5,317234,0,0,0,0,0,66108.1,1988909.77,1545340.3,269359.6,174209.87,0,0,0,0,0,54837.66,0,0,148799174,33026000,0,3.25,0,14.62,58.82,41.18,0,1954.3,1633.12,1595.12,38,2509.98,2297.86,1231.51,5268.23,0,2471362,792402,1739539,672512,218723,33068
14,Jalisco,2006,0,16384939.04,6108976.5,4359891.4,1793655.4,0,2566236,0,0,0,0,0,0,1749085.1,10275962.54,9585769.45,623381.54,66811.55,0,0,0,0,0,1321949.43,0,0,655681341,48236300,0,2.5,0,33.97,37.28,62.72,0,2326.87,1794.98,1281.05,513.93,2856.38,2616.68,1857.77,3418.17,0,7041613,3597552,3403364,3663337,335554,19546
15,México,2006,0,21281646.7,10941113.3,9196714.35,4564160.95,0,4632553.4,0,0,0,0,0,0,1744398.95,10340533.4,9900331.42,397932.19,42269.79,0,0,0,0,0,1038686.76,0,0,837804879,75695500,0,2.54,0,28.11,51.41,48.59,0,1456.59,1385.32,1164.45,220.87,1566.96,2427.28,469.7,8358.67,0,14610633,6599114,7897909,4078772,847202,5057
16,Michoacán,2006,0,6423760.56,3276722.83,2994895.48,1001527.18,0,1582930.5,410437.8,0,0,0,0,0,281827.35,3147037.73,2531482.53,564688.84,50866.36,0,0,0,0,0,104231.79,0,0,224728021,30951700,0,2.86,0,20.75,51.01,48.99,0,1543.27,1082.74,989.62,93.13,2553.57,2061.94,1560.27,17655.8,0,4162425,1232406,3026319,1227721,361918,2881
17,Morelos,2006,0,3763094.13,1558932.13,1388397.13,721698.13,0,666699,0,0,0,0,0,0,170535,2204162,1850793.95,300378.93,52989.12,0,0,0,0,0,103142.42,0,0,127253829,14150800,0,2.96,0,26.59,41.43,58.57,0,2239.35,1506.43,1341.64,164.79,3291.31,3174.03,1688.27,36096.13,0,1680439,669692,1034852,583105,177921,1468
18,Nayarit,2006,0,2550240.15,1164429.6,1084072.6,427700.4,0,564319.8,92052.4,0,0,0,0,0,80357,1385810.55,1173236.68,212573.87,0,0,0,0,0,0,16141.73,0,0,67060707,10763600,0,3.8,0,23.69,45.66,54.34,0,2542.16,2132,1984.87,147.13,2950.14,3035.13,1504.64,0,0,1003180,469744,546168,386553,141279,23449
19,Nuevo León,2006,0,11848061.75,2154758.36,1977330.06,820113.66,0,1157216.4,0,0,0,0,0,0,177428.3,9693303.39,8827895.97,541233.9,324173.52,0,0,0,0,0,2837873.15,0,0,734544280,40072600,0,1.61,0,29.57,18.19,81.81,0,2693.31,1601.86,1469.96,131.9,3163.94,2772.96,2632.4,888146.63,0,4399069,3063678,1345158,3183566,205605,365
20,Oaxaca,2006,0,6570829.56,4494608.79,4358913.89,1875347.29,0,1793672.7,689893.9,0,0,0,0,0,135694.9,2076220.77,1400386.32,462111.95,213722.5,0,0,0,0,0,31337.41,0,0,170626628,38763700,0,3.85,0,16.95,68.4,31.6,0,1779.18,1544.37,1497.74,46.63,2461.65,2067.5,1432.77,7996.5,0,3693175,843425,2910319,677334,322530,26727
21,Puebla,2006,0,8987877.54,4199085.8,3802009,1550188.5,0,1781413.2,470407.3,0,0,0,0,0,397076.8,4788791.74,4199442.19,464280.4,125069.15,0,0,0,0,0,554108.47,0,0,324953260,35405100,0,2.77,0,25.39,46.72,53.28,0,1593.26,1049.56,950.31,99.25,3011.89,2769.92,1540.35,8580.49,0,5641184,1589964,4000796,1516086,301412,14576
22,Querétaro,2006,0,3212733.47,1220612.83,1145591.03,338605.83,0,806985.2,0,0,0,0,0,0,75021.8,1992120.64,1767464.49,162199.12,62457.03,0,0,0,0,0,247738.81,0,0,188519439,17420100,0,1.7,0,18.44,37.99,62.01,0,1908.48,1454.59,1365.19,89.4,2269.71,1740.6,1454.31,19973.47,0,1683397,877699,839143,1015433,111530,3127
23,Quintana Roo,2006,0,3005010.06,1350016.21,1253079.01,601751.41,0,651327.6,0,0,0,0,0,0,96937.2,1654993.85,1463538.9,191454.95,0,0,0,0,0,0,99379.68,0,0,138303362,11047900,0,2.17,0,27.2,44.93,55.07,0,2574.55,2597.96,2411.42,186.55,2526.71,2190.28,1872.26,0,0,1167197,655000,519644,668198,102259,0
24,San Luis Potosí,2006,0,4914570.86,2270221.87,2092843.87,918953.47,0,881829,292061.4,0,0,0,0,0,177378,2644348.99,2235852.22,335430.61,73066.16,0,0,0,0,0,131541.49,0,0,193076797,23020300,0,2.55,0,21.35,46.19,53.81,0,1950.1,1590.84,1466.54,124.3,2464.83,2085.29,1381.98,12989.54,0,2520160,1072833,1427061,1072203,242718,5625
25,Sinaloa,2006,0,6241614.66,2109490.48,1767100.78,684289.18,0,931300.3,151511.3,0,0,0,0,0,342389.7,4132124.18,3493692.26,561728.41,76703.51,0,0,0,0,0,108113.02,0,0,208519559,31495400,0,2.99,0,19.82,33.8,66.2,0,2302.13,1742.58,1459.74,282.84,2734.51,2611.93,1820.96,18060.63,0,2711230,1511104,1210556,1337588,308480,4247
26,Sonora,2006,0,7624770.49,3074595.78,2610086.98,1470614.78,0,1139472.2,0,0,0,0,0,0,464508.8,4550174.71,4079134.8,397153.79,73886.12,0,0,0,0,0,469563.06,0,0,315218313,34156000,0,2.42,0,22.32,40.32,59.68,0,3043.68,3227.03,2739.49,487.54,2862.98,2976.48,1862.25,15319.54,0,2505114,1589315,952763,1370454,213265,4823
27,Tabasco,2006,0,9081269.61,6462381.16,4298630.36,1913752.46,0,2384877.9,0,0,0,0,0,0,2163750.8,2618888.45,1395657.93,207497.36,1015733.16,0,0,0,0,0,57574.63,0,0,306835949,28135500,0,2.96,0,32.28,71.16,28.84,0,4328.08,4498.99,2992.62,1506.36,3685.03,2286.45,1389.51,9354.1,0,2098221,710683,1436408,610403,149331,108587
28,Tamaulipas,2006,0,8051376.93,2539239.26,2165859.76,596184.86,0,1382504.8,187170.1,0,0,0,0,0,373379.5,5512137.67,3766032.8,604531.69,1141573.18,0,0,0,0,0,361628.71,0,0,359094867,53120800,0,2.24,0,15.16,31.54,68.46,0,2561.49,1933.53,1649.22,284.31,3035.12,2082.44,1793.26,11941.27,0,3143235,1816120,1313266,1808467,337114,95599
29,Tlaxcala,2006,0,2754341.07,1746737.39,1665038.39,1092484.39,0,572554,0,0,0,0,0,0,81699,1007603.68,878446.09,129157.59,0,0,0,0,0,0,8446.59,0,0,56021512,8337100,0,4.92,0,33.04,63.42,36.58,0,2455.03,2293.25,2185.99,107.26,2866.92,2921.34,1285.09,0,0,1121917,351458,761686,300700,100505,467
30,Veracruz,2006,0,14451884.12,5626761.91,5032100.11,1873642.61,0,2463267.8,695189.7,0,0,0,0,0,594661.8,8825122.21,6311531.95,669758.6,1843831.66,0,0,0,0,0,137787.16,0,0,490348098,109750700,0,2.95,0,13.17,38.93,61.07,0,1946.67,1154.96,1032.9,122.06,3421.06,2687.3,1544.4,8453.91,0,7423894,2579643,4871833,2348650,433670,218104
31,Yucatán,2006,0,4915897.16,1673340.38,1542509.38,464936.78,0,865052,212520.6,0,0,0,0,0,130831,3242556.78,2803357.83,358475.36,80723.59,0,0,0,0,0,244232.35,0,0,135527402,25303900,0,3.63,0,19.43,34.04,65.96,0,2600.8,1808.82,1667.4,141.42,3422.32,3329.8,2528.39,18777.29,0,1890146,947473,925100,841899,141780,4299
32,Zacatecas,2006,0,2659115.13,1269063.91,1164500.91,333997.71,0,581623.2,248880,0,0,0,0,0,104563,1390051.22,1166548.14,223503.08,0,0,0,0,0,0,28495.87,0,0,81756348,14668000,0,3.25,0,18.13,47.73,52.27,0,1852.6,1374.84,1261.56,113.28,2648,2040.58,1693.32,0,0,1435343,524943,923062,571674,131991,630
33,No distribuibles,2006,613591387.1,3987336.77,2938568.53,2938568.53,0,0,0,0,0,2326055.88,612512.65,0,0,0,1048768.24,0,0,0,0,1048768.24,343727370.1,323232445.5,0,0,0,0,400003918,56206800,0,0,0,0,0,0,0,0,0,0,0,0,0,0,0,0,0,0,0,0,0,0
34,Extranjero,2006,0,0,0,0,0,0,0,0,0,0,0,0,0,0,0,0,0,0,0,0,0,0,0,0,0,0,0,3769200,0,0,0,0,0,0,0,0,0,0,0,0,0,0,0,0,0,0,0,0,0,0
35,IMSS-Prospera,2006,0,0,0,0,0,0,0,0,0,0,0,0,0,0,0,0,0,0,0,0,0,0,0,0,0,0,0,0,0,0,0,0,0,0,0,0,0,0,0,0,0,0,0,0,0,0,0,0,0,0
36,Unidades centrales,2006,0,0,0,0,0,0,0,0,0,0,0,0,0,0,0,0,0,0,0,0,0,0,0,0,0,0,0,0,0,0,0,0,0,0,0,0,0,0,0,0,0,0,0,0,0,0,0,0,0,0
37,Gasto Total,2006,613591387.1,269864017.1,108829278.2,91953957.07,41547711.74,0,41751438.2,5716238.6,0,2326055.88,612512.65,0,0,16875321.1,161034738.9,128716226.8,22947971.41,8321772.48,0,1048768.24,343727370.1,323232445.5,0,20494924.57,0,0,10630939426,1671174600,5.77,2.54,3.23,16.15,40.33,59.67,5687.42,2501.39,1820.91,1538.55,282.35,3310.59,2760.02,2126.28,11680.24,3186.03,107885646,48642313,59766514,46635901,10792553,712466
01,Aguascalientes,2007,0,3155750.45,1211961.55,1052284.05,429380.95,0,622903.1,0,0,0,0,0,0,159677.5,1943788.9,1675184.6,202272.2,66332.1,0,0,0,0,0,177060.81,0,0,119896797,14600400,0,2.63,0,21.61,38.4,61.6,0,2773.79,2620.36,2275.13,345.24,2898.95,2347.78,1723.7,54910.68,0,1137704,670515,462517,713519,117348,1208
02,Baja California,2007,0,7938737.03,2572291.93,2123395.33,1143090.5,0,931973.73,48331.1,0,0,0,0,0,448896.6,5366445.1,4919331.8,411329.3,35784,0,0,0,0,0,545299.51,0,0,379005635,32143700,0,2.09,0,24.7,32.4,67.6,0,2641.98,2207.84,1822.54,385.29,2859.5,2668.2,2787.86,12984.03,0,3004841,1876709,1165074,1843690,147543,2756
03,Baja California Sur,2007,0,2312401.8,784075,667451,244068.3,0,423382.7,0,0,0,0,0,0,116624,1528326.8,1244156.1,284170.7,0,0,0,0,0,0,55046.96,0,0,84264177,11257800,0,2.74,0,20.54,33.91,66.09,0,4056.02,3882.71,3305.19,577.52,3993.55,3546.82,2664.77,0,0,570116,382699,201940,350781,106640,445
04,Campeche,2007,0,3354332.94,1789558.44,1242013.44,447489.24,0,723290.1,71234.1,0,0,0,0,0,547545,1564774.5,1002611.5,174917.4,387245.6,0,0,0,0,0,28297.71,0,0,657079799,35976800,0,0.51,0,9.32,53.35,46.65,0,4177.45,4115.92,2856.59,1259.33,4338.63,2549.02,2009.21,14838.13,0,802962,360661,434789,393332,87058,26098
05,Coahuila,2007,0,7070391.1,1387318.4,1290727,333353.6,0,788154.5,169218.9,0,0,0,0,0,96591.4,5683072.7,5179620.1,463939.6,39513,0,0,0,0,0,572145.82,0,0,369675950,29605700,0,1.91,0,23.88,19.62,80.38,0,2660.8,1892.1,1760.37,131.74,2943.37,2793.99,1699.56,22260.85,0,2657245,1930804,733215,1853842,272977,1775
06,Colima,2007,0,1964407.87,816782.87,804757.57,288476.87,0,516280.7,0,0,0,0,0,0,12025.3,1147625,985357.8,162267.2,0,0,0,0,0,0,33203.51,0,0,60492715,14481000,0,3.25,0,13.57,41.58,58.42,0,3211.67,2965.59,2921.93,43.66,3358.32,3126.88,2297.82,0,0,611647,341726,275420,315125,70618,1434
07,Chiapas,2007,0,8155424.65,6045602.05,5798940.55,2898121.35,0,2038430.1,862389.1,0,0,0,0,0,246661.5,2109822.6,1640348.7,402381.8,67092.1,0,0,0,0,0,63197.76,0,0,198100751,39553900,0,4.12,0,20.62,74.13,25.87,0,1760.85,1570.1,1506.04,64.06,2519.04,2140.44,1493.82,7048.97,0,4631540,837549,3850465,766362,269365,9518
08,Chihuahua,2007,0,9911710.82,3425054.12,2350019.12,884636.32,0,1201366,264016.8,0,0,0,0,0,1075035,6486656.7,5949036.9,470015.7,67604.1,0,0,0,0,0,818406.43,0,0,347744208,38687000,0,2.85,0,25.62,34.56,65.44,0,2939.69,2749.87,1886.76,863.11,3043.93,2758.97,1671.92,14232.44,0,3371690,2131013,1245531,2156256,281124,4750
09,Ciudad de México,2007,0,67374083.75,17184235.35,12842285.65,10559520.75,0,2162584.1,120180.8,0,0,0,0,0,4341949.7,50189848.4,30624422.6,17441158,2124267.8,0,0,0,0,0,11497783.48,0,0,1925779648,732782000,0,3.5,0,9.19,25.51,74.49,0,7476.12,4307.72,3219.29,1088.43,10069.63,4222.64,5751.66,30086.22,0,9011907,4984278,3989172,7252440,3032367,70606
10,Durango,2007,0,4205081.59,1783629.49,1751214.49,465489.59,0,1041844,243880.9,0,0,0,0,0,32415,2421452.1,1982810.2,383986.6,54655.3,0,0,0,0,0,72437.66,0,0,122456294,23507800,0,3.43,0,17.89,42.42,57.58,0,2619.53,2317.81,2275.69,42.12,2896.88,2724.15,1288.54,33510.3,0,1605283,835884,769531,727865,298002,1631
11,Guanajuato,2007,0,11175427.16,5647495.56,4993671.46,3492021.06,0,1501650.4,0,0,0,0,0,0,653824.1,5527931.6,4610177.3,555163.7,362590.6,0,0,0,0,0,325564.83,0,0,379998591,42231100,0,2.94,0,26.46,50.53,49.47,0,2128.93,1759.9,1556.15,203.75,2549.72,1998.09,1478.21,11028.03,0,5249308,2168054,3208990,2307288,375566,32879
12,Guerrero,2007,0,6547943.68,4001939.98,3752456.28,1708079.58,0,2044376.7,0,0,0,0,0,0,249483.7,2546003.7,1990927.8,555075.9,0,0,0,0,0,0,53773.3,0,0,158826221,39102400,0,4.12,0,16.75,61.12,38.88,0,1969.6,1572.44,1474.42,98.03,3163.54,2780.34,1218.23,0,0,3324510,804796,2545044,716073,455640,1058
13,Hidalgo,2007,0,5170169.07,3023882.37,2945780.07,1208734.57,0,1365031.1,372014.4,0,0,0,0,0,78102.3,2146286.7,1616399,302257.7,227630,0,0,0,0,0,66296.42,0,0,155257261,32098400,0,3.33,0,16.11,58.49,41.51,0,2042.7,1720.27,1675.84,44.43,2658.14,2293.87,1328.39,11690.12,0,2531045,807439,1757792,704659,227537,19472
14,Jalisco,2007,0,17381969.48,6606640.18,4505388.88,1941136.58,0,2564252.3,0,0,0,0,0,0,2101251.3,10775329.3,10009761.5,681556,84011.8,0,0,0,0,0,1717895.28,0,0,705499372,54256300,0,2.46,0,32.04,38.01,61.99,0,2429.42,1916.73,1307.11,609.62,2948.26,2602.89,1940.7,16619.55,0,7154781,3654811,3446837,3845630,351190,5055
15,México,2007,0,25508803.79,14608614.29,11231158.29,6402479.29,0,4828679,0,0,0,0,0,0,3377456,10900189.5,10419838.1,441688.3,38663.1,0,0,0,0,0,1336340.54,0,0,909155345,80341500,0,2.81,0,31.75,57.27,42.73,0,1719.44,1813.11,1393.93,419.18,1624.93,2397.97,487.08,2038.44,0,14835566,6708083,8057217,4345266,906815,18967
16,Michoacán,2007,0,7142342.63,3812181.33,3508268.83,1337957.93,0,1765350.7,404960.2,0,0,0,0,0,303912.5,3330161.3,2683395.3,592648.7,54117.3,0,0,0,0,0,146495.23,0,0,245625964,31579200,0,2.91,0,22.62,53.37,46.63,0,1687.96,1252.56,1152.7,99.86,2671.08,2062.07,1568.11,18732.19,0,4231339,1246747,3043512,1301312,377939,2889
17,Morelos,2007,0,4177959.18,1909000.48,1731082.98,990851.88,0,740231.1,0,0,0,0,0,0,177917.5,2268958.7,1893509.7,317339.1,58109.9,0,0,0,0,0,171665.11,0,0,134376326,15665900,0,3.11,0,26.67,45.69,54.31,0,2440.2,1818.24,1648.79,169.46,3348.48,3162.43,1707.99,38921.57,0,1712141,677608,1049914,598751,185797,1493
18,Nayarit,2007,0,2833357.05,1363945.65,1249797.75,489725.75,0,647444.6,112627.4,0,0,0,0,0,114147.9,1469411.4,1241145,228266.4,0,0,0,0,0,0,28726.41,0,0,70481637,12025500,0,4.02,0,23.56,48.14,51.86,0,2756.19,2456.62,2251.02,205.59,3056.91,3144.69,1521.1,0,0,1027998,480685,555213,394680,150067,394
19,Nuevo León,2007,0,12365631.46,2205371.66,2012725.16,762311.56,0,1250413.6,0,0,0,0,0,0,192646.5,10160259.8,9225116.5,591144.1,343999.2,0,0,0,0,0,3794909.89,0,0,813097654,44821100,0,1.52,0,27.59,17.83,82.17,0,2758.38,1611.34,1470.58,140.76,3258.01,2755.04,2718.77,14353.04,0,4482940,3118546,1368660,3348452,217431,23967
20,Oaxaca,2007,0,7146953.11,4968482.41,4919737.31,2128610.51,0,2028034.5,763092.3,0,0,0,0,0,48745.1,2178470.7,1424458.9,498976,255035.8,0,0,0,0,0,33586.2,0,0,173610814,37106100,0,4.12,0,19.26,69.52,30.48,0,1910.01,1698.51,1681.85,16.66,2567.82,1997.3,1474.26,9468.92,0,3741849,848373,2925199,713193,338458,26934
21,Puebla,2007,0,9907846.29,5042975.39,4816693.29,2716459.29,0,1600822.2,499411.8,0,0,0,0,0,226282.1,4864870.9,4227168.7,515760.3,121941.9,0,0,0,0,0,371974.89,0,0,355837972,36418600,0,2.78,0,27.21,50.9,49.1,0,1734.72,1248.01,1192.01,56,3021.21,2708.45,1647.31,8335.63,0,5711504,1610237,4040805,1560731,313092,14629
22,Querétaro,2007,0,3497851.54,1388793.54,1326986.54,472429.44,0,854557.1,0,0,0,0,0,0,61807,2109058,1851129.6,192669.7,65258.7,0,0,0,0,0,338106.32,0,0,207403044,17622500,0,1.69,0,19.85,39.7,60.3,0,2025.28,1628.83,1556.34,72.49,2358.17,1747.22,1668.61,20664.57,0,1727097,894361,852635,1059472,115467,3158
23,Quintana Roo,2007,0,3002525.15,1198933.15,1026193.25,336653.95,0,689539.3,0,0,0,0,0,0,172739.9,1803592,1602139.6,201452.4,0,0,0,0,0,0,166125.68,0,0,158761482,11392100,0,1.89,0,26.36,39.93,60.07,0,2482.41,2227.13,1906.25,320.88,2652.88,2277.3,1807.49,0,0,1209520,679862,538332,703527,111454,0
24,San Luis Potosí,2007,0,5471803.03,2629060.73,2482608.23,1109108.13,0,1054851.4,318648.7,0,0,0,0,0,146452.5,2842742.3,2378599.6,384757.3,79385.4,0,0,0,0,0,210342.76,0,0,208802945,24649500,0,2.62,0,22.2,48.05,51.95,0,2146.54,1829.68,1727.76,101.92,2612.34,2123.97,1491.01,14587.54,0,2549125,1088197,1436898,1119884,258052,5442
25,Sinaloa,2007,0,7004434.53,2598620.53,2152679.23,969490.73,0,1010326.1,172862.4,0,0,0,0,0,445941.3,4405814,3717631.9,618934.1,69248,0,0,0,0,0,195607.34,0,0,232728363,30678100,0,3.01,0,22.83,37.1,62.9,0,2557.86,2123.08,1758.75,364.34,2880.05,2564.05,1901.85,16602.25,0,2738399,1529769,1223985,1449907,325438,4171
26,Sonora,2007,0,7177831.14,2427180.54,1896186.84,656648.14,0,1239538.7,0,0,0,0,0,0,530993.7,4750650.6,4231470,441046.5,78134.1,0,0,0,0,0,513815.79,0,0,339339338,37520400,0,2.12,0,19.13,33.81,66.19,0,2811.07,2505.29,1957.21,548.08,2937.51,2977.04,1937.62,16076.98,0,2553416,1617239,968821,1421369,227623,4860
27,Tabasco,2007,0,8181262.94,5461265.44,3640963.74,2620192.44,0,1020771.3,0,0,0,0,0,0,1820301.7,2719997.5,1411147.1,233471.1,1075379.3,0,0,0,0,0,80924.74,0,0,341289313,38400700,0,2.4,0,21.3,66.75,33.25,0,3819.63,3750.38,2500.34,1250.05,3786.84,2237.16,1501.7,9975.32,0,2141902,718276,1456188,630777,155471,107804
28,Tamaulipas,2007,0,9022458.52,3218266.32,2856296.62,1174466.82,0,1504118.9,177710.9,0,0,0,0,0,361969.7,5804192.2,3892578.8,643934.2,1267679.2,0,0,0,0,0,558359.05,0,0,383429085,63301800,0,2.35,0,14.25,35.67,64.33,0,2831.48,2411.65,2140.4,271.25,3137.27,2092.47,1828.78,13228.14,0,3186486,1850080,1334466,1860276,352112,95832
29,Tlaxcala,2007,0,2312737.2,1246357.2,1154565.1,519558.9,0,635006.2,0,0,0,0,0,0,91792.1,1066380,929854.4,136525.6,0,0,0,0,0,0,10304.9,0,0,59806397,9367300,0,3.87,0,24.69,53.89,46.11,0,2028.44,1610.18,1491.59,118.59,2992.46,3082.17,1288.5,0,0,1140157,356356,774049,301688,105957,505
30,Veracruz,2007,0,17177080.69,7787928.69,6984879.69,3240672.29,0,3066680.4,677527,0,0,0,0,0,803049,9389152,6615220.3,746991.3,2026940.4,0,0,0,0,0,220357.47,0,0,532290028,108855600,0,3.23,0,15.78,45.34,54.66,0,2285.76,1586.32,1422.75,163.57,3616.98,2746.56,1662.98,9309.17,0,7514814,2595857,4909423,2408550,449188,217736
31,Yucatán,2007,0,5401032.27,1948143.87,1782035.17,625624.97,0,916901.6,239508.6,0,0,0,0,0,166108.7,3452888.4,2980375.3,389284.9,83228.2,0,0,0,0,0,220359.67,0,0,147321328,24766300,0,3.67,0,21.81,36.07,63.93,0,2822.61,2071.76,1895.11,176.65,3603.14,3420.82,2599.88,18898.32,0,1913489,958299,940334,871247,149732,4404
32,Zacatecas,2007,0,3115843.1,1673716,1541377.1,547190.7,0,721688,272498.4,0,0,0,0,0,132338.9,1442127.1,1194705.3,247421.8,0,0,0,0,0,0,13579.77,0,0,89738450,15015000,0,3.47,0,20.75,53.72,46.28,0,2139.5,1804.55,1661.86,142.68,2708.69,1944.05,1752.02,0,0,1456344,532408,927499,614544,141221,629
33,No distribuibles,2007,674351681.6,5490230.47,4353316.15,4353316.15,0,0,0,0,0,3011307.99,1342008.16,0,0,0,1136914.32,0,0,0,0,1136914.32,372695866.1,348253616.9,0,0,0,0,436902608,123363600,0,0,0,0,0,0,0,0,0,0,0,0,0,0,0,0,0,0,0,0,0,0
34,Extranjero,2007,0,0,0,0,0,0,0,0,0,0,0,0,0,0,0,0,0,0,0,0,0,0,0,4258.03,0,0,0,8145700,0,0,0,0,0,0,0,0,0,0,0,0,0,0,0,0,0,0,0,0,0,0
35,IMSS-Prospera,2007,0,0,0,0,0,0,0,0,0,0,0,0,0,0,0,0,0,0,0,0,0,0,0,0,0,0,0,0,0,0,0,0,0,0,0,0,0,0,0,0,0,0,0,0,0,0,0,0,0,0
36,Unidades centrales,2007,0,0,0,0,0,0,0,0,0,0,0,0,0,0,0,0,0,0,0,0,0,0,0,0,0,0,0,0,0,0,0,0,0,0,0,0,0,0,0,0,0,0,0,0,0,0,0,0,0,0
37,Gasto Total,2007,674351681.6,301655815.5,126122620.7,106787936.2,53144031.98,0,43500474.23,5790113.8,0,3011307.99,1342008.16,0,0,19334684.5,175533194.8,135349630,29912803.6,9133846.9,0,1136914.32,372695866.1,348253616.9,0,24442249.27,0,0,11504075512,1911320800,5.86,2.62,3.24,15.78,41.81,58.19,6156.29,2753.88,2085.03,1765.4,319.64,3560.66,2782.08,2725.72,12819.45,3402.41,109538665,49297921,60489467,48650488,10974289,712499
01,Aguascalientes,2008,0,3507354.6,1445388.9,1263832.4,591678.9,0,672153.5,0,0,0,0,0,0,181556.5,2061965.7,1734316.5,250158.6,77490.6,0,0,0,0,0,187807.2,0,0,126346473,15653900,0,2.78,0,22.41,41.21,58.79,0,3020.49,3102.34,2712.65,389.69,2996.57,2476.68,2063.04,62141.62,0,1161188,688108,465903,700260,121257,1247
02,Baja California,2008,0,10381938.08,4682403.78,2468181.78,1437948.28,0,977643.7,52589.8,0,0,0,0,0,2214222,5699534.3,5144437.3,502822.8,52274.2,0,0,0,0,0,556573,0,0,395576586,44247100,0,2.62,0,23.46,45.1,54.9,0,3382.67,3973.2,2094.35,1878.85,2957.4,2901.53,3309.2,18817.21,0,3069155,1927211,1178498,1773006,151947,2778
03,Baja California Sur,2008,0,2668426.4,965872,775116.1,309855.4,0,465260.7,0,0,0,0,0,0,190755.9,1702554.4,1297236.2,405318.2,0,0,0,0,0,0,54130.2,0,0,92207468,15276800,0,2.89,0,17.47,36.2,63.8,0,4478.16,4646.77,3729.05,917.72,4283.33,3810.13,3683.61,0,0,595876,397484,207859,340470,110033,476
04,Campeche,2008,0,4053150.44,2317271.54,1562881.54,723432.34,0,753625.6,85823.6,0,0,0,0,0,754390,1735878.9,1067561.3,212619.6,455698,0,0,0,0,0,24836.9,0,0,740140020,52385400,0,0.55,0,7.74,57.17,42.83,0,4974.98,5249.13,3540.27,1708.86,4714.78,2572.45,2369.39,16792.5,0,814707,368178,441458,414998,89736,27137
05,Coahuila,2008,0,7692583.5,1798562.3,1710183.3,737212.6,0,801598,171372.7,0,0,0,0,0,88379,5894021.2,5298798.5,556016.1,39206.6,0,0,0,0,0,696752.9,0,0,401229645,34188400,0,1.92,0,22.5,23.38,76.62,0,2843.25,2439.05,2319.2,119.85,2997.21,2924.13,1979.36,22063.37,0,2705559,1966502,737403,1812096,280907,1777
06,Colima,2008,0,2230553.46,1033711.86,1013676.46,431221.86,0,582454.6,0,0,0,0,0,0,20035.4,1196841.6,1006724.3,190117.3,0,0,0,0,0,0,55292.2,0,0,65592169,21255800,0,3.4,0,10.49,46.34,53.66,0,3548.75,3692.14,3620.58,71.56,3413.4,3107.12,2607.42,0,0,628547,350630,279976,324006,72914,1458
07,Chiapas,2008,0,9564762.65,7299419.95,7085748.05,3976897.35,0,2174694,934156.7,0,0,0,0,0,213671.9,2265342.7,1718820.5,469774.4,76747.8,0,0,0,0,0,62554.8,0,0,219146599,54797200,0,4.36,0,17.45,76.32,23.68,0,2020.69,1866.18,1811.56,54.63,2663.03,2160.52,1685.95,7790.07,0,4733412,850665,3911415,795557,278640,9852
08,Chihuahua,2008,0,10564653.83,3867620.73,2734609.83,1104383.83,0,1351232.3,278993.7,0,0,0,0,0,1133010.9,6697033.1,6028134.9,572786.3,96111.9,0,0,0,0,0,824862.9,0,0,369944074,48308900,0,2.86,0,21.87,36.61,63.39,0,3105.77,3088.69,2183.86,904.82,3072.98,2990.71,1980.59,20077.69,0,3401622,2179328,1252189,2015623,289200,4787
09,Ciudad de México,2008,0,67908433.83,16870507.73,12406698.13,9658985.63,0,2400721,346991.5,0,0,0,0,0,4463809.6,51037926.1,32750733,16034955.4,2252237.7,0,0,0,0,0,13368401.2,0,0,2052359403,674458100,0,3.31,0,10.07,24.84,75.16,0,7526.4,4305.65,3166.41,1139.24,10104.13,4520.68,5155.75,31730.6,0,9022695,5051194,3918227,7244651,3110112,70980
10,Durango,2008,0,4729562.11,2111917.71,2088434.11,742682.51,0,1091863.5,253888.1,0,0,0,0,0,23483.6,2617644.4,2083100.2,459700,74844.2,0,0,0,0,0,67834,0,0,133623021,30947400,0,3.54,0,15.28,44.65,55.35,0,2905.36,2739.31,2708.85,30.46,3053.17,2930.35,1499.45,44763.28,0,1627873,857354,770967,710871,306579,1672
11,Guanajuato,2008,0,12681025.54,6714896.44,5956974.04,4356395.64,0,1600578.4,0,0,0,0,0,0,757922.4,5966129.1,4777404.9,779142,409582.2,0,0,0,0,0,411730.3,0,0,419537053,51675900,0,3.02,0,24.54,52.95,47.05,0,2363.55,2080.47,1845.64,234.83,2699.56,2035.41,2018.64,12421.75,0,5365249,2210034,3227586,2347149,385973,32973
12,Guerrero,2008,0,8198364.36,5261776.76,5038172.36,2584035.86,0,2454136.5,0,0,0,0,0,0,223604.4,2936587.6,2270355.8,666231.8,0,0,0,0,0,0,53370.3,0,0,167978877,47267400,0,4.88,0,17.34,64.18,35.82,0,2429.59,2049.67,1962.56,87.1,3608.51,3114.02,1415.2,0,0,3374388,813796,2567137,729076,470770,1070
13,Hidalgo,2008,0,5980435.9,3682346.7,3577642.9,1706698.5,0,1504012.9,366931.5,0,0,0,0,0,104703.8,2298089.2,1673377.1,379581.3,245130.8,0,0,0,0,0,99959.8,0,0,175038767,46093800,0,3.42,0,12.97,61.57,38.43,0,2305.79,2070.07,2011.21,58.86,2781.11,2350.17,1618.08,12573.39,0,2593655,826321,1778854,712023,234587,19496
14,Jalisco,2008,0,19352597.23,7759365.03,5847462.73,2966262.03,0,2881200.7,0,0,0,0,0,0,1911902.3,11593232.2,10611136.3,884562.4,97533.5,0,0,0,0,0,1693891.1,0,0,750814023,69994500,0,2.58,0,27.65,40.09,59.91,0,2660.19,2227.58,1678.71,548.87,3107.88,2719.41,2445.41,19471.65,0,7274893,3730271,3483312,3901998,361724,5009
15,México,2008,0,30394697.15,18652591.05,13927452.45,8835976.45,0,5091476,0,0,0,0,0,0,4725138.6,11742106.1,11039832.8,662696.2,39577.1,0,0,0,0,0,1580577.6,0,0,981146431,109494900,0,3.1,0,27.76,61.37,38.63,0,2017.02,2279.92,1702.36,577.56,1711.9,2512.5,712.23,2079.39,0,15069100,6859127,8181258,4393966,930452,19033
16,Michoacán,2008,0,8811605.34,5049132.14,4833668.94,2271685.44,0,2096107.5,465876,0,0,0,0,0,215463.2,3762473.2,2948719.9,744223.6,69529.7,0,0,0,0,0,139972.5,0,0,270330443,42134800,0,3.26,0,20.91,57.3,42.7,0,2046.87,1647.94,1577.61,70.32,2963.12,2186.62,1913.72,23545.45,0,4304908,1269767,3063914,1348530,388888,2953
17,Morelos,2008,0,4740994.28,2300585.38,2109250.48,1338138.98,0,771111.5,0,0,0,0,0,0,191334.9,2440408.9,1919169.3,471151.7,50087.9,0,0,0,0,0,148689.8,0,0,140312172,19932600,0,3.38,0,23.79,48.53,51.47,0,2716.42,2159.71,1980.09,179.62,3547.47,3170.23,2458.87,32377.44,0,1745308,687930,1065227,605373,191613,1547
18,Nayarit,2008,0,3194857.12,1632978.22,1511331.12,697194.22,0,699569.4,114567.5,0,0,0,0,0,121647.1,1561878.9,1281516.8,280362.1,0,0,0,0,0,0,23588.1,0,0,81399737,15971200,0,3.92,0,20,51.11,48.89,0,3031.49,2898.27,2682.37,215.9,3153.75,3231.75,1813.2,0,0,1053890,495245,563432,396539,154623,385
19,Nuevo León,2008,0,13184021.22,2692771.32,2458097.22,1090128.92,0,1367968.3,0,0,0,0,0,0,234674.1,10491249.9,9375438.7,751197.5,364613.7,0,0,0,0,0,3335750,0,0,873801707,61807600,0,1.51,0,21.33,20.42,79.58,0,2884.39,1946.45,1776.82,169.63,3295.56,2760.42,3346.76,14856.12,0,4570821,3183446,1383425,3396387,224455,24543
20,Oaxaca,2008,0,10061767.44,7717831.94,7570528.94,3624212.54,0,3136739.2,809577.2,0,0,0,0,0,147303,2343935.5,1435977,635085.1,272873.4,0,0,0,0,0,54674,0,0,192561534,50444900,0,5.23,0,19.95,76.7,23.3,0,2652.72,2618.19,2568.22,49.97,2737.27,1937.44,1816.78,9989.14,0,3793004,856303,2947775,741171,349566,27317
21,Puebla,2008,0,12362201.08,7184655.48,6444473.18,3791644.38,0,2128020.6,524808.2,0,0,0,0,0,740182.3,5177545.6,4348439.5,663291.5,165814.6,0,0,0,0,0,632610.3,0,0,385126957,50419800,0,3.21,0,24.52,58.12,41.88,0,2136.89,1761.62,1580.14,181.49,3149.24,2761.83,2064.3,11121.03,0,5785129,1644064,4078426,1574479,321316,14910
22,Querétaro,2008,0,4088726.52,1792014.62,1732368.12,802032.12,0,930336,0,0,0,0,0,0,59646.5,2296711.9,1929669.2,288884.5,78158.2,0,0,0,0,0,404054.9,0,0,228284803,22752100,0,1.79,0,17.97,43.83,56.17,0,2306.37,2073.63,2004.61,69.02,2506.26,1805.66,2426.38,24205.08,0,1772795,916391,864192,1068676,119060,3229
23,Quintana Roo,2008,0,3404513.23,1418332.23,1181874.93,505484.43,0,676390.5,0,0,0,0,0,0,236457.3,1986181,1735850.9,250330.1,0,0,0,0,0,0,189516.4,0,0,175082242,14694900,0,1.94,0,23.17,41.66,58.34,0,2715.44,2554.53,2128.65,425.88,2810.31,2353.57,2108.42,0,0,1253759,706748,555222,737539,118729,0
24,San Luis Potosí,2008,0,6009537.76,2988134.36,2833021.76,1470447.16,0,1029606.9,332967.7,0,0,0,0,0,155112.6,3021403.4,2464751.2,472041.5,84610.7,0,0,0,0,0,241273,0,0,225361594,38340900,0,2.67,0,15.67,49.72,50.28,0,2329.51,2068.78,1961.39,107.39,2718.7,2206.04,1774.53,15198.62,0,2579739,1111342,1444393,1117275,266010,5567
25,Sinaloa,2008,0,7931804.46,3175747.06,2649536.26,1199525.06,0,1249391.9,200619.3,0,0,0,0,0,526210.8,4756057.4,3884360.2,778760.7,92936.5,0,0,0,0,0,207870.1,0,0,260205206,41012600,0,3.05,0,19.34,40.04,59.96,0,2866.34,2587.42,2158.69,428.73,3049.31,2629.75,2325.79,22260.24,0,2767220,1559717,1227381,1477083,334837,4175
26,Sonora,2008,0,7844997.41,2791250.71,2206522.41,879777.71,0,1326744.7,0,0,0,0,0,0,584728.3,5053746.7,4443152.1,522159.4,88435.2,0,0,0,0,0,527764.4,0,0,360308272,50755500,0,2.18,0,15.46,35.58,64.42,0,3012.66,2850,2252.96,597.03,3057.68,3193.45,2225.18,18204.03,0,2604014,1652805,979387,1391331,234659,4858
27,Tabasco,2008,0,8701287.63,5611754.33,3765297.63,2645817.63,0,1119480,0,0,0,0,0,0,1846456.7,3089533.3,1494411.2,295153.7,1299968.4,0,0,0,0,0,77478.9,0,0,414905271,44658900,0,2.1,0,19.48,64.49,35.51,0,3977.73,3806.83,2554.25,1252.57,4243.43,2205.72,1845.11,11680.07,0,2187500,728074,1474129,677515,159965,111298
28,Tamaulipas,2008,0,9615923.85,3611494.85,3087791.85,1385422.05,0,1544932,157437.8,0,0,0,0,0,523703,6004429,3886940.7,744131.7,1373356.6,0,0,0,0,0,583130.5,0,0,429771347,83473500,0,2.24,0,11.52,37.56,62.44,0,2975.39,2676.84,2288.67,388.17,3176.93,2125.26,2057.57,13959.57,0,3231820,1890011,1349163,1828924,361656,98381
29,Tlaxcala,2008,0,2871373.98,1728768.48,1659744.08,888627.08,0,771117,0,0,0,0,0,0,69024.4,1142605.5,959542.4,183063.1,0,0,0,0,0,0,10075.8,0,0,67699514,13493100,0,4.24,0,21.28,60.21,39.79,0,2476.91,2195.26,2107.61,87.65,3156.79,3238.17,1669.04,0,0,1159255,361952,787501,296322,109682,561
30,Veracruz,2008,0,20549673.95,10424675.85,8698506.75,5125827.55,0,2853527.5,719151.7,0,0,0,0,0,1726169.1,10124998.1,6763773.3,1038199.9,2323024.9,0,0,0,0,0,225111.6,0,0,580223999,137505700,0,3.54,0,14.94,50.73,49.27,0,2699.89,2105.71,1757.03,348.67,3863.41,2698.94,2240.88,10425.52,0,7611301,2620739,4950674,2506086,463300,222821
31,Yucatán,2008,0,6324419.74,2529023.04,2365253.14,1013289.24,0,1062708.2,289255.7,0,0,0,0,0,163769.9,3795396.7,3172642.3,511084.7,111669.7,0,0,0,0,0,213999.8,0,0,159011746,35698600,0,3.98,0,17.72,39.99,60.01,0,3262.03,2658.16,2486.03,172.13,3894.94,3618.39,3309,23440.32,0,1938800,974443,951418,876811,154453,4764
32,Zacatecas,2008,0,3811083.16,2196886.96,2030281.46,850548.46,0,914018.8,265714.2,0,0,0,0,0,166605.5,1614196.2,1264471.5,349724.7,0,0,0,0,0,0,17599.4,0,0,102382135,19972700,0,3.72,0,19.08,57.64,42.36,0,2577.26,2352.51,2174.1,178.41,2976.66,1933.7,2390.4,0,0,1478733,542285,933849,653914,146304,622
33,No distribuibles,2008,683663069.5,5618608.71,4391668.88,4391668.88,0,0,0,0,0,3330033.38,1061635.5,0,0,0,1226939.83,0,0,0,0,1226939.83,344627133.5,304863936.2,12942360,48567.2,0,0,316395993,155814000,0,0,0,0,0,0,0,0,0,0,0,0,0,0,0,0,0,0,0,0,0,0
34,Extranjero,2008,0,0,0,0,0,0,0,0,0,0,0,0,0,0,0,0,0,0,0,0,0,0,0,536.2,0,0,0,14225600,0,0,0,0,0,0,0,0,0,0,0,0,0,0,0,0,0,0,0,0,0,0
35,IMSS-Prospera,2008,0,0,0,0,0,0,0,0,0,0,0,0,0,0,0,0,0,0,0,0,0,0,0,0,0,0,0,0,0,0,0,0,0,0,0,0,0,0,0,0,0,0,0,0,0,0,0,0,0,0
36,Unidades centrales,2008,0,0,0,0,0,0,0,0,0,0,0,0,0,0,0,0,0,0,0,0,0,0,0,0,0,0,0,0,0,0,0,0,0,0,0,0,0,0,0,0,0,0,0,0,0,0,0,0,0,0
37,Gasto Total,2008,683663069.5,339035936,153701358.3,128986283.3,69743470.15,0,48480421.4,6370722.9,0,3330033.38,1061635.5,0,0,24715075,185334577.6,141810795.8,32005327.9,10291514.1,0,1226939.83,344627133.5,304863936.2,12942360,26820837.3,0,0,12353845281,2229154500,5.53,2.74,2.79,15.21,45.33,54.67,6143.85,3046.8,2518.8,2113.78,405.02,3686.24,2899.44,2833.85,14142.99,3097.05,111275915,50277465,61021550,48909705,11293947,727676
01,Aguascalientes,2009,0,4241333.67,1891487.01,1695771.87,908806.77,0,786965.1,0,0,0,0,0,0,195715.14,2349846.66,1921829.2,345696.46,82321,0,0,0,0,0,211763.37,0,0,126299281,16206400,0,3.36,0,26.17,44.6,55.4,0,3578.74,3984.47,3572.19,412.28,3351.05,2760.49,2767.61,65024.49,0,1185148,701227,474715,696191,124908,1266
02,Baja California,2009,0,10334378.6,3958734.87,2614516.07,1522144.29,0,1035862.87,56508.91,0,0,0,0,0,1344218.8,6375643.73,5733179.11,608694.62,33770,0,0,0,0,0,763009.66,0,0,369919305,46150700,0,2.79,0,22.39,38.31,61.69,0,3296.54,3286.33,2170.43,1115.9,3246.73,3324.14,3911.57,11970.93,0,3134914,1963712,1204607,1724713,155614,2821
03,Baja California Sur,2009,0,3122066.71,1192566.03,940500.31,422012.56,0,518487.75,0,0,0,0,0,0,252065.72,1929500.68,1416389.4,513111.28,0,0,0,0,0,0,82364.57,0,0,96174409,17476600,0,3.25,0,17.86,38.2,61.8,0,5017.97,5532.59,4363.2,1169.39,4690.69,4403.28,4538.68,0,0,622177,411347,215553,321667,113053,486
04,Campeche,2009,0,4091800.41,2286898.3,1727865.3,819130.06,0,827781,80954.24,0,0,0,0,0,559033,1804902.11,1111807.89,232395.22,460699,0,0,0,0,0,55568.36,0,0,542318291,123401100,0,0.75,0,3.32,55.89,44.11,0,4950.51,5091.74,3847.06,1244.68,4813.95,2698.44,2522.47,16728.36,0,826542,374932,449139,412019,92130,27540
05,Coahuila,2009,0,8580141.09,2056637.31,1790376.31,745628.16,0,852668,192080.15,0,0,0,0,0,266261,6523503.78,5774599.62,714579.16,34325,0,0,0,0,0,802175.24,0,0,361353645,37266600,0,2.37,0,23.02,23.97,76.03,0,3114.73,2742.49,2387.43,355.05,3271.49,3227.92,2477.96,19006.09,0,2754694,1994049,749917,1788952,288374,1806
06,Colima,2009,0,2608915.8,1272868.6,1247917.8,546638.2,0,701279.6,0,0,0,0,0,0,24950.8,1336047.2,1126816.84,209230.36,0,0,0,0,0,0,75460.13,0,0,65811816,20862400,0,3.96,0,12.51,48.79,51.21,0,4040.34,4460.43,4373,87.43,3714.53,3376.83,2790.52,0,0,645717,359681,285369,333691,74979,1481
07,Chiapas,2009,0,10536239.54,8007617.24,7672440.8,4488877.85,0,2139835.63,1043727.32,0,0,0,0,0,335176.44,2528622.3,1899965.08,544597.22,84060,0,0,0,0,0,115711.63,0,0,217703311,73269800,0,4.84,0,14.38,76,24,0,2178.24,2014.5,1930.18,84.32,2935.67,2340.11,1887.91,8406,0,4837038,861343,3974983,811912,288465,10000
08,Chihuahua,2009,0,11634415.84,4295085.61,2860156.61,1264282.95,0,1320872,275001.66,0,0,0,0,0,1434929,7339330.23,6655147.72,612678.51,71504,0,0,0,0,0,920982.43,0,0,353730603,49705300,0,3.29,0,23.41,36.92,63.08,0,3390.71,3386.04,2254.81,1131.23,3311.04,3390.01,2066.32,14718.81,0,3431265,2216623,1268470,1963164,296507,4858
09,Ciudad de México,2009,0,77984155.38,23814241.89,19516974.79,15885907.54,0,2566430.8,1064636.45,0,0,0,0,0,4297267.1,54169913.49,35554926.93,16217861.38,2397125.18,0,0,0,0,0,13159478.84,0,0,2084223853,736183400,0,3.74,0,10.59,30.54,69.46,0,8636.86,6065.88,4971.29,1094.58,10757.26,4871.51,5144.46,33275.84,0,9029228,5035659,3925935,7298549,3152488,72038
10,Durango,2009,0,5180508.83,2329829.87,2280148.91,838518.58,0,1167313.93,274316.4,0,0,0,0,0,49680.96,2850678.96,2288930.84,496736.12,65012,0,0,0,0,0,114092.9,0,0,138318420,33166700,0,3.75,0,15.62,44.97,55.03,0,3138.63,2995.96,2932.08,63.89,3267.68,3116.64,1581.47,38287.4,0,1650564,872386,777656,734422,314097,1698
11,Guanajuato,2009,0,13817257.26,7326086.88,6646068.48,4988172.28,0,1657896.2,0,0,0,0,0,0,680018.4,6491170.38,5216473.93,856108.45,418588,0,0,0,0,0,530750.35,0,0,412105016,56264800,0,3.35,0,24.56,53.02,46.98,0,2519.67,2248.75,2040.02,208.73,2890.74,2173.77,2159.97,12509.35,0,5483751,2245502,3257852,2399741,396352,33462
12,Guerrero,2009,0,8072293.82,5043507.1,4799158.1,1850730.28,0,2881408.92,67018.9,0,0,0,0,0,244349,3028786.72,2282852.41,745934.31,0,0,0,0,0,0,79177.55,0,0,171107678,47288300,0,4.72,0,17.07,62.48,37.52,0,2356.83,1942.62,1848.5,94.12,3698.31,3099.04,1548.38,0,0,3425068,818964,2596240,736633,481752,1087
13,Hidalgo,2009,0,6451104.94,3904605.31,3804099.31,1874553.37,0,1537003,392542.94,0,0,0,0,0,100506,2546499.63,1851835.24,433098.39,261566,0,0,0,0,0,102532.76,0,0,161786625,44986700,0,3.99,0,14.34,60.53,39.47,0,2427.72,2163.94,2108.24,55.7,3014.08,2578.2,1775.19,13222.42,0,2657268,844867,1804397,718267,243973,19782
14,Jalisco,2009,0,21555041.09,8816595.76,6530539.86,3476877.04,0,3053662.82,0,0,0,0,0,0,2286055.9,12738445.33,11640082.63,994807.7,103555,0,0,0,0,0,2153498.16,0,0,743570736,75428800,0,2.9,0,28.58,40.9,59.1,0,2914.01,2494.17,1847.46,646.71,3354.77,2903.43,2676.16,20364.8,0,7397049,3797109,3534884,4009078,371729,5085
15,México,2009,0,36866419.6,23564176.17,15954358.06,10279252.54,0,5555300.02,119805.5,0,0,0,0,0,7609818.11,13302243.43,12320360.33,929439.1,52444,0,0,0,0,0,2120810.56,0,0,975921433,119408200,0,3.78,0,30.87,63.92,36.08,0,2409.1,2824.69,1912.48,912.21,1907.56,2820.3,958.86,2714.91,0,15302954,6973426,8342218,4368457,969314,19317
16,Michoacán,2009,0,10199430.83,6030060.36,5657630.26,2486636.24,0,2693258.8,477735.22,0,0,0,0,0,372430.1,4169370.47,3210957.9,895857.57,62555,0,0,0,0,0,196227.9,0,0,268656308,45922800,0,3.8,0,22.21,59.12,40.88,0,2328.87,1949.79,1829.37,120.42,3234.7,2314.99,2251.8,20872.54,0,4379564,1288950,3092665,1387030,397840,2997
17,Morelos,2009,0,5284244.14,2452674.28,2256056.28,1415842.28,0,840214,0,0,0,0,0,0,196618,2831569.86,2181485.32,601964.54,48120,0,0,0,0,0,222551.56,0,0,144051976,23228800,0,3.67,0,22.75,46.41,53.59,0,2970.66,2266.04,2084.38,181.66,4060.49,3587,3015.63,30591.23,0,1778809,697347,1082361,608164,199615,1573
18,Nayarit,2009,0,3476761.35,1685527.9,1576301.7,735040.73,0,719653,121607.97,0,0,0,0,0,109226.2,1791233.45,1467100.9,324132.55,0,0,0,0,0,0,45997.41,0,0,79868877,17492200,0,4.35,0,19.88,48.48,51.52,0,3218.99,2931.5,2741.53,189.97,3520.51,3502.56,2042.72,0,0,1080077,508800,574972,418865,158677,392
19,Nuevo León,2009,0,14168410.07,2909865.06,2611839.36,1192816.48,0,1419022.88,0,0,0,0,0,0,298025.7,11258545.01,10076260.72,869563.29,312721,0,0,0,0,0,4256684.63,0,0,851460085,66025400,0,1.66,0,21.46,20.54,79.46,0,3040.36,2067.97,1856.17,211.8,3475.86,3010.29,3756.63,12555.55,0,4660113,3239070,1407110,3347270,231474,24907
20,Oaxaca,2009,0,9326619.05,6673302.64,6330057.49,3457094.11,0,2040057.12,832906.26,0,0,0,0,0,343245.15,2653316.41,1595251.41,764495,293570,0,0,0,0,0,55409.71,0,0,190446280,55211200,0,4.9,0,16.89,71.55,28.45,0,2426.04,2243.74,2128.33,115.41,3070.43,2109.15,2118.46,10589.4,0,3844376,864151,2974188,756348,360873,27723
21,Puebla,2009,0,12146703.81,6499518.34,6171032.83,3954458.06,0,1646588,569986.77,0,0,0,0,0,328485.51,5647185.47,4735950.29,763130.18,148105,0,0,0,0,0,492897.77,0,0,373642294,53605900,0,3.25,0,22.66,53.51,46.49,0,2073.17,1574.6,1495.02,79.58,3384.16,2949.25,2322.33,9786.24,0,5858990,1668712,4127724,1605814,328606,15134
22,Querétaro,2009,0,4744039.58,2118639.98,1835792.34,861884.44,0,973907.9,0,0,0,0,0,0,282847.64,2625399.6,2096915.84,464588.76,63895,0,0,0,0,0,534272.81,0,0,233711419,25073600,0,2.03,0,18.92,44.66,55.34,0,2607.35,2408,2086.52,321.48,2806.04,1917.82,3788.26,19486.12,0,1819485,935626,879833,1093387,122639,3279
23,Quintana Roo,2009,0,4044004.35,1786682.06,1507996.6,657863.47,0,850133.13,0,0,0,0,0,0,278685.46,2257322.29,1980844.14,276478.15,0,0,0,0,0,0,219229.15,0,0,167709174,17126900,0,2.41,0,23.61,44.18,55.82,0,3112.53,3111.2,2625.91,485.28,3085.42,2770.93,2242.34,0,0,1299264,731610,574275,714867,123299,0
24,San Luis Potosí,2009,0,6371630.87,3035457.42,2859616.32,1470409.71,0,1053704.37,335502.24,0,0,0,0,0,175841.1,3336173.45,2661639.96,589432.49,85101,0,0,0,0,0,368360.44,0,0,223032482,38570100,0,2.86,0,16.52,47.64,52.36,0,2440.6,2080.91,1960.36,120.54,2951.54,2420.11,2157.7,15062.12,0,2610684,1130318,1458719,1099801,273176,5650
25,Sinaloa,2009,0,8838841.37,3577133.37,2810128.4,1237194.43,0,1377070.61,195863.36,0,0,0,0,0,767004.97,5261708,4287429.34,891860.66,82418,0,0,0,0,0,300371.18,0,0,261437516,47174700,0,3.38,0,18.74,40.47,59.53,0,3161.42,2882.43,2264.38,618.05,3330.42,2843.56,2593.32,19456.56,0,2795841,1579895,1241013,1507770,343907,4236
26,Sonora,2009,0,8607512.07,3004634.49,2240115.22,900393.1,0,1339722.12,0,0,0,0,0,0,764519.27,5602877.58,4955802.75,575357.83,71717,0,0,0,0,0,592325.25,0,0,354073917,51709900,0,2.43,0,16.65,34.91,65.09,0,3241.67,3015.48,2248.2,767.28,3328.91,3572.7,2390.05,14544.11,0,2655268,1683099,996402,1387130,240730,4931
27,Tabasco,2009,0,8816633.73,5578084.22,3727216.91,2546460.2,0,1180756.71,0,0,0,0,0,0,1850867.31,3238549.51,1586192.71,308547.8,1343809,0,0,0,0,0,162866.49,0,0,379235268,82077900,0,2.32,0,10.74,63.27,36.73,0,3946.84,3734.33,2495.24,1239.09,4400.59,2318.96,1877.95,11896.96,0,2233846,735936,1493731,684009,164300,112954
28,Tamaulipas,2009,0,10680542.98,3981240.18,3333954.18,1454675.2,0,1706745,172533.98,0,0,0,0,0,647286,6699302.8,4367994.31,872569.49,1458739,0,0,0,0,0,826453.79,0,0,387891004,97798200,0,2.75,0,10.92,37.28,62.72,0,3258.71,2908.95,2436,472.95,3486.35,2443.37,2342.13,14610.04,0,3277533,1921581,1368617,1787693,372554,99845
29,Tlaxcala,2009,0,3185748.59,1908248.07,1801573.06,1115396.11,0,686176.95,0,0,0,0,0,0,106675.01,1277500.52,1053799.06,223701.46,0,0,0,0,0,0,20714.62,0,0,69236590,13466800,0,4.6,0,23.66,59.9,40.1,0,2702.89,2381.74,2248.59,133.14,3474.81,3570.34,1971.84,0,0,1178644,367646,801200,295154,113448,571
30,Veracruz,2009,0,21956173.81,10806844.68,9377156.94,5468652.49,0,3134641.76,773862.69,0,0,0,0,0,1429687.74,11149329.13,7363652.43,1395910.7,2389766,0,0,0,0,0,330502.04,0,0,578093725,190406400,0,3.8,0,11.53,49.22,50.78,0,2848.43,2022.3,1754.76,267.54,4842.36,2861.97,2933.12,10567.64,0,7708162,2302456,5343827,2572934,475914,226140
31,Yucatán,2009,0,6905145.55,2796147.69,2594290.5,1180681.19,0,1141541.44,272067.87,0,0,0,0,0,201857.19,4108997.86,3414488.5,569180.36,125329,0,0,0,0,0,316430.35,0,0,164626320,37313600,0,4.19,0,18.51,40.49,59.51,0,3514.4,2890.3,2681.65,208.65,4165.63,3893.28,3580.56,25910.48,0,1964816,986405,967424,877020,158964,4837
32,Zacatecas,2009,0,4069761.95,2384158.61,2228709.21,912225.05,0,1010665.14,305819.02,0,0,0,0,0,155449.4,1685603.34,1349663.43,335939.91,0,0,0,0,0,0,29268.67,0,0,111392950,22336100,0,3.65,0,18.22,58.58,41.42,0,2710.7,2530.62,2365.62,165,3053.37,2003.66,2219.15,0,0,1501369,552046,942123,673598,151382,630
33,No distribuibles,2009,729341322.8,6935735.38,5334315.85,5334315.85,0,0,0,0,0,3995439.13,1338876.72,0,0,0,1601419.53,0,0,0,0,1601419.53,354507310.8,310720111.5,13507614,14212.15,0,0,503852239,67370500,0,0,0,0,0,0,0,0,0,0,0,0,0,0,0,0,0,0,0,0,0,0
34,Extranjero,2009,0,0,0,0,0,0,0,0,0,0,0,0,0,0,0,0,0,0,0,0,0,0,0,7432.88,0,0,0,10632900,0,0,0,0,0,0,0,0,0,0,0,0,0,0,0,0,0,0,0,0,0,0
35,IMSS-Prospera,2009,0,0,0,0,0,0,0,0,0,0,0,0,0,0,0,0,0,0,0,0,0,0,0,0,0,0,0,0,0,0,0,0,0,0,0,0,0,0,0,0,0,0,0,0,0,0,0,0,0,0
36,Unidades centrales,2009,0,0,0,0,0,0,0,0,0,0,0,0,0,0,0,0,0,0,0,0,0,0,0,0,0,0,0,0,0,0,0,0,0,0,0,0,0,0,0,0,0,0,0,0,0,0,0,0,0,0
37,Gasto Total,2009,729341322.8,374834012.1,172323473.2,144334676,80959255.76,0,50416626.57,7624477.85,0,3995439.13,1338876.72,0,0,27988797.12,202510538.9,155180626.2,35177679.02,10550814.18,0,1601419.53,354507310.8,310720111.5,13507614,30279585.31,0,0,12162762846,2459609700,6,3.08,2.91,15.24,45.97,54.03,6452.62,3316.23,2771,2320.94,450.07,3997.09,3158.29,3037.5,14286.31,3136.39,113030218,50664475,62188119,49134310,11581133,738526
01,Aguascalientes,2010,0,4291363.8,1618856.34,1498679.39,598166.29,0,900513.1,0,0,0,0,0,0,120176.95,2672507.46,2217167.6,325512.8,129827.06,0,0,0,0,0,241142.13,0,0,138350480,16158300,0,3.1,0,26.56,37.72,62.28,0,3544.95,2930.75,2713.18,217.57,4153.62,3060.38,2501.1,101985.12,0,1210556,643417,552370,724475,130148,1273
02,Baja California,2010,0,10973230.23,3823080.06,2393764.88,1207126.63,0,1128160.58,58477.67,0,0,0,0,0,1429315.18,7150150.17,6409709.4,688323,52117.77,0,0,0,0,0,800147.19,0,0,393693175,46706600,0,2.79,0,23.49,34.84,65.16,0,3435.29,3062.78,1917.72,1145.07,3617.39,3481.34,4278.99,18383.69,0,3194264,1976607,1248237,1841161,160861,2835
03,Baja California Sur,2010,0,3253903.17,1040660.17,871325.13,311919.32,0,559405.81,0,0,0,0,0,0,169335.04,2213243,1595691,617552,0,0,0,0,0,0,69436.32,0,0,100789574,17890600,0,3.23,0,18.19,31.98,68.02,0,5036.85,4018.43,3364.55,653.87,5665.63,4860.75,5266.2,0,0,646019,390644,258972,328281,117267,485
04,Campeche,2010,0,3936101.33,2007860.99,1549831.99,550629.4,0,891790,107412.59,0,0,0,0,0,458029,1928240.34,1214135.2,254346.1,459759.04,0,0,0,0,0,41100,0,0,620535423,117915000,0,0.63,0,3.34,51.01,48.99,0,4687.14,4539.61,3504.04,1035.57,4888.43,2812.83,2647.4,16603.79,0,839767,394450,442298,431642,96074,27690
05,Coahuila,2010,0,9428284.9,2181823.27,1850708.27,738515.73,0,903816,208376.54,0,0,0,0,0,331115,7246461.63,6242478,960374.6,43609.03,0,0,0,0,0,891175.99,0,0,433984977,40018000,0,2.17,0,23.56,23.14,76.86,0,3363.35,2543.93,2157.87,386.07,3765.66,3172.06,3226.38,24040.26,0,2803245,1924356,857657,1967957,297663,1814
06,Colima,2010,0,2643610.03,1183158.13,1167925.43,418816.13,0,749109.3,0,0,0,0,0,0,15232.7,1460451.9,1240097.7,220354.2,0,0,0,0,0,0,78083.29,0,0,72901369,21345700,0,3.63,0,12.38,44.76,55.24,0,3992.75,4060.05,4007.77,52.27,3974.07,3382.99,2830.79,0,0,662102,367495,291415,366568,77842,1488
07,Chiapas,2010,0,11908304.36,8980500.53,8668542.18,5288185.82,0,2229054.36,1151302,0,0,0,0,0,311958.35,2927803.83,2179056.3,666129.9,82617.63,0,0,0,0,0,114627.27,0,0,240499032,74648600,0,4.95,0,15.95,75.41,24.59,0,2411.03,2335.8,2254.66,81.14,2764.6,2466.03,2217.77,8219.02,0,4939084,1059035,3844720,883630,300360,10052
08,Chihuahua,2010,0,12540058.64,4684858.66,3319190.66,1618919.26,0,1393226,307045.4,0,0,0,0,0,1365668,7855199.98,7039786.2,717339.1,98074.68,0,0,0,0,0,1059745.64,0,0,382215090,51985000,0,3.28,0,24.12,37.36,62.64,0,3622.23,3239.9,2295.45,944.45,3777.84,3417.95,2345.55,20076.7,0,3461968,2079284,1445989,2059649,305830,4885
09,Ciudad de México,2010,0,85385753.86,22996363.29,18305934.09,14962729.49,0,2639380,703824.6,0,0,0,0,0,4690429.2,62389390.57,41272773.2,18966512.6,2150104.77,0,0,0,0,0,14080544.05,0,0,2229200756,799731400,0,3.83,0,10.68,26.93,73.07,0,9440.99,5808.7,4623.94,1184.77,12513.8,5288.25,5839.35,29679.95,0,9044151,4985649,3958950,7804623,3248051,72443
10,Durango,2010,0,5754172.02,2542301.92,2396580.75,889602.25,0,1238904.46,268074.04,0,0,0,0,0,145721.17,3211870.1,2477589.8,646126.5,88153.8,0,0,0,0,0,99839.79,0,0,146770242,37389600,0,3.92,0,15.39,44.18,55.82,0,3437.33,3256.09,3069.46,186.63,3612.77,3241.9,1992.94,51672.8,0,1674025,889032,780783,764241,324208,1706
11,Guanajuato,2010,0,14872455.04,7877271.39,6955603.69,5272278.69,0,1683325,0,0,0,0,0,0,921667.7,6995183.65,5762710,839689.1,392784.55,0,0,0,0,0,589127.34,0,0,459867979,53851800,0,3.23,0,27.62,52.97,47.03,0,2658.64,2353.77,2078.37,275.4,3162.61,2251.18,2047.71,11673.69,0,5594014,2211842,3346660,2559857,410062,33647
12,Guerrero,2010,0,9397635.98,6101335.98,5905050.27,3193433.95,0,2678987.78,32628.54,0,0,0,0,0,196285.71,3296300,2458050.7,838249.3,0,0,0,0,0,0,78325.06,0,0,186370380,48015500,0,5.04,0,19.57,64.92,35.08,0,2706.89,2289.16,2215.52,73.64,4231.72,3263.26,1667.65,0,0,3471744,778950,2665314,753249,502654,1092
13,Hidalgo,2010,0,7263510.33,4510177.08,4332908.08,2161893.97,0,1739195,431819.11,0,0,0,0,0,177269,2753333.25,2038453.3,438303.4,276576.55,0,0,0,0,0,109676.09,0,0,184470154,53758700,0,3.94,0,13.51,62.09,37.91,0,2674.21,2499.06,2400.84,98.22,3109.92,2593.15,1726.07,13903.21,0,2716134,885339,1804747,786091,253931,19893
14,Jalisco,2010,0,22659798.51,8655383.02,6529904.88,3509496.34,0,3020408.54,0,0,0,0,0,0,2125478.14,14004415.49,12864802.7,1010918.3,128694.49,0,0,0,0,0,2362318.65,0,0,821289839,81824100,0,2.76,0,27.69,38.2,61.8,0,3014.41,2352.12,1774.51,577.6,3721.81,2989.71,2625,25179.9,0,7517154,3762798,3679827,4303033,385111,5111
15,México,2010,0,44882136.2,30221916.39,18361749.25,12293528.7,0,6021114.03,47106.52,0,0,0,0,0,11860167.14,14660219.81,13709033.6,898632.1,52554.11,0,0,0,0,0,2069016.18,0,0,1085724153,108968300,0,4.13,0,41.19,67.34,32.66,0,2890.07,3454.02,2098.54,1355.48,2148.99,2937.51,899.85,2705.77,0,15529760,6821897,8749782,4666895,998643,19423
16,Michoacán,2010,0,10089667.45,5457594.97,5233126.67,2933079.76,0,1694234,605812.91,0,0,0,0,0,224468.3,4632072.48,3493449.8,1050667,87955.68,0,0,0,0,0,215471.93,0,0,290183885,46271100,0,3.48,0,21.81,54.09,45.91,0,2267.97,1817.43,1742.68,74.75,3268.11,2380.67,2555.35,29192.06,0,4448775,1417355,3002916,1467426,411163,3013
17,Morelos,2010,0,5543621.23,2459544.57,2257209.97,1426849.83,0,830360.14,0,0,0,0,0,0,202334.6,3084076.66,2380721.8,638599.6,64755.26,0,0,0,0,0,246027.26,0,0,156265662,24308000,0,3.55,0,22.81,44.37,55.63,0,3061.14,2292.54,2103.94,188.6,4221.92,3621.98,3086.29,41036.29,0,1810968,730491,1072849,657298,206915,1578
18,Nayarit,2010,0,3704860.92,1840786.22,1642252.62,684558.95,0,835261.1,122432.57,0,0,0,0,0,198533.6,1864074.7,1522276.8,341797.9,0,0,0,0,0,0,48676.53,0,0,88014112,25753300,0,4.21,0,14.39,49.69,50.31,0,3354.13,3086.67,2753.76,332.91,3637.27,3357.08,2079.27,0,0,1104566,512493,596367,453452,164384,394
19,Nuevo León,2010,0,16080039.6,3211850.47,2819865.08,1306379.41,0,1513485.67,0,0,0,0,0,0,391985.39,12868189.13,11601261.8,893519.3,373408.03,0,0,0,0,0,4857021.2,0,0,943374112,60149300,0,1.7,0,26.73,19.97,80.03,0,3382.7,2159.21,1895.69,263.52,3976.87,3230.76,3720.25,14910.08,0,4753609,3235761,1487512,3590881,240177,25044
20,Oaxaca,2010,0,10285847.06,7553373.06,7008212.32,3826786.3,0,2186736.14,994689.88,0,0,0,0,0,545160.74,2732474,1711704.9,731381.6,289387.5,0,0,0,0,0,53062.47,0,0,208793741,58742200,0,4.93,0,17.51,73.43,26.57,0,2642.82,2649.81,2458.56,191.25,2685.27,2164.45,1921.87,10381.99,0,3892000,1017577,2850532,790825,380558,27874
21,Puebla,2010,0,13653206.9,7256961.3,6785198.87,4431244.78,0,1707395,646559.09,0,0,0,0,0,471762.43,6396245.6,5466315.9,750520.5,179409.2,0,0,0,0,0,579998.81,0,0,416421454,54220000,0,3.28,0,25.18,53.15,46.85,0,2300.13,1737.67,1624.7,112.96,3790.24,3197.37,2213.07,11792.38,0,5935838,1687555,4176268,1709631,339131,15214
22,Querétaro,2010,0,5188346.46,2335782.32,2143786.78,1108799.33,0,1034987.45,0,0,0,0,0,0,191995.54,2852564.14,2291059,466248.6,95256.54,0,0,0,0,0,598893.31,0,0,256123884,24144300,0,2.03,0,21.49,45.02,54.98,0,2779.03,2593.29,2380.13,213.16,3010.65,1929.39,3676.66,28918.2,0,1866962,947490,900701,1187451,126813,3294
23,Quintana Roo,2010,0,4914062.79,1859921.29,1515108.59,617186.79,0,897921.8,0,0,0,0,0,0,344812.7,3054141.5,2765067.1,289074.4,0,0,0,0,0,0,242211.42,0,0,180777622,17985900,0,2.72,0,27.32,37.85,62.15,0,3657.42,3203.55,2609.64,593.91,3964.54,3671.96,2269.94,0,0,1343587,770364,580581,753022,127349,0
24,San Luis Potosí,2010,0,7210658.42,3623117.26,3310030.26,1772787.15,0,1139802.2,397440.91,0,0,0,0,0,313087,3587541.16,2897146.5,604578.5,85816.16,0,0,0,0,0,404115.72,0,0,244786340,41445200,0,2.95,0,17.4,50.25,49.75,0,2729.65,2482.6,2268.07,214.53,3100.59,2418.81,2135.76,15100.5,0,2641607,1157052,1459407,1197756,283074,5683
25,Sinaloa,2010,0,9310911.27,3699775.51,3005944.91,1252351.72,0,1546493.6,207099.59,0,0,0,0,0,693830.6,5611135.76,4581688.7,935223,94224.06,0,0,0,0,0,325619.02,0,0,277104769,44601400,0,3.36,0,20.88,39.74,60.26,0,3291.8,2854.74,2319.38,535.36,3607.7,2965.76,2629.81,22097.58,0,2828513,1555321,1296013,1544859,355624,4264
26,Sonora,2010,0,9361829.96,3094124.43,2325932.27,908969.31,0,1416962.96,0,0,0,0,0,0,768192.16,6267705.53,5524534.6,637378.8,105792.13,0,0,0,0,0,639749.89,0,0,385750835,49050800,0,2.43,0,19.09,33.05,66.95,0,3461.98,2822.8,2121.97,700.83,3843.06,3729.51,2557.03,21350.58,0,2704187,1630914,1096118,1481303,249265,4955
27,Tabasco,2010,0,9295619.57,5796427.07,3691531.36,2352528.47,0,1339002.89,0,0,0,0,0,0,2104895.71,3499192.5,1804203.7,353414.1,1341574.7,0,0,0,0,0,157881.23,0,0,449415171,86534800,0,2.07,0,10.74,62.36,37.64,0,4081.5,3993.95,2543.6,1450.35,4366.68,2502.72,2071.49,11812.76,0,2277499,801340,1451301,720896,170609,113570
28,Tamaulipas,2010,0,11706392.63,4758411,4013506,2025208.33,0,1800122,188175.67,0,0,0,0,0,744905,6947981.63,4682482.9,845927.5,1419571.23,0,0,0,0,0,859812.28,0,0,406896616,105991200,0,2.88,0,11.04,40.65,59.35,0,3524.15,3199.76,2698.85,500.91,3760.65,2539.77,2187.66,14140,0,3321762,1847548,1487116,1843666,386681,100394
29,Tlaxcala,2010,0,3460668.03,2078331.23,1953348.23,1227540.23,0,725808,0,0,0,0,0,0,124983,1382336.8,1145538.5,236798.3,0,0,0,0,0,0,22183.85,0,0,78454866,15398300,0,4.41,0,22.47,60.06,39.94,0,2886.68,2514.08,2362.89,151.19,3845.53,3617.51,1995.12,0,0,1198840,359466,826677,316665,118689,572
30,Veracruz,2010,0,23350760.53,11219450.18,9695987.46,5630839.78,0,3199035.68,866112,0,0,0,0,0,1523462.72,12131310.35,8067959.8,1680409.4,2382941.15,0,0,0,0,0,388045.07,0,0,639238481,206589100,0,3.65,0,11.3,48.05,51.95,0,2991.05,2235.58,1932.01,303.56,4503.67,2981.94,3400.8,10480.22,0,7806880,2693652,5018595,2705609,494122,227375
31,Yucatán,2010,0,7566654.56,3036916.5,2769101.5,1305123.19,0,1177171.04,286807.27,0,0,0,0,0,267815,4529738.06,3759065.7,619606.1,151066.26,0,0,0,0,0,362020.78,0,0,175773500,37145600,0,4.3,0,20.37,40.14,59.86,0,3796.4,3055.93,2786.44,269.49,4589.81,4082.16,3746.85,31077.2,0,1993112,986911,993779,920851,165367,4861
32,Zacatecas,2010,0,4490869.42,2630675.42,2349485.62,940098.91,0,1068897.64,340489.07,0,0,0,0,0,281189.8,1860194,1512582.2,347611.8,0,0,0,0,0,0,36373.49,0,0,130183528,25831200,0,3.45,0,17.39,58.58,41.42,0,2947.99,2783.92,2486.35,297.57,3297.83,2080.17,2205.28,0,0,1523367,564066,944953,727143,157627,634
33,No distribuibles,2010,792901011.2,8271585.2,6580680.71,6580680.71,0,0,0,0,0,5099757.57,1480923.14,0,0,0,1690904.49,0,0,0,0,1690904.49,380225090.8,333631385.9,13853647,17620.55,0,0,542155970,135393300,0,0,0,0,0,0,0,0,0,0,0,0,0,0,0,0,0,0,0,0,0,0
34,Extranjero,2010,0,0,0,0,0,0,0,0,0,0,0,0,0,0,0,0,0,0,0,0,0,0,0,968.09,0,0,0,10863000,0,0,0,0,0,0,0,0,0,0,0,0,0,0,0,0,0,0,0,0,0,0
35,IMSS-Prospera,2010,0,0,0,0,0,0,0,0,0,0,0,0,0,0,0,0,0,0,0,0,0,0,0,0,0,0,0,0,0,0,0,0,0,0,0,0,0,0,0,0,0,0,0,0,0,0,0,0,0,0
36,Unidades centrales,2010,0,0,0,0,0,0,0,0,0,0,0,0,0,0,0,0,0,0,0,0,0,0,0,0,0,0,0,0,0,0,0,0,0,0,0,0,0,0,0,0,0,0,0,0,0,0,0,0,0,0
37,Gasto Total,2010,792901011.2,412675920.4,186919270.7,153208008.2,86765574.21,0,51890067.27,7971685.97,0,5099757.57,1480923.14,0,0,33711262.57,225756649.7,173928594.4,39511119.4,10626031.38,0,1690904.49,380225090.8,333631385.9,13853647,32740057.89,0,0,13366377171,2640625200,5.93,3.09,2.84,15.63,45.29,54.71,6909.45,3596.11,2959.02,2425.35,533.66,4419.14,3324.95,3296.37,14310.07,3313.33,114756059,51086151,63169406,52310086,11986253,742556
01,Aguascalientes,2011,0,4856584.64,1826195.9,1639968.16,625800.42,0,1014167.74,0,0,0,0,0,0,186227.74,3030388.74,2501571.37,426965.29,101852.08,0,0,0,0,0,244124.29,0,0,150419495,50923300,0,3.23,0,9.54,37.6,62.4,0,3922.55,3259.72,2927.31,332.41,4627.52,3302.86,3220.97,79200.68,0,1238120,654863,560231,757396,132558,1286
02,Baja California,2011,0,12682224.39,4461302.97,2941504.35,1577463.48,0,1301223.25,62817.62,0,0,0,0,0,1519798.62,8220921.42,7451559.06,732432.81,36929.55,0,0,0,0,0,902118.34,0,0,418394022,47224700,0,3.03,0,26.86,35.18,64.82,0,3912.93,3527.69,2325.94,1201.75,4088.49,3840.86,4479.57,12939.58,0,3241111,2010747,1264652,1940078,163505,2854
03,Baja California Sur,2011,0,3767919.73,1203849.75,877555.79,240822.78,0,636733.01,0,0,0,0,0,0,326293.96,2564069.98,1989905.42,574164.56,0,0,0,0,0,0,83103.14,0,0,109045000,19804800,0,3.46,0,19.03,31.95,68.05,0,5665.09,4497.28,3278.33,1218.95,6331.07,5749.03,4610.21,0,0,665112,404998,267684,346129,124542,493
04,Campeche,2011,0,4414055.36,2279778.84,1654887.84,522319.74,0,997935,134633.1,0,0,0,0,0,624891,2134276.52,1301735.58,288860.34,543680.6,0,0,0,0,0,65455.7,0,0,780750710,112390200,0,0.57,0,3.93,51.65,48.35,0,5158.86,5069.01,3679.59,1389.42,5300.9,2829.02,2951.92,19490.95,0,855626,402625,449748,460136,97855,27894
05,Coahuila,2011,0,10283605.65,2347456.97,2048436.97,843141.7,0,993412.13,211883.14,0,0,0,0,0,299020,7936148.68,6764201.92,1130068.45,41878.31,0,0,0,0,0,1064439.94,0,0,493392759,40627200,0,2.08,0,25.31,22.83,77.17,0,3607.85,2710.94,2365.62,345.32,4065.33,3251.94,3752.96,22947.02,0,2850340,1952156,865921,2080049,301114,1825
06,Colima,2011,0,2922757.08,1210427.59,1197964.19,336000.59,0,861963.6,0,0,0,0,0,0,12463.4,1712329.49,1432949.73,279379.76,0,0,0,0,0,0,91803,0,0,81585711,25182000,0,3.58,0,11.61,41.41,58.59,0,4318.5,4080.1,4038.09,42.01,4558.95,3858.34,3515.32,0,0,676799,375597,296666,371390,79475,1498
07,Chiapas,2011,0,13596825.14,10449574.64,9804871.92,5912346.93,0,2515099.31,1377425.68,0,0,0,0,0,644702.72,3147250.5,2349736.06,714160.61,83353.83,0,0,0,0,0,139100.92,0,0,261927503,78154500,0,5.19,0,17.4,76.85,23.15,0,2699.52,2677.99,2512.76,165.22,2917.88,2496.11,2325.23,8232.48,0,5036751,1078607,3902026,941360,307135,10125
08,Chihuahua,2011,0,13221907.94,4970085.93,3581162.93,1681960.72,0,1560789,338413.21,0,0,0,0,0,1388923,8251822.01,7307442.3,864441.79,79937.92,0,0,0,0,0,1124279.45,0,0,407232998,53500800,0,3.25,0,24.71,37.59,62.41,0,3781.7,3411.89,2458.42,953.48,3924.67,3438.47,2784.88,16237.64,0,3496283,2102553,1456695,2125199,310405,4923
09,Ciudad de México,2011,0,85850467.32,25122318.33,20125708.52,16607971.47,0,3291613.4,226123.65,0,0,0,0,0,4996609.81,60728148.99,34471992.06,23532753.37,2723403.56,0,0,0,0,0,14820442.1,0,0,2397052399,950934400,0,3.58,0,9.03,29.26,70.74,0,9460.85,6370.09,5103.13,1266.96,12183.14,4215.78,7269.89,37317.63,0,9074286,4984606,3943794,8176887,3237015,72979
10,Durango,2011,0,6515594.2,2695465.53,2580279,852003.84,0,1415937.31,312337.85,0,0,0,0,0,115186.53,3820128.67,2957086.14,790981.51,72061.02,0,0,0,0,0,150651.32,0,0,165643398,38785700,0,3.93,0,16.8,41.37,58.63,0,3834.24,3419.19,3273.07,146.11,4234.79,3566.59,2396.7,41993.6,0,1699319,902083,788335,829108,330030,1716
11,Guanajuato,2011,0,16743218.25,9020137.96,8110351.26,6227979.14,0,1882372.12,0,0,0,0,0,0,909786.7,7723080.29,6197521.43,1081198.41,444360.45,0,0,0,0,0,686612.97,0,0,515124181,57574000,0,3.25,0,29.08,53.87,46.13,0,2943.96,2671.7,2402.23,269.47,3450.08,2264.24,2587.81,13111.07,0,5687318,2238521,3376177,2737134,417804,33892
12,Guerrero,2011,0,10657494.87,6998799.23,6735902.38,3825250.25,0,2852238.93,58413.2,0,0,0,0,0,262896.85,3658695.64,2710494.05,948201.59,0,0,0,0,0,0,102211.1,0,0,198139143,52558500,0,5.38,0,20.28,65.67,34.33,0,3035.54,2606.84,2508.92,97.92,4639.05,3655.75,1850.85,0,0,3510911,788673,2684781,741434,512306,1099
13,Hidalgo,2011,0,7741462.13,4678880.84,4573848.84,2202940.93,0,1891977,478930.91,0,0,0,0,0,105032,3062581.29,2190884.96,576803.64,294892.69,0,0,0,0,0,129422.51,0,0,203655511,61250600,0,3.8,0,12.64,60.44,39.56,0,2798.82,2560.49,2503.01,57.48,3390.7,2534.51,2133.65,14717.41,0,2765973,903231,1827339,864422,270337,20037
14,Jalisco,2011,0,26651424.97,9612070.06,7635242.02,4354587.76,0,3280654.26,0,0,0,0,0,0,1976828.04,17039354.91,15445415.84,1464144.67,129794.4,0,0,0,0,0,2650272.38,0,0,885831320,89785400,0,3.01,0,29.68,36.07,63.93,0,3491.36,2581.09,2050.26,530.83,4461.5,3394.87,3726.36,25207.69,0,7633543,3819197,3724036,4549633,392916,5149
15,México,2011,0,43419492.93,25798153.52,22687137.79,15744544.92,0,6743472.5,199120.37,0,0,0,0,0,3111015.73,17621339.41,16409172.84,1159993.21,52173.36,0,0,0,0,0,2616155.31,0,0,1190034639,114906400,0,3.65,0,37.79,59.42,40.58,0,2755.16,2899.06,2549.46,349.6,2536.62,3401.17,1101.38,2666.94,0,15759356,6946769,8898789,4824568,1053219,19563
16,Michoacán,2011,0,12209778.58,6633288.58,6453983.1,3796111.77,0,1944256.18,713615.15,0,0,0,0,0,179305.48,5576490,4170066.76,1332454.71,73968.53,0,0,0,0,0,263466.76,0,0,328272431,47153000,0,3.72,0,25.89,54.33,45.67,0,2708.69,2192.21,2132.95,59.26,3893.51,2696.78,3185.51,24363.81,0,4507636,1432252,3025848,1546312,418286,3036
17,Morelos,2011,0,6144115.82,2709859.09,2489309.55,1641290.15,0,848019.4,0,0,0,0,0,0,220549.54,3434256.73,2570840.67,805401.04,58015.02,0,0,0,0,0,279025.92,0,0,163560712,24365500,0,3.76,0,25.22,44.1,55.9,0,3337.75,2494.05,2291.07,202.99,4636.76,3728.66,3815.08,36464.5,0,1840796,740659,1086528,689482,211110,1591
18,Nayarit,2011,0,4080767.28,2038661.45,1816545.25,689880.85,0,982759.2,143905.2,0,0,0,0,0,222116.2,2042105.83,1652256.18,389849.65,0,0,0,0,0,0,55505.8,0,0,95444018,27893700,0,4.28,0,14.63,49.96,50.04,0,3623.01,3358.28,2992.38,365.89,3888.55,3461.8,2322.4,0,0,1126347,525159,607056,477282,167865,396
19,Nuevo León,2011,0,17986635.37,3595602.4,3284999.89,1651810.6,0,1633189.29,0,0,0,0,0,0,310602.51,14391032.97,12981099.84,1059057.25,350875.88,0,0,0,0,0,5477466.72,0,0,1018557233,60230500,0,1.77,0,29.86,19.99,80.01,0,3705.01,2389.11,2182.73,206.38,4371.16,3472.68,4332.64,13910.4,0,4854677,3292267,1504996,3738066,244437,25224
20,Oaxaca,2011,0,11307048.22,8227118.73,7604898.22,4155760.26,0,2374965.4,1074172.56,0,0,0,0,0,622220.51,3079929.49,1849008.32,905787.45,325133.72,0,0,0,0,0,73741.11,0,0,226500467,58762300,0,4.99,0,19.24,72.76,27.24,0,2874.33,2864.28,2647.65,216.63,2992.83,2309.2,2332.56,11578.01,0,3933805,1029102,2872317,800713,388323,28082
21,Puebla,2011,0,16097899.84,8903240.43,8542189.02,5776011.66,0,1996839,769338.36,0,0,0,0,0,361051.41,7194659.41,6143711.35,878789.57,172158.49,0,0,0,0,0,651893.82,0,0,462331627,59323600,0,3.48,0,27.14,55.31,44.69,0,2674.42,2107.69,2022.21,85.47,4205.34,3390.21,2547.18,11231.63,0,6019204,1710837,4224177,1812191,345005,15328
22,Querétaro,2011,0,5339582.86,2450372.83,2255633.37,1103295.16,0,1152338.21,0,0,0,0,0,0,194739.46,2889210.03,2448373.97,370284.26,70551.8,0,0,0,0,0,713548.05,0,0,288201125,26433000,0,1.85,0,20.2,45.89,54.11,0,2788.56,2681.8,2468.67,213.13,2986.57,1902.7,2863.94,21244.14,0,1914820,967402,913703,1286786,129292,3321
23,Quintana Roo,2011,0,5384855.93,2200853.97,1682337.03,690006.18,0,992330.85,0,0,0,0,0,0,518516.94,3184001.96,2875512.94,308489.02,0,0,0,0,0,0,318258.36,0,0,194651851,18896200,0,2.77,0,28.5,40.87,59.13,0,3887.24,3680.99,2813.75,867.23,3992.68,3706.94,2286.07,0,0,1385266,797459,597898,775710,134943,0
24,San Luis Potosí,2011,0,8188941.24,4199757.25,3721594.69,1872536.32,0,1412898.98,436159.39,0,0,0,0,0,478162.56,3989183.99,3168430.81,731232.65,89520.53,0,0,0,0,0,465646.16,0,0,271023720,44583700,0,3.02,0,18.37,51.29,48.71,0,3063.58,2851.06,2526.45,324.61,3396.44,2500.11,2533.16,15634.04,0,2673000,1174518,1473052,1267316,288664,5726
25,Sinaloa,2011,0,10311398.14,3896032.76,3223503.19,1263388.64,0,1725624.55,234490,0,0,0,0,0,672529.57,6415365.38,5145082.84,1182251.15,88031.39,0,0,0,0,0,366928.19,0,0,299879733,49342200,0,3.44,0,20.9,37.78,62.22,0,3593.46,2986.48,2470.96,515.52,4075.92,3102.16,3214.67,20515.36,0,2869487,1573969,1304556,1658547,367768,4291
26,Sonora,2011,0,10152618.65,3464063.71,2707004.53,1034086.02,0,1672918.51,0,0,0,0,0,0,757059.18,6688554.94,5884224.64,718172.7,86157.6,0,0,0,0,0,707677.39,0,0,446699109,56364200,0,2.27,0,18.01,34.12,65.88,0,3692.93,3121.56,2439.35,682.21,4034.98,3808.58,2846.06,17248.77,0,2749205,1657641,1109723,1544991,252339,4995
27,Tabasco,2011,0,10221965.61,6186926.18,3925287.01,2248457.6,0,1676829.41,0,0,0,0,0,0,2261639.17,4035039.43,2217072.16,461052.82,1356914.45,0,0,0,0,0,158440.44,0,0,559158194,85795100,0,1.83,0,11.91,60.53,39.47,0,4413.36,4213.49,2673.24,1540.25,4952.32,2833.46,2651.73,11861.14,0,2316139,814778,1468362,782460,173869,114400
28,Tamaulipas,2011,0,12743057.21,4843043.52,4099493.52,1872697.85,0,2002896,223899.67,0,0,0,0,0,743550,7900013.69,5237843.44,1105061.9,1557108.35,0,0,0,0,0,893625.12,0,0,429862782,98034500,0,2.96,0,13,38.01,61.99,0,3788.33,3224.61,2729.54,495.07,4214.2,2797.46,2805.96,15397.55,0,3363767,1874616,1501899,1872356,393827,101127
29,Tlaxcala,2011,0,3897263.76,2367489.66,2079523.66,1176216.66,0,903307,0,0,0,0,0,0,287966,1529774.1,1213519.76,316254.34,0,0,0,0,0,0,27206.12,0,0,80052249,15897200,0,4.87,0,24.52,60.75,39.25,0,3191.82,2817.94,2475.19,342.76,4178.08,3614.81,2617.41,0,0,1221016,366143,840148,335708,120827,576
30,Veracruz,2011,0,25972149.12,12964256.95,11044695.21,6607714.4,0,3447953.38,989027.43,0,0,0,0,0,1919561.74,13007892.17,8691023.85,1692754.9,2624113.42,0,0,0,0,0,416991.11,0,0,701765663,214633000,0,3.7,0,12.1,49.92,50.08,0,3283.32,2560.12,2181.05,379.07,4768.5,3056.11,3353.88,11457.26,0,7910343,2727877,5063924,2843818,504715,229035
31,Yucatán,2011,0,8406060.52,3279467.77,2998651.87,1442982.32,0,1222737.61,332931.94,0,0,0,0,0,280815.9,5126592.75,4167101.67,816238.05,143253.03,0,0,0,0,0,376226.23,0,0,188610929,37965700,0,4.46,0,22.14,39.01,60.99,0,4150.54,3261.19,2981.94,279.25,5108.43,4315.4,4859.4,29247.25,0,2025293,1003556,1005604,965635,167971,4898
32,Zacatecas,2011,0,5177762.98,3051229.28,2861757.12,1229080.49,0,1246253.63,386423,0,0,0,0,0,189472.16,2126533.7,1675147.63,451386.07,0,0,0,0,0,0,55330.24,0,0,147947212,26069700,0,3.5,0,19.86,58.93,41.07,0,3352.32,3205.38,3006.34,199.04,3725.32,2192.31,2815.02,0,0,1544531,570833,951908,764100,160349,638
33,No distribuibles,2011,826796845.5,9310072.48,7276908.34,7276908.34,0,0,0,0,0,5592847.83,1684060.51,0,0,0,2033164.14,0,0,0,0,2033164.14,380539837.3,329690139,14655265,22923.92,0,0,504828628,127007800,0,0,0,0,0,0,0,0,0,0,0,0,0,0,0,0,0,0,0,0,0,0
34,Extranjero,2011,0,0,0,0,0,0,0,0,0,0,0,0,0,0,0,0,0,0,0,0,0,0,0,339.32,0,0,0,12562400,0,0,0,0,0,0,0,0,0,0,0,0,0,0,0,0,0,0,0,0,0,0
35,IMSS-Prospera,2011,0,0,0,0,0,0,0,0,0,0,0,0,0,0,0,0,0,0,0,0,0,0,0,0,0,0,0,0,0,0,0,0,0,0,0,0,0,0,0,0,0,0,0,0,0,0,0,0,0,0
36,Unidades centrales,2011,0,0,0,0,0,0,0,0,0,0,0,0,0,0,0,0,0,0,0,0,0,0,0,0,0,0,0,0,0,0,0,0,0,0,0,0,0,0,0,0,0,0,0,0,0,0,0,0,0,0
37,Gasto Total,2011,826796845.5,446257008.2,200962671,174263136.5,99806461.6,0,58475705.16,8704061.43,0,5592847.83,1684060.51,0,0,26699534.43,245294337.3,183571985.6,48089067.54,11600119.98,0,2033164.14,380539837.3,329690139,14655265,36194433.25,0,0,14665576472,2884915800,5.64,3.04,2.59,15.47,45.03,54.97,7100.25,3832.3,3147,2728.89,418.1,4733.19,3343.36,3941.79,15508.24,3267.95,116446180,51824294,63858573,54906396,12199806,747997
01,Aguascalientes,2012,0,5383849.23,2210630.62,1778301.7,670585.94,0,1107715.76,0,0,0,0,0,0,432328.92,3173218.61,2675007.85,371383.76,126827,0,0,0,0,0,267188.23,0,0,166978119,18509300,0,3.22,0,29.09,41.06,58.94,0,4252.74,3892.74,3131.45,761.3,4764.33,3304.6,2654.83,97935.91,0,1265972,666036,567885,809480,139890,1295
02,Baja California,2012,0,11768365.61,3575378.13,3398838.38,1779629.54,0,1550101.8,69107.04,0,0,0,0,0,176539.75,8192987.48,7393812.91,751405.9,47768.67,0,0,0,0,0,941074.42,0,0,456744955,51320000,0,2.58,0,22.93,30.38,69.62,0,3587.67,2788.61,2650.92,137.69,4003.44,3616.66,4495.56,16563.34,0,3280221,2046487,1282136,2044376,167144,2884
03,Baja California Sur,2012,0,3695537.58,1185899.49,1036218.4,293200.57,0,743017.83,0,0,0,0,0,0,149681.09,2509638.09,2002109.14,507528.95,0,0,0,0,0,0,96827.63,0,0,114898751,22956800,0,3.22,0,16.1,32.09,67.91,0,5420.24,4293.53,3751.61,541.92,5986.69,5538.02,3822.53,0,0,681803,419203,276206,361521,132773,494
04,Campeche,2012,0,4540031.26,2241593.26,1925292.21,642715.28,0,1123379,159197.93,0,0,0,0,0,316301.05,2298438,1393983.66,243311.76,661142.58,0,0,0,0,0,65881.15,0,0,779041230,130768200,0,0.58,0,3.47,49.37,50.63,0,5203.58,4912.47,4219.29,693.18,5605.02,2691.99,2431,23473.07,0,872482,410068,456307,517827,100087,28166
05,Coahuila,2012,0,10493378.29,2607957.94,2305733.76,876956.69,0,1151307.98,277469.09,0,0,0,0,0,302224.18,7885420.35,7119198.68,709556.49,56665.18,0,0,0,0,0,1096684.29,0,0,543684552,42005000,0,1.93,0,24.98,24.85,75.15,0,3624.52,2982.97,2637.29,345.68,3982.43,3251.08,2310.55,30712.83,0,2895110,1980051,874283,2189794,307094,1845
06,Colima,2012,0,3063765.32,1359646.2,1344911.9,339395.1,0,1005516.8,0,0,0,0,0,0,14734.3,1704119.12,1458439.94,245679.18,0,0,0,0,0,0,101335.9,0,0,87516444,33811700,0,3.5,0,9.06,44.38,55.62,0,4439.19,4504.66,4455.84,48.82,4442.87,3718.52,3027.47,0,0,690163,383563,301831,392210,81150,1514
07,Chiapas,2012,0,15654639.98,11171853.99,11075973.45,6659185.82,0,2922075.38,1494712.25,0,0,0,0,0,95880.54,4482785.99,2757334.58,585908.68,89786.87,1049755.86,0,0,0,0,160026.2,0,0,281695954,75846600,0,5.56,0,20.64,71.36,28.64,0,3051.73,2825.4,2801.15,24.25,4088.32,2755.66,1861.03,8781.11,0,5129764,1096485,3954083,1000606,314830,10225
08,Chihuahua,2012,0,14034186.6,5263998.26,3882211.26,1825230.45,0,1718651,338329.81,0,0,0,0,0,1381787,8770188.34,8050803.26,624074.82,95310.26,0,0,0,0,0,1186579.9,0,0,463972509,54501900,0,3.02,0,25.75,37.51,62.49,0,3975.17,3581.48,2641.35,940.13,4119.37,3590.75,1970.81,19184.83,0,3530461,2129010,1469782,2242096,316659,4968
09,Ciudad de México,2012,0,102869096,28358739.61,22897424.66,19058275.91,0,3320603.34,518545.41,0,0,0,0,0,5461314.95,74510356.42,43574918.51,27443142.11,3492295.8,0,0,0,0,0,16739125.95,0,0,2563863360,1153737100,0,4.01,0,8.92,27.57,72.43,0,11301.6,7218.83,5828.63,1390.2,14952.23,5189.9,8541.69,47387.86,0,9102171,4983226,3928439,8396096,3212847,73696
10,Durango,2012,0,6423361.95,2874991.88,2743210.16,890644.07,0,1502390.48,350175.61,0,0,0,0,0,131781.72,3548370.07,2910718.94,557095.73,80555.4,0,0,0,0,0,159878.23,0,0,180059762,33160500,0,3.57,0,19.37,44.76,55.24,0,3724.34,3614.47,3448.8,165.68,3880.84,3225.86,1654.24,46402.88,0,1724700,914330,795411,902309,336769,1736
11,Guanajuato,2012,0,17973595.94,9996539.59,9129639.01,6930553.5,0,2199085.51,0,0,0,0,0,0,866900.58,7977056.35,6759329.13,763799.38,453927.84,0,0,0,0,0,746411.91,0,0,565796766,65432400,0,3.18,0,27.47,55.62,44.38,0,3115.57,2936.61,2681.94,254.66,3523.33,2344.96,1790.2,13262.27,0,5768956,2264069,3404112,2882494,426656,34227
12,Guerrero,2012,0,11282147.77,7386893.42,7133835.05,4157858.2,0,2901087.57,74889.28,0,0,0,0,0,253058.37,3895254.35,3009927.45,885326.9,0,0,0,0,0,0,76025.36,0,0,212366441,53710400,0,5.31,0,21.01,65.47,34.53,0,3182.77,2733.75,2640.1,93.65,4884.94,3923.14,1693.99,0,0,3544755,797401,2702106,767225,522628,1111
13,Hidalgo,2012,0,8377067.98,5228812.19,5084149.19,2489969.51,0,2069818,524361.68,0,0,0,0,0,144663,3148255.79,2412518.72,435305.69,300431.38,0,0,0,0,0,135699.96,0,0,231618440,60974200,0,3.62,0,13.74,62.42,37.58,0,2981.11,2828,2749.76,78.24,3421.9,2647.53,1517.85,14847.85,0,2810048,920032,1848941,911233,286791,20234
14,Jalisco,2012,0,27364852.32,10596066.29,8775840.13,5239364.76,0,3536475.37,0,0,0,0,0,0,1820226.16,16768786.03,15702087.72,927041.06,139657.25,0,0,0,0,0,2949033.31,0,0,970346145,82807800,0,2.82,0,33.05,38.72,61.28,0,3533.83,2812.08,2329.01,483.07,4326.21,3346.23,2308.21,26862.33,0,7743685,3876096,3768056,4692474,401627,5199
15,México,2012,0,52468971.41,29715902.27,25175831.95,17664728.25,0,7385070.29,126033.41,0,0,0,0,0,4540070.32,22753069.14,16539863.1,983803.78,45103.36,5184298.9,0,0,0,0,2553468.57,0,0,1300309612,141173200,0,4.04,0,37.17,56.64,43.36,0,3281.53,3287.71,2785.4,502.3,3219.17,3259.5,892.7,2282.67,0,15989161,7067996,9038489,5074359,1102056,19759
16,Michoacán,2012,0,12855906.73,7378343.31,7239312.31,4339166.3,0,2137361,762785.01,0,0,0,0,0,139031,5477563.42,4522820.74,877120.82,77621.86,0,0,0,0,0,277081.24,0,0,348282352,48750600,0,3.69,0,26.37,57.39,42.61,0,2820.24,2420.77,2375.15,45.61,3786,2828.92,2054.89,25333.51,0,4558445,1446796,3047934,1598778,426846,3064
17,Morelos,2012,0,6719692.75,3064263.79,2926381.97,1825238.57,0,1101143.4,0,0,0,0,0,0,137881.82,3655428.96,2997923.18,591129.93,66375.85,0,0,0,0,0,292132.55,0,0,171825310,23761100,0,3.91,0,28.28,45.6,54.4,0,3595.85,2785.76,2660.41,125.35,4868.47,4017.45,2735.02,41329.92,0,1868737,750837,1099975,746225,216134,1606
18,Nayarit,2012,0,4336653.73,2210643.36,1983361.32,694341.2,0,1133854.13,155165.99,0,0,0,0,0,227282.04,2126010.37,1786891.22,339119.15,0,0,0,0,0,0,61288.03,0,0,99032581,21585700,0,4.38,0,20.09,50.98,49.02,0,3782.67,3577.85,3210,367.85,3954.79,3540.05,1886.22,0,0,1146453,537579,617869,504765,179788,401
19,Nuevo León,2012,0,20277854.1,4345180.44,4097784.39,2125502.89,0,1972281.5,0,0,0,0,0,0,247396.05,15932673.66,13362962.85,763655.83,359615.51,1446439.47,0,0,0,0,5887340.74,0,0,1108967174,74644900,0,1.83,0,27.17,21.43,78.57,0,4090.45,2855.63,2693.04,162.59,4759.96,3454.11,3061.6,14116.96,0,4957369,3347225,1521619,3868716,249430,25474
20,Oaxaca,2012,0,12109379.43,9095276.93,8547434.12,4644378.39,0,2695091.55,1207964.18,0,0,0,0,0,547842.81,3014102.5,1975664.02,723963.7,314474.78,0,0,0,0,0,62530.69,0,0,248833702,59391200,0,4.87,0,20.39,75.11,24.89,0,3049.43,3145.85,2956.37,189.49,2899.19,2400.65,1822.57,11091.41,0,3971033,1039637,2891196,822969,397221,28353
21,Puebla,2012,0,16986451.68,9800377.57,9570829.08,6717150.59,0,2053326.55,800351.94,0,0,0,0,0,229548.49,7186074.11,6274353.18,707844.49,203876.44,0,0,0,0,0,738821.45,0,0,515088623,64944400,0,3.3,0,26.16,57.7,42.3,0,2783.43,2295.65,2241.88,53.77,4146.49,3278.25,2007.54,13172.01,0,6102708,1733051,4269110,1913933,352593,15478
22,Querétaro,2012,0,5868068.27,2834044.5,2604871.75,1294130.06,0,1310741.69,0,0,0,0,0,0,229172.75,3034023.77,2640149.35,289382.39,104492.03,0,0,0,0,0,818112.34,0,0,311704961,24510300,0,1.88,0,23.94,48.3,51.7,0,2990.95,3059.51,2812.1,247.4,3075.56,1895.71,2191.05,31173.04,0,1961944,986496,926307,1392697,132075,3352
23,Quintana Roo,2012,0,5679770.93,2598119.97,1915911.07,809080.42,0,1106830.65,0,0,0,0,0,0,682208.9,3081650.96,2782437.96,299213,0,0,0,0,0,0,275885.89,0,0,213551944,18750100,0,2.66,0,30.29,45.74,54.26,0,3984.8,4222.5,3113.76,1108.73,3736.19,3417.71,2082.76,0,0,1425358,824811,615304,814123,143662,0
24,San Luis Potosí,2012,0,8745515.59,4630953.27,4246730.96,2395980.59,0,1398089.96,452660.41,0,0,0,0,0,384222.31,4114562.32,3407363.5,531135.42,176063.4,0,0,0,0,0,502162.78,0,0,297155564,43448500,0,2.94,0,20.13,52.95,47.05,0,3235.01,3118.38,2859.65,258.73,3456.86,2549.84,1801.75,30460.8,0,2703397,1190260,1485051,1336303,294788,5780
25,Sinaloa,2012,0,10515100.91,4295479.45,3519223.44,1392692.42,0,1885940.16,240590.86,0,0,0,0,0,776256.01,6219621.46,5329944.84,781053.14,108623.48,0,0,0,0,0,392754.83,0,0,325175665,51608800,0,3.23,0,20.37,40.85,59.15,0,3610.17,3270.62,2679.57,591.05,3905.83,3073.65,2007.66,25063.1,0,2912630,1592395,1313355,1734077,389036,4334
26,Sonora,2012,0,14812623.53,3692923.45,2915672.26,1142201.61,0,1773470.65,0,0,0,0,0,0,777251.19,11119700.08,6359374.15,573099.96,104198.99,4083026.98,0,0,0,0,723043.38,0,0,488557575,56823300,0,3.03,0,26.07,24.93,75.07,0,5307.02,3284.93,2593.55,691.38,6596.87,3899.51,2220.98,20666.2,0,2791136,1685603,1124203,1630813,258039,5042
27,Tabasco,2012,0,9962798.08,6519792.28,4211207.44,2407961.37,0,1803246.07,0,0,0,0,0,0,2308584.84,3443005.8,1815513.02,286755.29,1340737.49,0,0,0,0,0,236728.95,0,0,592703438,124528700,0,1.68,0,8,65.44,34.56,0,4236.38,4397.58,2840.45,1557.13,4165.85,2173.4,1616.14,11605.81,0,2351726,826484,1482587,835332,177432,115523
28,Tamaulipas,2012,0,13907074.39,5918293.99,4750619.99,2246850.39,0,2165126,338643.6,0,0,0,0,0,1167674,7988780.4,5806067.07,892475.95,1290237.38,0,0,0,0,0,1009848.37,0,0,462474737,89745800,0,3.01,0,15.5,42.56,57.44,0,4086.9,3900.71,3131.1,769.61,4199.98,2966.69,2222.69,12634.15,0,3402841,1902101,1517237,1957084,401530,102123
29,Tlaxcala,2012,0,4093691.77,2582938.47,2296958.47,1320703.47,0,976255,0,0,0,0,0,0,285980,1510753.3,1271700.82,239052.48,0,0,0,0,0,0,24717.45,0,0,88109739,14476900,0,4.65,0,28.28,63.1,36.9,0,3291.25,3030.46,2694.93,335.53,4057.77,3466.86,1924.52,0,0,1243812,372311,852326,366816,124214,582
30,Veracruz,2012,0,26073094,13033653.13,12385051.78,7169882.67,0,4135615.88,1079553.23,0,0,0,0,0,648601.35,13039440.87,9241762.05,1298496.73,2499182.09,0,0,0,0,0,430988.71,0,0,777750647,231172800,0,3.35,0,11.28,49.99,50.01,0,3254.64,2555.01,2427.86,127.15,4728.91,3083.83,2517.98,10805.4,0,8011048,2757386,5101218,2996843,515690,231290
31,Yucatán,2012,0,9191210.56,4025409.34,3580239.8,1728908.96,0,1499832.25,351498.59,0,0,0,0,0,445169.54,5165801.22,4383791.95,585832.34,196176.93,0,0,0,0,0,430052.28,0,0,209189067,37816500,0,4.39,0,24.3,43.8,56.2,0,4466.1,3957.57,3519.91,437.67,5066.73,4429.03,3410.58,39671.78,0,2057996,1019553,1017141,989785,171769,4945
32,Zacatecas,2012,0,5145088.81,2967214.2,2766260.56,964869.05,0,1408631.11,392760.4,0,0,0,0,0,200953.64,2177874.61,1836030.56,341844.05,0,0,0,0,0,0,45589.84,0,0,157643570,22176900,0,3.26,0,23.2,57.67,42.33,0,3288.8,3093.65,2884.14,209.52,3770.92,2346.25,2089.09,0,0,1564429,577545,959129,782538,163633,646
33,No distribuibles,2012,912786296,11122260.05,8844734.54,8844734.54,0,0,0,0,0,7117514,1727220.54,0,0,0,2277525.51,0,0,0,0,2277525.51,418991213.4,364192055.4,15313584,1016.28,0,0,482814895,83387500,0,0,0,0,0,0,0,0,0,0,0,0,0,0,0,0,0,0,0,0,0,0
34,Extranjero,2012,0,0,0,0,0,0,0,0,0,0,0,0,0,0,0,0,0,0,0,0,0,0,0,237.2,0,0,0,9819300,0,0,0,0,0,0,0,0,0,0,0,0,0,0,0,0,0,0,0,0,0,0
35,IMSS-Prospera,2012,0,0,0,0,0,0,0,0,0,0,0,0,0,0,0,0,0,0,0,0,0,0,0,0,0,0,0,0,0,0,0,0,0,0,0,0,0,0,0,0,0,0,0,0,0,0,0,0,0,0
37,Gasto Total,2012,912786296,493795082.6,221612545.1,196089996.5,112737332.5,0,64793133.66,9714795.72,0,7117514,1727220.54,0,0,25522548.67,272182537.5,199554804.1,46155538.86,12431147.82,11763521.21,2277525.51,418991213.4,364192055.4,15313584,39485574.01,0,0,15817754584,3122058400,5.77,3.12,2.65,15.82,44.88,55.12,7731.51,4182.56,3435.34,3039.7,395.64,5180.08,3471.97,3709.39,16457.55,3548.95,118060514,52544123,64509628,57475897,12442881,755346
01,Aguascalientes,2013,0,5863724.94,2579019.25,1896869.83,716246.99,0,1180622.84,0,0,0,0,0,0,682149.42,3284705.69,2830751.67,357775.62,96178.4,0,0,0,0,0,330155.34,0,0,172820491,21185800,0,3.39,0,27.68,43.98,56.02,0,4533.81,4482.98,3297.24,1185.75,4852.04,3332.97,2537.43,73306.71,0,1293332,676974,575291,849319,140999,1312
02,Baja California,2013,0,17429092.67,3383688.06,3342694.06,1664067.4,0,1601387,77239.66,0,0,0,0,0,40994,14045404.61,7860015.55,752253.5,43633.2,5389502.36,0,0,0,0,1004415.59,0,0,465524695,57461000,0,3.74,0,30.33,19.41,80.59,0,5254.71,2604.47,2572.92,31.55,6746.45,3707.72,4463.96,14953.12,0,3316849,2081896,1299184,2119906,168517,2918
03,Baja California Sur,2013,0,4107811.49,1357787.74,1145398.28,379174.05,0,766224.23,0,0,0,0,0,0,212389.46,2750023.75,2111427.99,638595.76,0,0,0,0,0,0,126438.19,0,0,115027644,24607800,0,3.57,0,16.69,33.05,66.95,0,5883.36,4769,4023.02,745.98,6343.99,5493.35,4779.94,0,0,698209,433485,284711,384361,133599,503
04,Campeche,2013,0,4585041.3,2291130.94,2021724.94,691943.54,0,1152264,177517.4,0,0,0,0,0,269406,2293910.36,1403088.7,288590,602231.66,0,0,0,0,0,79495.61,0,0,721085063,122802100,0,0.64,0,3.73,49.97,50.03,0,5156.74,4949.93,4367.89,582.05,5495.21,2661.17,2863.14,21139.09,0,889136,417438,462861,527245,100795,28489
05,Coahuila,2013,0,11109971.66,2692496.6,2410601.03,1029700.8,0,1129891.43,251008.8,0,0,0,0,0,281895.57,8417475.06,7529105.72,847814.96,40554.38,0,0,0,0,0,1169806.21,0,0,538206987,49926500,0,2.06,0,22.25,24.23,75.77,0,3781.39,3051.27,2731.81,319.46,4192.62,7333.44,2680.91,21768.32,0,2938067,2007689,882419,1026682,316241,1863
06,Colima,2013,0,3396635.88,1617509.92,1593274.72,556796.82,0,1036477.9,0,0,0,0,0,0,24235.2,1779125.96,1527401.4,251724.56,0,0,0,0,0,0,110680.03,0,0,91422446,36227200,0,3.72,0,9.38,47.62,52.38,0,4831.68,5270.99,5192.02,78.98,4545.25,658.35,3078.86,0,0,702992,391425,306870,2320028,81759,1530
07,Chiapas,2013,0,15963501.16,11453656.89,11386525.52,6838188.19,0,2998053.83,1550283.5,0,0,0,0,0,67131.37,4509844.27,2610940.24,720089.52,87383.34,1091431.17,0,0,0,0,155060.97,0,0,280925273,81896200,0,5.68,0,19.49,71.75,28.25,0,3057.85,2859.66,2842.9,16.76,4048.56,1169.54,2214.43,8450.18,0,5220498,1113937,4005249,2232451,325180,10341
08,Chihuahua,2013,0,15092573.33,5792974.02,4173051.74,2053726.8,0,1769982.86,349342.08,0,0,0,0,0,1619922.28,9299599.31,8411102.88,804223.75,84272.68,0,0,0,0,0,1276629.91,0,0,476290197,61809600,0,3.17,0,24.42,38.38,61.62,0,4237.27,3909.44,2816.22,1093.22,4317.01,20919.13,2521.86,16767.35,0,3561862,2154175,1481791,402077,318901,5026
09,Ciudad de México,2013,0,97460830.39,26185520.04,19878881.07,16071091.17,0,3450417.39,357372.51,0,0,0,0,0,6306638.97,71275310.35,41750343.13,25933424.31,3591542.91,0,0,0,0,0,17664291.92,0,0,2673066331,1172294000,0,3.65,0,8.31,26.87,73.13,0,10684.75,6692.72,5080.81,1611.9,14308.85,4761.65,7986.41,48179.53,0,9121489,4981204,3912538,8768039,3247193,74545
10,Durango,2013,0,7074987.83,3266976.71,3128687.84,1226657.59,0,1546275.85,355754.4,0,0,0,0,0,138288.87,3808011.12,3054368.56,687207.05,66435.51,0,0,0,0,0,170819.37,0,0,189052812,40007300,0,3.74,0,17.68,46.18,53.82,0,4044.97,4071.95,3899.59,172.36,4111.8,3395.11,1983.1,37811.9,0,1749082,926117,802312,899638,346531,1757
11,Guanajuato,2013,0,23423869.82,14753068.46,13543375.7,11333777.15,0,2209598.55,0,0,0,0,0,0,1209692.76,8670801.36,7038844.54,1110339.01,521617.81,0,0,0,0,0,815277.77,0,0,594575532,76418400,0,3.94,0,30.65,62.98,37.02,0,4006.5,4300,3947.41,352.58,3788.43,2325.18,2525.61,15066.51,0,5846464,2288759,3430950,3027228,439632,34621
12,Guerrero,2013,0,12030435.28,7893231.68,7599045.38,4340341.31,0,3179081.78,79622.29,0,0,0,0,0,294186.3,4137203.6,3109396.33,1027807.27,0,0,0,0,0,0,83667.51,0,0,218811378,61433300,0,5.5,0,19.58,65.61,34.39,0,3363.93,2903.59,2795.37,108.22,5136.71,4006.07,1916.07,0,0,3576309,805419,2718439,776171,536414,1124
13,Hidalgo,2013,0,9182667.96,5762333.37,5573263.37,2825846.24,0,2189372,558045.13,0,0,0,0,0,189070,3420334.59,2528622.16,585281.15,306431.28,0,0,0,0,0,146413,0,0,230982767,65448200,0,3.98,0,14.03,62.75,37.25,0,3219.69,3081.07,2979.98,101.09,3653.82,2602.88,1982.79,14972.7,0,2852032,936099,1870235,971472,295180,20466
14,Jalisco,2013,0,28292492.75,10530000.65,8861075.18,5209771.97,0,3651303.21,0,0,0,0,0,0,1668925.47,17762492.1,16351700.22,1247293.68,163498.2,0,0,0,0,0,3159238.26,0,0,1018578607,93398600,0,2.78,0,30.29,37.22,62.78,0,3605.08,2763.5,2325.51,437.99,4517.52,3346.31,3080.64,31089.22,0,7847959,3931916,3810387,4886491,404881,5259
15,México,2013,0,56752175,31246504.4,26522852.5,18760075.46,0,7629008.77,133768.27,0,0,0,0,0,4723651.9,25505670.6,18046946.31,1377826.85,44904.14,6035993.3,0,0,0,0,2718211,0,0,1365154229,165508000,0,4.16,0,34.29,55.06,44.94,0,3501.22,3405.55,2890.72,514.83,3547.85,3486.12,1242.18,2246.78,0,16209259,7189043,9175167,5176807,1109204,19986
16,Michoacán,2013,0,14575142.16,7666907.43,7630866.33,4673680.79,0,2161320.49,795865.05,0,0,0,0,0,36041.1,6908234.73,5612872.96,1213036.55,82325.22,0,0,0,0,0,310722.95,0,0,359465987,57293500,0,4.05,0,25.44,52.6,47.4,0,3164.86,2498.11,2486.37,11.74,4728.96,3448.51,2819.25,26573.67,0,4605304,1460836,3069078,1627623,430270,3098
17,Morelos,2013,0,7093921.62,3289890.07,3132452.72,1890417.85,0,1242034.87,0,0,0,0,0,0,157437.35,3804031.55,2866290.98,863208.48,74532.09,0,0,0,0,0,308323,0,0,182126143,28843700,0,3.9,0,24.59,46.38,53.62,0,3742.15,2955.47,2814.03,141.43,4998.5,3715.4,3960.13,45894.14,0,1895682,761034,1113154,771463,217975,1624
18,Nayarit,2013,0,4607173.4,2297499.25,2074429.69,757663.5,0,1157497.13,159269.06,0,0,0,0,0,223069.56,2309674.15,1892880.9,416793.25,0,0,0,0,0,0,66889.54,0,0,103627459,22148400,0,4.45,0,20.8,49.87,50.13,0,3952.4,3654.73,3299.88,354.85,4201.2,3596.51,2299.16,0,0,1165666,549765,628638,526311,181281,409
19,Nuevo León,2013,0,21176015.22,4363308.16,4099921.25,2093836.99,0,2006084.26,0,0,0,0,0,0,263386.91,16812707.06,13812342.13,1072512.65,371895.81,1555956.47,0,0,0,0,6432779.1,0,0,1124999893,85612800,0,1.88,0,24.73,20.6,79.4,0,4186.51,2836.14,2664.94,171.2,4941.15,3477.46,4266.52,14431.35,0,5058154,3402593,1538466,3971966,251379,25770
20,Oaxaca,2013,0,12195985.23,8943003.19,8687720.04,4662080.96,0,2792004.51,1233634.57,0,0,0,0,0,255283.15,3252982.04,2042247.86,879282.48,331451.7,0,0,0,0,0,74020.61,0,0,245515976,66191200,0,4.97,0,18.43,73.33,26.67,0,3044.68,3073.75,2986.01,87.74,3099.36,2385.09,2152.56,11558.1,0,4005676,1049567,2909475,856255,408483,28677
21,Puebla,2013,0,18231306.11,10694056.89,10452354.66,6982554.72,0,2643853.95,825945.99,0,0,0,0,0,241702.23,7537249.22,6454371.23,897808.16,185069.83,0,0,0,0,0,813051.3,0,0,519256535,74835500,0,3.51,0,24.36,58.66,41.34,0,2948.58,2479.58,2423.54,56.04,4295.32,3273.61,2526.38,11821.77,0,6183078,1754757,4312850,1971640,355374,15655
22,Querétaro,2013,0,6502801.59,3035628.27,2728191.76,1401861.51,0,1326330.25,0,0,0,0,0,0,307436.51,3467173.32,2956666.36,408259.19,102247.77,0,0,0,0,0,886415.89,0,0,319989728,28252500,0,2.03,0,23.02,46.68,53.32,0,3237.61,3233.59,2906.11,327.49,3449.55,2033.25,3064.62,30179.39,0,2008518,1005110,938779,1454155,133217,3388
23,Quintana Roo,2013,0,6389316.84,3162063.07,2209411.33,1092872.02,0,1116539.31,0,0,0,0,0,0,952651.74,3227253.77,2885955.33,341298.44,0,0,0,0,0,0,372100.93,0,0,225272667,22255900,0,2.84,0,28.71,49.49,50.51,0,4361.42,4997.88,3492.14,1505.74,3786.62,3367.16,2306.6,0,0,1464964,852279,632681,857089,147966,0
24,San Luis Potosí,2013,0,9694292.9,5177679.96,4456398.11,2464925.05,0,1496235.86,495237.2,0,0,0,0,0,721281.85,4516612.94,3636210.88,699258.94,181143.12,0,0,0,0,0,550711.04,0,0,307896470,47679200,0,3.15,0,20.33,53.41,46.59,0,3548.28,3459.23,2977.34,481.89,3747.07,2605.58,2353.28,30991.12,0,2732108,1205371,1496774,1395548,297142,5845
25,Sinaloa,2013,0,11645302.13,4754614.18,3739052.59,1525498.39,0,1967850.98,245703.22,0,0,0,0,0,1015561.59,6890687.95,5713079.82,1067767.77,109840.36,0,0,0,0,0,419371.73,0,0,334097307,60615800,0,3.49,0,19.21,40.83,59.17,0,3942.62,3596.56,2828.35,768.21,4279.07,3087.36,2721.84,25060.54,0,2953698,1610324,1321989,1850472,392297,4383
26,Sonora,2013,0,17141600.36,3899237.68,3005973.36,1247728.55,0,1758244.81,0,0,0,0,0,0,893264.32,13242362.68,8136217.94,764506.5,96515.09,4245123.15,0,0,0,0,783294.98,0,0,510315674,64758800,0,3.36,0,26.47,22.75,77.25,0,6054.52,3425.52,2640.78,784.74,7729.74,4836.67,2939.92,18913.4,0,2831208,1713170,1138292,1682195,260043,5103
27,Tabasco,2013,0,10705073.76,6744751.88,4352215.16,2423312.4,0,1928902.76,0,0,0,0,0,0,2392536.72,3960321.88,2113330.79,404591.88,1442399.21,0,0,0,0,0,210942.13,0,0,553628205,178508600,0,1.93,0,6,63.01,36.99,0,4485.7,4506.52,2907.94,1598.58,4726.89,2418.4,2263.88,12344.24,0,2386488,837828,1496665,873856,178716,116848
28,Tamaulipas,2013,0,14923069.69,6045391.36,4884517.36,2371695.76,0,2234912,277909.6,0,0,0,0,0,1160874,8877678.33,6446011.75,1063031.76,1368634.82,0,0,0,0,0,1077309.42,0,0,473241401,92918800,0,3.15,0,16.06,40.51,59.49,0,4338.74,3945.55,3187.9,757.65,4601.91,3202.81,2624.71,13249.77,0,3439496,1929131,1532205,2012611,405009,103295
29,Tlaxcala,2013,0,4347210.4,2700964.54,2440343.54,1386313.54,0,1054030,0,0,0,0,0,0,260621,1646245.86,1351709.97,294535.89,0,0,0,0,0,0,27487.76,0,0,87657644,16665800,0,4.96,0,26.08,62.13,37.87,0,3433.64,3124.92,2823.39,301.53,4350.52,3582.66,2352.37,0,0,1266063,378402,864332,377292,125208,592
30,Veracruz,2013,0,27482720.2,13326403.55,12837389.65,7428613.86,0,4273883.42,1134892.37,0,0,0,0,0,489013.9,14156316.65,9873965.8,1583673.9,2698676.95,0,0,0,0,0,463985.42,0,0,781357276,232923800,0,3.52,0,11.8,48.49,51.51,0,3390.65,2593.97,2498.78,95.19,5081.71,3222.53,2953.68,11535.47,0,8105450,2785739,5137459,3064044,536169,233946
31,Yucatán,2013,0,10242854.9,4585867.43,3658246.52,1740118.59,0,1527970.9,390157.03,0,0,0,0,0,927620.91,5656987.47,4721360.01,762736.45,172891.01,0,0,0,0,0,462523.62,0,0,215788237,47693500,0,4.75,0,21.48,44.77,55.23,0,4902.1,4457.59,3555.92,901.67,5463.71,4585.02,4407.84,34564.38,0,2089484,1035374,1028777,1029736,173041,5002
32,Zacatecas,2013,0,5555683.68,3179130.09,2987963.63,1053330.04,0,1501434.4,433199.19,0,0,0,0,0,191166.46,2376553.59,1906810.81,469742.78,0,0,0,0,0,0,45155.16,0,0,146858788,26591800,0,3.78,0,20.89,57.22,42.78,0,3509.42,3290.54,3092.68,197.87,4069.18,2320.31,2845.74,0,0,1583078,584038,966141,821792,165069,652
33,No distribuibles,2013,959919529.5,10097330.35,7659036.72,7659036.72,0,0,0,0,0,5870143.84,1788892.88,0,0,0,2438293.63,0,0,0,0,2438293.63,435546917.5,377088568.5,16131775,9562.78,0,0,634567236,51105300,0,0,0,0,0,0,0,0,0,0,0,0,0,0,0,0,0,0,0,0,0,0
34,Extranjero,2013,0,0,0,0,0,0,0,0,0,0,0,0,0,0,0,0,0,0,0,0,0,0,0,1325.98,0,0,0,8209800,0,0,0,0,0,0,0,0,0,0,0,0,0,0,0,0,0,0,0,0,0,0
37,Gasto Total,2013,959919529.5,524372612,232331332.5,204113805.6,118893910,0,67679091.54,9881767.32,0,5870143.84,1788892.88,0,0,28217526.87,292041279.6,208586380.9,49832292.06,12866306.49,18318006.45,2438293.63,435546917.5,377088568.5,16131775,42326574.02,0,0,16277187078,3343528700,5.9,3.22,2.68,15.68,44.31,55.69,8026.24,4384.47,3566.42,3133.26,433.16,5484.25,3504.95,3947.53,16840.12,3641.77,119597654,53250894,65144159,59511963,12623665,764027
01,Aguascalientes,2014,0,5848928.13,2548139.17,2014924.82,728663.42,0,1286261.4,0,0,0,0,0,0,533214.35,3300788.96,2716369.81,474145.95,110273.2,0,0,0,0,0,396313.09,0,0,195180365,23414000,0,3,0,24.98,43.57,56.43,0,4430.89,4374.65,3459.23,915.42,4799.78,3109.7,3242.56,83985.68,0,1320036,687696,582478,873514,146226,1313
02,Baja California,2014,0,14145035.25,3715299.86,3708337.43,1881974.05,0,1747265.49,79097.89,0,0,0,0,0,6962.43,10429735.39,7639828.19,966975.31,40673.68,1782258.21,0,0,0,0,1139250.91,0,0,501905007,63587200,0,2.82,0,22.25,26.27,73.73,0,4221.29,2823.47,2818.18,5.29,4926.47,3331.6,5558.93,13924.57,0,3350881,2117083,1315861,2293139,173950,2921
03,Baja California Sur,2014,0,4278824.67,1365855.39,1153361.5,320382.69,0,832978.81,0,0,0,0,0,0,212493.89,2912969.28,2059496.8,853472.48,0,0,0,0,0,0,136480.65,0,0,119613084,26872300,0,3.58,0,15.92,31.92,68.08,0,5990.39,4658.35,3933.62,724.73,6504.62,5374.03,6180.87,0,0,714281,447831,293206,383231,138083,502
04,Campeche,2014,0,5169725.11,2758275.37,2106315.37,679294.98,0,1242740,184280.39,0,0,0,0,0,651960,2411449.74,1338553.09,370117.31,702779.34,0,0,0,0,0,108098,0,0,696682543,153792700,0,0.74,0,3.36,53.35,46.65,0,5710.41,5876.59,4487.57,1389.02,5677.09,2742.08,3670.31,24624.36,0,905316,424769,469367,488152,100841,28540
05,Coahuila,2014,0,11883864.99,2950147.68,2672892.19,1137662.26,0,1273541.18,261688.75,0,0,0,0,0,277255.49,8933717.31,7334493.72,1126389.26,64029.7,408804.63,0,0,0,0,1538545.73,0,0,579802090,56261600,0,2.05,0,21.12,24.82,75.18,0,3989.31,3313.41,3002.02,311.4,4389.54,3301.11,3476.42,34222.18,0,2978928,2035229,890365,2221827,324008,1871
06,Colima,2014,0,3434142.03,1593188.34,1505708.88,378845.78,0,1126863.1,0,0,0,0,0,0,87479.46,1840953.69,1494182.71,346770.98,0,0,0,0,0,0,140987.57,0,0,96603958,31411100,0,3.55,0,10.93,46.39,53.61,0,4800.59,5109.7,4829.13,280.57,4611.78,3549.19,4183.96,0,0,715359,399185,311797,420993,82881,1535
07,Chiapas,2014,0,16966329.79,12134635.65,12053120.33,7396417.03,0,3107325.94,1549377.36,0,0,0,0,0,81515.32,4831694.14,2560467.35,1073506.41,95621.78,1102098.6,0,0,0,0,190603.8,0,0,300375744,90194700,0,5.65,0,18.81,71.52,28.48,0,3196.1,2992.02,2971.92,20.1,4272.41,2715.17,3223.59,9231.68,0,5308440,1130907,4055665,943024,333016,10358
08,Chihuahua,2014,0,15796756.55,6440937.42,4706975.55,2372095.5,0,1942813,392067.05,0,0,0,0,0,1733961.87,9355819.13,8167839.58,1095452.72,92526.83,0,0,0,0,0,1440752,0,0,510950825,69188000,0,3.09,0,22.83,40.77,59.23,0,4399.61,4311.75,3150.99,1160.77,4292.58,3531.5,3424.32,18391.34,0,3590487,2179533,1493809,2312850,319904,5031
09,Ciudad de México,2014,0,84918063.69,26276097.37,20010990.2,16200428.16,0,3647343.18,163218.86,0,0,0,0,0,6265107.17,58641966.32,40265780.92,15776940.55,2599244.85,0,0,0,0,0,21302295.58,0,0,2798138054,1264779600,0,3.03,0,6.71,30.94,69.06,0,9299.71,6744.05,5136.04,1608.01,11778.96,4212.29,4804.06,34797.64,0,9131261,4978536,3896188,9559110,3284087,74696
10,Durango,2014,0,7214782.05,3281302.3,3098070.28,1047376.43,0,1676599.93,374093.92,0,0,0,0,0,183232.02,3933479.75,2965118.59,900169.85,68191.31,0,0,0,0,0,165833,0,0,199491872,43426500,0,3.62,0,16.61,45.48,54.52,0,4071.03,4055.62,3829.15,226.47,4194.68,3582.62,2542.84,38745.06,0,1772225,937730,809075,827639,354002,1760
11,Guanajuato,2014,0,20261175.81,11143772.06,9918427.76,7552032.92,0,2366394.84,0,0,0,0,0,0,1225344.3,9117403.75,7094995.79,1429957.56,592450.4,0,0,0,0,0,1025288.72,0,0,649953073,85054300,0,3.12,0,23.82,55,45,0,3422.49,3223.77,2869.29,354.48,3942.19,2480.02,3166.38,17080.88,0,5920002,2312776,3456748,2860862,451607,34685
12,Guerrero,2014,0,12734161.72,8440869.23,8139532.6,4438890.06,0,3513319.29,187323.25,0,0,0,0,0,301336.63,4293292.49,2976309.88,1316982.61,0,0,0,0,0,0,108063.56,0,0,234183853,77214100,0,5.44,0,16.49,66.29,33.71,0,3532.21,3087.44,2977.22,110.22,5282.28,4341.28,2387.23,0,0,3605158,812772,2733938,685584,551679,1127
13,Hidalgo,2014,0,9699916.86,6193617.72,6006730.72,3070301.62,0,2312774,623655.1,0,0,0,0,0,186887,3506299.14,2380466.61,772169.7,353662.83,0,0,0,0,0,168223.14,0,0,256398844,65266400,0,3.78,0,14.86,63.85,36.15,0,3354.26,3275,3176.18,98.82,3684.62,2491.42,2580.06,17248.48,0,2891824,951605,1891179,955466,299284,20504
14,Jalisco,2014,0,30924776.59,12936946.32,9837407.43,5596203.11,0,4241204.32,0,0,0,0,0,0,3099538.89,17987830.27,16142984.58,1702863.7,141981.99,0,0,0,0,0,3556499.81,0,0,1107264088,104890700,0,2.79,0,29.48,41.83,58.17,0,3891.91,3359.13,2554.32,804.81,4511.92,3230.89,4198.94,26936.44,0,7945906,3986735,3851275,4996452,405546,5271
15,México,2014,0,62465854.85,34212620.69,28587772.85,20254592.13,0,8181544.36,151636.36,0,0,0,0,0,5624847.84,28253234.16,17162975.5,1896390.98,59047.85,9134819.83,0,0,0,0,3160879.38,0,0,1451590566,192249800,0,4.3,0,32.49,54.77,45.23,0,3804.66,3675.14,3070.91,604.22,3865.16,3236.6,1706.03,2948.41,0,16418232,7309715,9309214,5302780,1111583,20027
16,Michoacán,2014,0,14865902.69,8491504.86,8449159.57,4881453.37,0,2661075.55,906630.65,0,0,0,0,0,42345.29,6374397.83,4597577.37,1700498.94,76321.52,0,0,0,0,0,349890.34,0,0,391994837,65592000,0,3.79,0,22.66,57.12,42.88,0,3198.14,2748.6,2734.9,13.71,4323.21,3131.05,3951.98,24580.2,0,4648296,1474461,3089388,1468382,430290,3105
17,Morelos,2014,0,7543799.01,3541080.26,3404115.58,2056814.27,0,1347301.31,0,0,0,0,0,0,136964.68,4002718.75,2789591.69,1152761.98,60365.08,0,0,0,0,0,409477.32,0,0,189051143,32190000,0,3.99,0,23.44,46.94,53.06,0,3926.1,3144.52,3022.89,121.63,5189.71,3479.32,5198.57,37102.08,0,1921450,771280,1126113,801763,221746,1627
18,Nayarit,2014,0,4731729.38,2404649.62,2219628.45,833909.06,0,1187219.4,198499.99,0,0,0,0,0,185021.17,2327079.76,1806944.61,520135.15,0,0,0,0,0,0,86725.84,0,0,112501791,24821800,0,4.21,0,19.06,50.82,49.18,0,3996.65,3760.78,3471.41,289.37,4142.19,3429.46,2778.05,0,0,1183925,561800,639402,526889,187230,410
19,Nuevo León,2014,0,20931927.82,4312609.21,4052240.22,2015016.18,0,2037224.04,0,0,0,0,0,0,260368.99,16619318.61,13266359.53,1352365.89,371875.24,1628717.95,0,0,0,0,6873329.77,0,0,1207990997,92950600,0,1.73,0,22.52,20.6,79.4,0,4059.37,2772.73,2605.33,167.4,4805.74,3304.19,5304.6,14406.51,0,5156442,3458226,1555363,4015015,254942,25813
20,Oaxaca,2014,0,13136537.27,9519377.87,9332856.6,4940098.17,0,3095029.43,1297729,0,0,0,0,0,186521.27,3617159.4,2079513.34,1161465,376181.06,0,0,0,0,0,101961.77,0,0,265613706,75758500,0,4.95,0,17.34,72.46,27.54,0,3253.62,3252.13,3188.41,63.72,3415.35,2737.47,2775.76,13094.58,0,4037510,1059088,2927118,759649,418431,28728
21,Puebla,2014,0,19107497.83,11513273.27,10889139.9,7145602.6,0,2873352.24,870185.06,0,0,0,0,0,624133.37,7594224.56,6183765.05,1195598.35,214861.16,0,0,0,0,0,1029686.02,0,0,540792718,84361900,0,3.53,0,22.65,60.26,39.74,0,3052.45,2643.4,2500.1,143.3,4275.98,3079.13,3335.11,13698.51,0,6259726,1776018,4355480,2008281,358488,15685
22,Querétaro,2014,0,6492527.24,3264401.3,2840772.64,1461744.33,0,1379028.31,0,0,0,0,0,0,423628.66,3228125.94,2793541.08,350720.14,83864.72,0,0,0,0,0,1069062.85,0,0,348716588,33048800,0,1.86,0,19.65,50.28,49.72,0,3160.62,3432.04,2986.65,445.38,3154.68,2035.36,2536.27,24702.42,0,2054196,1023280,951156,1372505,138282,3395
23,Quintana Roo,2014,0,6267836.94,2971539.76,2240344.88,1029896.1,0,1210448.78,0,0,0,0,0,0,731194.88,3296297.18,2789676.34,506620.84,0,0,0,0,0,0,431565.58,0,0,246516890,23789700,0,2.54,0,26.35,47.41,52.59,0,4167.45,4571.21,3446.39,1124.82,3746.55,3106.97,3296.17,0,0,1503999,879822,650055,897876,153700,0
24,San Luis Potosí,2014,0,9678951.37,5073664.19,4728622.13,2484911.99,0,1606768.55,636941.59,0,0,0,0,0,345042.06,4605287.18,3555467.79,894607.69,155211.7,0,0,0,0,0,702633.06,0,0,330242339,48971700,0,2.93,0,19.76,52.42,47.58,0,3508.22,3364.01,3135.23,228.77,3774.87,2846.65,2993.86,26486.64,0,2758933,1219987,1508221,1249000,298814,5860
25,Sinaloa,2014,0,12012847.51,4888985.91,3873424.32,1659414.86,0,1967850.98,246158.48,0,0,0,0,0,1015561.59,7123861.6,5614345.71,1401115.96,108399.93,0,0,0,0,0,498478.28,0,0,344506492,59801600,0,3.49,0,20.09,40.7,59.3,0,4014.06,3674.21,2910.99,763.22,4375.65,3184.37,3526.32,24669.99,0,2992691,1628068,1330623,1763096,397331,4394
26,Sonora,2014,0,15402305.44,4188599.34,3242251.8,1350282.48,0,1891969.32,0,0,0,0,0,0,946347.54,11213706.1,7033532.19,1000970.91,98799.32,3080403.68,0,0,0,0,930743.52,0,0,535720341,66648600,0,2.88,0,23.11,27.19,72.81,0,5368.2,3635.8,2814.35,821.45,6443.1,4285.23,3846.57,19338.29,0,2869173,1740420,1152044,1641343,260224,5109
27,Tabasco,2014,0,11177109.01,7051264.99,4456133.7,2610576.59,0,1845557.11,0,0,0,0,0,0,2595131.29,4125844.02,2014517.29,493607.93,1617718.8,0,0,0,0,0,273191.49,0,0,575966401,167271200,0,1.94,0,6.68,63.09,36.91,0,4618.56,4667.97,2949.98,1717.99,4860.33,2403.95,2724.14,13820.75,0,2420042,848882,1510562,838002,181198,117050
28,Tamaulipas,2014,0,16055061.29,7167532.1,5290471.1,2601199.28,0,2401072,288199.82,0,0,0,0,0,1877061,8887529.19,5865180.65,1338998.19,1683350.35,0,0,0,0,0,1157479.75,0,0,498626182,100990100,0,3.22,0,15.9,44.64,55.36,0,4622.01,4633.25,3419.88,1213.37,4544.32,2933.17,3274.62,16266.93,0,3473611,1955745,1546976,1999604,408902,103483
29,Tlaxcala,2014,0,4793442.72,3100286.82,2807986.82,1608336.82,0,1199650,0,0,0,0,0,0,292300,1693155.9,1273083.99,420071.91,0,0,0,0,0,0,37321.97,0,0,93828437,18107900,0,5.11,0,26.47,64.68,35.32,0,3722.68,3538.32,3204.73,333.6,4404.37,3203.6,3321.75,0,0,1287633,384426,876202,397392,126461,590
30,Veracruz,2014,0,28881650.66,14356920.14,13682906.49,7903029.72,0,4615195.57,1164681.2,0,0,0,0,0,674013.65,14524730.52,9399639.84,2140123.76,2984966.92,0,0,0,0,0,522207.36,0,0,810516492,231455100,0,3.56,0,12.48,49.71,50.29,0,3525.31,2775.41,2645.11,130.3,5163.45,3251.78,3941.71,12736.02,0,8192658,2812990,5172903,2890611,542943,234372
31,Yucatán,2014,0,10734093.26,4891028.44,4037645.64,1985802.49,0,1633476.49,418366.66,0,0,0,0,0,853382.8,5843064.82,4412250.03,972689.04,151240.24,306885.51,0,0,0,0,554594.56,0,0,232467744,49013200,0,4.62,0,21.9,45.57,54.43,0,5064.37,4700.55,3880.4,820.15,5559.58,4163.26,5619.85,30211.79,0,2119530,1050990,1040523,1059806,173081,5006
32,Zacatecas,2014,0,6063927.86,3642155.29,3339624.67,1204548.15,0,1642826.36,492250.16,0,0,0,0,0,302530.62,2421772.57,1818244.15,603528.42,0,0,0,0,0,0,68045.81,0,0,156773426,28223200,0,3.87,0,21.49,60.06,39.94,0,3788.88,3743.17,3432.25,310.92,4102.54,2700.47,3592.02,0,0,1600453,590311,973013,673307,168019,653
33,No distribuibles,2014,987292812.2,10233552.4,7605169.06,7605169.06,0,0,0,0,0,5723821.1,1881347.96,0,0,0,2628383.34,0,0,0,0,2628383.34,463439774.5,396857205.9,16910980,-3128.47,0,0,904345117,51978000,0,0,0,0,0,0,0,0,0,0,0,0,0,0,0,0,0,0,0,0,0,0
34,Extranjero,2014,0,0,0,0,0,0,0,0,0,0,0,0,0,0,0,0,0,0,0,0,0,0,0,206.79,0,0,0,9477700,0,0,0,0,0,0,0,0,0,0,0,0,0,0,0,0,0,0,0,0,0,0
37,Gasto Total,2014,987292812.2,523853037.8,243975747,212013061.5,120827796.6,0,73094014.28,10486081.54,0,5723821.1,1881347.96,0,0,31962685.52,279877290.8,199593093.8,47308185.47,12903639.8,17443988.41,2628383.34,463439774.5,396857205.9,16910980,49671588.55,0,0,17484305607,3612054600,5.65,3,2.65,14.5,46.57,53.43,8156.17,4327.63,3709.79,3223.78,486.01,5187.92,3355.23,3696.88,16858.23,3828.54,121048604,53947896,65765307,59487144,12796779,765421
01,Aguascalientes,2015,0,6481667.76,2775750.96,2085944.55,736115.93,0,1349828.62,0,0,0,0,0,0,689806.41,3705916.8,2961428.64,610295.84,134192.32,0,0,0,0,0,346035.96,0,0,215416925,26573725,0,3.01,0,24.39,42.82,57.18,0,4820.34,4708.84,3538.64,1170.2,5307.94,3215.32,4114.59,122438.25,0,1344649,698184,589476,921038,148325,1096
02,Baja California,2015,0,15454367.62,4002517.08,3857418.76,1878768.56,0,1894572.35,84077.85,0,0,0,0,0,145098.32,11451850.54,8354828.73,1074864.96,74454.75,1947702.1,0,0,0,0,1241578.45,0,0,580277424,66924742.4,0,2.66,0,23.09,25.9,74.1,0,4537.18,3004.46,2895.54,108.92,5321.6,3434.96,5776.45,31074.6,0,3406162,2151958,1332192,2432294,186077,2396
03,Baja California Sur,2015,0,4803801.39,1512321.41,1304299.91,307789.85,0,993095.07,3414.99,0,0,0,0,0,208021.5,3291479.98,2346745.4,944734.58,0,0,0,0,0,0,185887.5,0,0,142277939,26909205.2,0,3.38,0,17.85,31.48,68.52,0,6576.9,5013.15,4323.58,689.56,7120.44,5611.82,6320.61,0,0,730405,462258,301671,418179,149469,530
04,Campeche,2015,0,5432546.34,2937854.27,2350559.27,812674.57,0,1355639,182245.7,0,0,0,0,0,587295,2494692.07,1461344.63,393530.14,639817.3,0,0,0,0,0,92204.92,0,0,436081494,182754163.2,0,1.25,0,2.97,54.08,45.92,0,5923.78,6173.84,4939.65,1234.19,5774.44,3092.26,3930.51,26042.71,0,917075,432023,475855,472581,100122,24568
05,Coahuila,2015,0,13025181.14,3274199.74,3003093.33,998548.25,0,1738262.33,266282.75,0,0,0,0,0,271106.41,9750981.4,7967025.49,1292500.6,68435.33,423019.98,0,0,0,0,1736945.91,0,0,627666568,60740069.69,0,2.08,0,21.44,25.14,74.86,0,4316.8,3645.29,3343.45,301.83,4727.79,3447.46,3806.7,18416.4,0,3017320,2062480,898201,2310987,339533,3716
06,Colima,2015,0,3886029.68,1811709.3,1654337.85,437943.43,0,1216394.42,0,0,0,0,0,0,157371.45,2074320.38,1713541.49,360778.89,0,0,0,0,0,0,80594.58,0,0,101924980,29563631.3,0,3.81,0,13.14,46.62,53.38,0,5367.36,5721.94,5224.91,497.03,5098.74,3994.87,4391.82,0,0,724011,406830,316625,428935,82148,7733
07,Chiapas,2015,0,17676999.16,12439015.29,12333202.31,7099075.58,0,3645478.76,1588647.97,0,0,0,0,0,105812.98,5237983.87,2827775.49,1174871.52,102229.79,1133107.07,0,0,0,0,165488.35,0,0,302308114,97044741.46,0,5.85,0,18.22,70.37,29.63,0,3281.85,3030.01,3004.23,25.77,4564.57,2888.7,3375.29,37026.36,0,5386294,1147531,4105277,978911,348080,2761
08,Chihuahua,2015,0,17158432.18,6983068.44,4741464.37,2164984.35,0,2182011.23,394468.79,0,0,0,0,0,2241604.07,10175363.74,8938773.89,1154376.81,82213.04,0,0,0,0,0,1637231.47,0,0,587826599,72142233.78,0,2.92,0,23.78,40.7,59.3,0,4737.88,4638.02,3149.19,1488.83,4615.69,3644.89,3656.71,73667.6,0,3621545,2204515,1505614,2452410,315687,1116
09,Ciudad de México,2015,0,98770399.15,31629181.05,25164045.93,20454883.93,0,3852254.24,856907.76,0,0,0,0,0,6465135.12,67141218.1,45571619.92,17747241.79,3822356.39,0,0,0,0,0,21409754.55,0,0,2968856863,1395450688,0,3.33,0,7.08,32.02,67.98,0,10791.95,8153.05,6486.53,1666.52,13495.26,4661.51,5319.65,72888.7,0,9152227,4975169,3879431,9776154,3336169,52441
10,Durango,2015,0,7911165.5,3661454.45,3327980.95,1108345.74,0,1845963.7,373671.51,0,0,0,0,0,333473.5,4249711.05,3180062.18,983708.32,85940.55,0,0,0,0,0,158195.85,0,0,210218376,45850975.97,0,3.76,0,17.25,46.28,53.72,0,4415.73,4488.85,4080.02,408.83,4477.86,3701.75,2723.82,128846.4,0,1791588,949049,815677,859070,361150,667
11,Guanajuato,2015,0,21135107.37,11485727.24,9831172.25,7329056.93,0,2495979.15,6136.17,0,0,0,0,0,1654554.99,9649380.13,7621755.85,1517406.38,510217.9,0,0,0,0,0,1604289.92,0,0,721923181,84712739.3,0,2.93,0,24.95,54.34,45.66,0,3531.29,3299.06,2823.82,475.24,4130.54,2537.74,3207.95,508185.16,0,5985087,2336104,3481510,3003360,473015,1004
12,Guerrero,2015,0,12961190.91,8114212.87,8033562.44,4213546.47,0,3675406.66,144609.31,0,0,0,0,0,80650.43,4846978.04,3373267.63,1473710.41,0,0,0,0,0,0,95218.37,0,0,247813828,70923592.04,0,5.23,0,18.27,62.6,37.4,0,3579.71,2952.24,2922.9,29.34,5913.52,4810.27,2606.67,0,0,3620740,819644,2748495,701263,565361,29826
13,Hidalgo,2015,0,9921643.04,5975322.25,5781920.96,2731421.65,0,2454721.5,595777.81,0,0,0,0,0,193401.29,3946320.79,2715349.09,896605.07,334366.63,0,0,0,0,0,161499.7,0,0,289377791,64521748.68,0,3.43,0,15.38,60.23,39.77,0,3384.93,3125.38,3024.22,101.16,4083.12,2693.84,2948.64,18860.93,0,2931124,966496,1911873,1007983,304074,17728
14,Jalisco,2015,0,32411526.47,13170090.64,9801122.04,5625099.59,0,4172571.69,3450.76,0,0,0,0,0,3368968.6,19241435.83,17300413.59,1805770.42,135251.82,0,0,0,0,0,3354884.47,0,0,1204768340,116158113.3,0,2.69,0,27.9,40.63,59.37,0,4031.18,3384.9,2519.02,865.87,4762.23,3296.7,4562.6,26050.04,0,8040214,4040426,3890841,5247796,395777,5192
15,México,2015,0,66768129.11,38052489.08,28884121.62,19881598.69,0,8808450.4,194072.53,0,0,0,0,0,9168367.46,28715640.03,18676768.57,2089389.46,47230.9,7902251.1,0,0,0,0,3368846.7,0,0,1569746485,230472218.9,0,4.25,0,28.97,56.99,43.01,0,4023.43,4030.71,3059.55,971.16,3864.95,3378.43,1933.42,1693.17,0,16594825,7429755,9440633,5528238,1080672,27895
16,Michoacán,2015,0,15432568.16,8526987.98,8135437.92,4603160.67,0,2647280.48,884996.77,0,0,0,0,0,391550.06,6905580.18,4960955.14,1854256.43,90368.61,0,0,0,0,0,282129.67,0,0,408481804,69377018.06,0,3.78,0,22.24,55.25,44.75,0,3294.75,2742.83,2616.88,125.95,4641.87,3264.55,4459.94,33420.34,0,4683987,1487671,3108828,1519646,415758,2704
17,Morelos,2015,0,7832996.46,3475174.64,3304015.51,1857947.52,0,1444078.57,1989.42,0,0,0,0,0,171159.13,4357821.82,2931622.6,1336348.01,89851.21,0,0,0,0,0,362571.84,0,0,199165660,36677272.93,0,3.93,0,21.36,44.37,55.63,0,4034.34,3051.36,2901.07,150.29,5576.54,3566.6,5781.48,58458.82,0,1941580,781456,1138894,821965,231143,1537
18,Nayarit,2015,0,5225224.01,2657544.65,2435483.76,749362.8,0,1477067.76,209053.2,0,0,0,0,0,222060.89,2567679.36,2006036.34,561643.02,0,0,0,0,0,0,77893.7,0,0,123019281,26721147.11,0,4.25,0,19.55,50.86,49.14,0,4358.7,4087.68,3746.12,341.56,4475.94,3596.78,2937.52,0,0,1198804,573662,650135,557731,191196,338
19,Nuevo León,2015,0,22884229.6,4910823.79,4607797.03,2261853.44,0,2344218.13,1725.46,0,0,0,0,0,303026.76,17973405.81,14439490.97,1446862.34,337155.68,1749896.82,0,0,0,0,7359334.82,0,0,1337539463,106081609.9,0,1.71,0,21.57,21.46,78.54,0,4345.48,3123.67,2930.92,192.75,5115.22,3439.66,5367.02,15574.45,0,5266220,3513713,1572135,4197942,269584,21648
20,Oaxaca,2015,0,14676456.43,10746607.27,9364509.55,4480905.15,0,3534165.65,1349438.75,0,0,0,0,0,1382097.72,3929849.16,2276291.58,1309740.38,343817.2,0,0,0,0,0,90532.04,0,0,290365725,80632570.61,0,5.05,0,18.2,73.22,26.78,0,3608.64,3650.28,3180.83,469.46,3678.78,2987.87,3063.1,15287.56,0,4067038,1068248,2944047,761844,427586,22490
21,Puebla,2015,0,20781182.47,12172554.26,10887071.71,6928221.34,0,3141590,817260.37,0,0,0,0,0,1285482.55,8608628.21,6776458.16,1492789.54,339380.51,0,0,0,0,0,1095172.99,0,0,580298160,89233850.18,0,3.58,0,23.29,58.57,41.43,0,3280.95,2768.35,2476,292.35,4791.1,3072.48,4132.04,25161.66,0,6333894,1796795,4397041,2205536,361272,13488
22,Querétaro,2015,0,6942400.1,3381089.24,2898866.93,1443135.4,0,1451402.66,4328.87,0,0,0,0,0,482222.31,3561310.86,3124733.42,292063.11,144514.33,0,0,0,0,0,1267519.79,0,0,388211112,36785653.38,0,1.79,0,18.87,48.7,51.3,0,3295.46,3509.61,3009.06,500.55,3420.75,2170.98,1984.38,488224.09,0,2106659,1041091,963381,1439316,147181,296
23,Quintana Roo,2015,0,6891416.48,3226371.64,2701360.61,1357566.22,0,1343794.39,0,0,0,0,0,0,525011.03,3665044.84,3134804.03,530240.81,0,0,0,0,0,0,472650.78,0,0,265832867,26297489.38,0,2.59,0,26.21,46.82,53.18,0,4431.53,4834.27,4047.61,786.66,4038.94,3257.01,3223.47,0,0,1555088,907428,667396,962479,164494,3278
24,San Luis Potosí,2015,0,9647708.56,4639346.58,4569306.58,2389939.27,0,1582452.19,596915.12,0,0,0,0,0,70040,5008361.98,3889008.9,959878.3,159474.78,0,0,0,0,0,814269.11,0,0,364656925,55558118.94,0,2.65,0,17.37,48.09,51.91,0,3468.27,3053.42,3007.32,46.1,4058.37,2948.39,3284.6,42515.27,0,2781703,1234082,1519396,1319026,292236,3751
25,Sinaloa,2015,0,12581568.43,4835937.93,4034640.77,1561694.64,0,2228602.03,244344.1,0,0,0,0,0,801297.16,7745630.5,6029479.36,1593424.71,122726.43,0,0,0,0,0,505680.34,0,0,379608572,64949024.91,0,3.31,0,19.37,38.44,61.56,0,4166.67,3611.28,3012.91,598.38,4707.3,3226.96,3933.17,31852.17,0,3019576,1645452,1339119,1868468,405125,3853
26,Sonora,2015,0,18794172.53,4301576.47,3311756.77,1293386.33,0,2015748.34,2622.1,0,0,0,0,0,989819.7,14492596.06,7583138.73,1068667.38,108278.91,5732511.04,0,0,0,0,1041565.79,0,0,588735277,67113944.15,0,3.19,0,28,22.89,77.11,0,6482.4,3690.8,2841.52,849.28,8200.26,4482.93,4271.42,27586.98,0,2899261,1767334,1165487,1691559,250190,3925
27,Tabasco,2015,0,11817204.93,7556546.77,4805041.14,2485247.83,0,2319793.31,0,0,0,0,0,0,2751505.63,4260658.16,2248080.45,555487.1,1457090.61,0,0,0,0,0,267686.2,0,0,467499102,118373347.8,0,2.53,0,9.98,63.95,36.05,0,4842.15,4957.56,3152.4,1805.16,4956.26,2762.51,3068.38,14337.21,0,2440488,859652,1524248,813782,181036,101630
28,Tamaulipas,2015,0,18103718.88,8008851.08,5866059.45,2913309.99,0,2652271.47,300477.99,0,0,0,0,0,2142791.63,10094867.8,7214651.1,1563437,1316779.7,0,0,0,0,0,1218510.69,0,0,543674072,111384823.4,0,3.33,0,16.25,44.24,55.76,0,5172.26,5129.36,3756.99,1372.38,5093.29,3508.33,3749.22,16396.82,0,3500156,1981993,1561373,2056437,417003,80307
29,Tlaxcala,2015,0,4963518.14,3108774.27,2796949.08,1421233.93,0,1372187,3528.15,0,0,0,0,0,311825.19,1854743.87,1409234.21,445509.66,0,0,0,0,0,0,33618.82,0,0,104631193,20312088.13,0,4.74,0,24.44,62.63,37.37,0,3801.88,3501.14,3149.96,351.18,4751.17,3389.64,3310.64,0,0,1305544,390376,887932,415748,134569,812
30,Veracruz,2015,0,31005535.06,15656672.61,13719192.22,7182935.75,0,5308555.31,1227701.16,0,0,0,0,0,1937480.39,15348862.45,10329196.16,2242412.31,2777253.98,0,0,0,0,0,585455.48,0,0,833456616,218231596.6,0,3.72,0,14.21,50.5,49.5,0,3763.77,3006.56,2634.5,372.06,5405.82,3570.15,4109.91,14134.47,0,8237896,2839323,5207505,2893209,545611,196488
31,Yucatán,2015,0,12185248.81,5600795.75,4020749.59,1912884.36,0,1666539.95,441325.28,0,0,0,0,0,1580046.16,6584453.06,4868954.09,1098285.83,260199.69,357013.45,0,0,0,0,660129.5,0,0,247730173,50798885.1,0,4.92,0,23.99,45.96,54.04,0,5656.47,5322.26,3820.79,1501.47,6174.31,4408.85,6235.87,37990.9,0,2154214,1066427,1052335,1104358,176124,6849
32,Zacatecas,2015,0,6512651.17,3878765.04,3501201.56,1149716.3,0,1862101.95,489383.31,0,0,0,0,0,377563.48,2633886.13,1993362.32,640523.81,0,0,0,0,0,0,68034.27,0,0,169623327,29607285.52,0,3.84,0,22,59.56,40.44,0,4037.31,3959.4,3573.99,385.41,4416.06,2861.04,3747.29,0,0,1613116,596433,979635,696726,170930,546
33,No distribuibles,2015,1077072043,10811636.91,7989248.76,7989248.76,0,0,0,0,0,5884600.7,2104648.06,0,0,0,2822388.15,0,0,0,0,2822388.15,506184419.5,436229578.2,17754037,359313.45,0,0,1073095179,63249521.12,0,0,0,0,0,0,0,0,0,0,0,0,0,0,0,0,0,0,0,0,0,0
34,Extranjero,2015,0,0,0,0,0,0,0,0,0,0,0,0,0,0,0,0,0,0,0,0,0,0,0,78.36,0,0,0,11854110.66,0,0,0,0,0,0,0,0,0,0,0,0,0,0,0,0,0,0,0,0,0,0
37,Gasto Total,2015,1077072043,570887624,262498582.8,221102935.5,121772354.5,0,80072478.31,11268853.95,0,5884600.7,2104648.06,0,0,41395647.32,308389041.2,220226198.2,52511354.93,13583598.36,19245501.56,2822388.15,506184419.5,436229578.2,17754037,52200804.34,0,0,18572109415,3853981946,5.8,3.07,2.73,14.81,45.98,54.02,8801.87,4665.32,3954.94,3331.26,623.69,5644.68,3559.79,4049.71,21138.2,4136.56,122368490,54633558,66372258,61864971,12966697,642609
01,Aguascalientes,2016,0,6746246.85,2771180.28,2160830.71,733675.92,0,1427154.79,0,0,0,0,0,0,610349.57,3975066.57,3439879.95,533504.86,1681.76,0,0,0,0,0,480353.64,0,0,248849972,31577260.91,0,2.71,0,21.36,41.08,58.92,0,4933.59,4647.6,3623.97,1023.63,5610.67,3433.52,3541.89,1335.79,0,1367412,708484,596260,1001852,150627,1259
02,Baja California,2016,0,15978756.54,4020846.45,3852390.56,1751239.62,0,1998077.53,103073.41,0,0,0,0,0,168455.89,11957910.09,8892502.94,999364.72,2406.17,2063636.26,0,0,0,0,1441863.44,0,0,647659731,73335576.23,0,2.47,0,21.79,25.16,74.84,0,4577.64,2982.49,2857.54,124.95,5468.88,3598.91,5253.43,797.01,0,3490609,2186538,1348150,2470887,190231,3019
03,Baja California Sur,2016,0,4750368.86,1482144.37,1217218.77,341714.06,0,871291.94,4212.77,0,0,0,0,0,264925.6,3268224.49,2435178.19,833046.3,0,0,0,0,0,0,159710.14,0,0,155809224,29668569,0,3.05,0,16.01,31.2,68.8,0,6360.74,4779.49,3925.18,854.31,6855.09,5177.47,5464.61,0,0,746827,476759,310105,470341,152444,478
04,Campeche,2016,0,5328532.52,2651698.18,2328002.17,712004.57,0,1427060.11,188937.49,0,0,0,0,0,323696.01,2676834.34,1531276.31,398298.91,747259.12,0,0,0,0,0,96807.84,0,0,412424333,200512849.4,0,1.29,0,2.66,49.76,50.24,0,5770.56,5497.99,4826.85,671.15,6094.6,3675.16,3906.81,27714.24,0,923399,439214,482303,416656,101950,26963
05,Coahuila,2016,0,13707022.26,3675544.11,2940095.31,925425.04,0,1742683.32,271986.95,0,0,0,0,0,735448.8,10031478.15,8286395.65,1304872.23,2974.95,437235.32,0,0,0,0,1777683.41,0,0,684776144,66118571.48,0,2,0,20.73,26.82,73.18,0,4488.32,4057.72,3245.8,811.92,4800.77,3468.31,3787,718.07,0,3053932,2089558,905816,2389174,344566,4143
06,Colima,2016,0,3948632.81,1799344.6,1672084.08,422631.15,0,1249452.93,0,0,0,0,0,0,127260.52,2149288.21,1844136.88,305151.33,0,0,0,0,0,0,157291.05,0,0,110204725,31201410.66,0,3.58,0,12.66,45.57,54.43,0,5419.9,5599.29,5203.28,396.02,5186.86,4253.04,3657.97,0,0,728544,414372,321352,433604,83421,1778
07,Chiapas,2016,0,17909562.34,12573786.86,12513312.01,7180229.3,0,3690140.84,1642941.87,0,0,0,0,0,60474.85,5335775.48,2990688.65,1091887.93,89083.36,1164115.54,0,0,0,0,207889.11,0,0,318560217,95101968.02,0,5.62,0,18.83,70.21,29.79,0,3284.12,3026.8,3012.24,14.56,4584.77,3088.09,3001.07,8640.48,0,5453377,1163804,4154156,968460,363833,10310
08,Chihuahua,2016,0,16379125.77,5792179.58,4866183.16,2072791.4,0,2383388.31,410003.45,0,0,0,0,0,925996.42,10586946.19,9409574.56,1112822.56,64549.07,0,0,0,0,0,1830911.01,0,0,656275660,74292096.9,0,2.5,0,22.05,35.36,64.64,0,4477.87,3817.98,3207.6,610.38,4749.21,3541.82,3617.51,49653.13,0,3657794,2229200,1517081,2656704,307621,1300
09,Ciudad de México,2016,0,102547719.3,34869391.36,27516545.62,22675502.86,0,4086329.26,754713.5,0,0,0,0,0,7352845.74,67678327.89,45685110.37,18858180.86,3135036.66,0,0,0,0,0,25236902.65,0,0,3163657853,1647470675,0,3.24,0,6.22,34,66,0,11150.33,9028.14,7124.39,1903.75,13614.31,4572.43,5632.43,44754.27,0,9196836,4971116,3862300,9991427,3348142,70050
10,Durango,2016,0,7914798.68,3616275.91,3289476.12,937662.02,0,1962339.25,389474.85,0,0,0,0,0,326799.79,4298522.77,3302813.38,993094.43,2614.96,0,0,0,0,0,175737.28,0,0,233458628,45268051.24,0,3.39,0,17.48,45.69,54.31,0,4380.78,4398.7,4001.19,397.51,4477.25,3723.04,2794.91,1229.99,0,1806708,960081,822124,887129,355323,2126
11,Guanajuato,2016,0,22626727.92,12376995.85,10033103.07,7276487.76,0,2750386.79,6228.52,0,0,0,0,0,2343892.78,10249732.07,8170270.31,1382403.71,697058.05,0,0,0,0,0,1935398.57,0,0,783268338,88588417.63,0,2.89,0,25.54,54.7,45.3,0,3744.56,3531.02,2862.33,668.69,4345.32,2655.45,2822.72,672187.13,0,6042559,2358796,3505220,3076796,489741,1037
12,Guerrero,2016,0,13337339.65,8690598.13,8547036.79,4014795.53,0,4372440.6,159800.66,0,0,0,0,0,143561.34,4646741.52,3423229.8,1223511.72,0,0,0,0,0,0,106188.54,0,0,265235738,73558676.21,0,5.03,0,18.13,65.16,34.84,0,3683.28,3146.27,3094.29,51.97,5625.19,4884.01,2097.18,0,0,3621045,826060,2762195,700906,583408,33098
13,Hidalgo,2016,0,10766841.54,6593450.41,6121619.82,2714026.63,0,2772432.7,635160.49,0,0,0,0,0,471830.59,4173391.13,2841432.78,862656.56,469301.79,0,0,0,0,0,205421.93,0,0,300101360,66829834.13,0,3.59,0,16.11,61.24,38.76,0,3623.3,3412.37,3168.17,244.19,4254.53,3114.06,2669.47,22491.22,0,2971554,980929,1932223,912454,323156,20866
14,Jalisco,2016,0,33217982.57,12999767.98,9957940.38,5736452.96,0,4216201.42,5286,0,0,0,0,0,3041827.6,20218214.59,18121726.95,1920974.03,175513.61,0,0,0,0,0,3924269.63,0,0,1340583331,125270949.9,0,2.48,0,26.52,39.13,60.87,0,4083.48,3308.61,2534.42,774.18,4939.58,3431.69,4796.12,31397.78,0,8134729,4093103,3929078,5280698,400527,5590
15,México,2016,0,70247801.83,38478164.01,30190533.91,20747130.45,0,9155232.7,288170.76,0,0,0,0,0,8287630.1,31769637.82,19609535.42,2482525.36,63630.24,9613946.8,0,0,0,0,3908412.32,0,0,1696120275,263340186.9,0,4.14,0,26.68,54.77,45.23,0,4197.06,4020.79,3154.77,866.02,4208.61,3436.18,2411.55,3467.21,0,16737401,7548723,9569802,5706791,1029432,18352
16,Michoacán,2016,0,16244663.16,8951536.85,8695541.23,4705947.23,0,3086196.12,903397.88,0,0,0,0,0,255995.62,7293126.31,5328180.96,1962565.04,2380.31,0,0,0,0,0,386905.03,0,0,456455946,72550547.59,0,3.56,0,22.39,55.1,44.9,0,3446.83,2862.29,2780.44,81.86,4860.46,3295.07,4546.54,829.09,0,4712935,1500500,3127402,1617018,431661,2871
17,Morelos,2016,0,8094517.31,3711710.82,3499367.97,1978302.6,0,1518214.69,2850.68,0,0,0,0,0,212342.85,4382806.49,3014828.01,1366114.9,1863.58,0,0,0,0,0,417068.19,0,0,219509801,36785619.92,0,3.69,0,22,45.85,54.15,0,4139.4,3223.52,3039.11,184.41,5536.65,3841.9,5923.84,1119.27,0,1955483,791599,1151445,784724,230613,1665
18,Nayarit,2016,0,5355366.58,2747521.51,2487325.41,778688.43,0,1505494.43,203142.55,0,0,0,0,0,260196.1,2607845.07,2109038.63,498806.44,0,0,0,0,0,0,98557.87,0,0,136301611,26623886.74,0,3.93,0,20.11,51.3,48.7,0,4426.7,4157.81,3764.06,393.75,4454.86,4163.44,2539.26,0,0,1209787,585393,660809,506562,196438,398
19,Nuevo León,2016,0,23585368.77,4975202.67,4602595.8,2170102.21,0,2427766.15,4727.44,0,0,0,0,0,372606.87,18610166.1,14984181.58,1448844.94,478637.23,1698502.35,0,0,0,0,8757925.08,0,0,1439538536,104051430.8,0,1.64,0,22.67,21.09,78.91,0,4373.5,3131.46,2896.93,234.52,5214.4,3283.7,5347.38,19666.25,0,5392796,3568997,1588783,4563198,270945,24338
20,Oaxaca,2016,0,14237171.78,10196888.62,9776914.94,4554658.2,0,3873170.91,1349085.83,0,0,0,0,0,419973.68,4040283.16,2395248.86,1200808.47,444225.83,0,0,0,0,0,114839.41,0,0,284220424,83958735.99,0,5.01,0,16.96,71.62,28.38,0,3476.4,3444.5,3302.63,141.87,3751.37,2957.35,2698.34,16949.36,0,4095378,1077014,2960343,809932,445018,26209
21,Puebla,2016,0,21381788.23,12371360.41,11097365.35,6846073.44,0,3368956.51,882335.4,0,0,0,0,0,1273995.06,9010427.82,7211704.24,1380399.02,418324.56,0,0,0,0,0,1295799.56,0,0,628165600,89942097.14,0,3.4,0,23.77,57.86,42.14,0,3336.76,2787.9,2500.8,287.1,4958.76,3219.62,3708.81,26985.2,0,6407953,1817071,4437526,2239921,372195,15502
22,Querétaro,2016,0,7591157.24,3565899.79,3093097.98,1404087.32,0,1672805.24,16205.42,0,0,0,0,0,472801.81,4025257.45,3555221.84,466424.27,3611.34,0,0,0,0,0,1380912.78,0,0,432120250,39809193.85,0,1.76,0,19.07,46.97,53.03,0,3499.99,3655.65,3170.94,484.7,3802.51,2273.78,3134.51,959.19,0,2168910,1058580,975450,1563576,148803,3765
23,Quintana Roo,2016,0,6953272.88,3200704.49,2604983.55,1213447.99,0,1391535.56,0,0,0,0,0,0,595720.94,3752568.39,3311467.65,441100.74,0,0,0,0,0,0,548808.01,0,0,302288848,26437002.28,0,2.3,0,26.3,46.03,53.97,0,4286.04,4674.59,3804.55,870.04,4013.19,3160.89,2493.7,0,0,1622307,935059,684703,1047639,176886,0
24,San Luis Potosí,2016,0,10405046.15,5120125.32,4906099.53,2311461.89,0,1974004.5,620633.14,0,0,0,0,0,214025.79,5284920.83,4156271.41,1035352.91,93296.51,0,0,0,0,0,844047.35,0,0,400396415,56477329.06,0,2.6,0,18.42,49.21,50.79,0,3715.13,3345.97,3206.11,139.86,4235.53,2976.2,3500.32,19071.24,0,2800720,1247760,1530235,1396505,295788,4892
25,Sinaloa,2016,0,13200684.88,5059383.12,4329507.42,1640010.54,0,2414298.02,275198.86,0,0,0,0,0,729875.7,8141301.76,6243113.08,1814845.74,83342.94,0,0,0,0,0,649794.12,0,0,423219311,64791360.44,0,3.12,0,20.37,38.33,61.67,0,4352.74,3754.84,3213.16,541.68,4896.96,3237.48,4431.62,19871.95,0,3032732,1662523,1347429,1928386,409522,4194
26,Sonora,2016,0,20033182.19,4743826.83,3547146.79,1305869.17,0,2236669.81,4607.81,0,0,0,0,0,1196680.04,15289355.36,8386215.13,1056865.64,6207.4,5840067.19,0,0,0,0,1194250.72,0,0,663322554,67983217.66,0,3.02,0,29.47,23.68,76.32,0,6858.77,4024.88,3009.56,1015.32,8522.71,4566.52,4351.34,1361.57,0,2920813,1793954,1178626,1836455,242883,4559
27,Tabasco,2016,0,12381778.1,7715361.74,4904448.45,2372645.68,0,2531802.77,0,0,0,0,0,0,2810913.29,4666416.36,2339039.15,473623.62,1853753.59,0,0,0,0,0,282917.09,0,0,454246599,104866863.2,0,2.73,0,11.81,62.31,37.69,0,5064.07,5017.49,3189.48,1828,5362.68,3236.5,2560.83,16675.09,0,2445024,870165,1537695,722707,184949,111169
28,Tamaulipas,2016,0,19223389.67,9156477.38,6174397.23,3093608.2,0,2715773.99,365015.04,0,0,0,0,0,2982080.15,10066912.29,7005792.66,1348934.61,1712185.02,0,0,0,0,0,1405696.89,0,0,578652506,115297877.8,0,3.32,0,16.67,47.63,52.37,0,5461.81,5811.77,3918.99,1892.77,5013.93,3376.1,3241.36,19583.72,0,3519599,2007788,1575507,2075114,416163,87429
29,Tlaxcala,2016,0,5052105.01,3192264.4,2888314.44,1477558.88,0,1407433.58,3321.98,0,0,0,0,0,303949.96,1859840.61,1456363.03,403477.58,0,0,0,0,0,0,39885.88,0,0,109834483,20470772.8,0,4.6,0,24.68,63.19,36.81,0,3829.59,3548.86,3210.96,337.9,4693.45,3558.87,2896.01,0,0,1319228,396263,899518,409221,139322,732
30,Veracruz,2016,0,32157756.73,16119464.68,14064947.34,7141528.37,0,5614746.09,1308672.88,0,0,0,0,0,2054517.34,16038292.05,10914293.26,1906475.86,3217522.93,0,0,0,0,0,653924.93,0,0,862619629,205109192.7,0,3.73,0,15.68,50.13,49.87,0,3905.23,3075.49,2683.5,391.99,5598.28,3971.79,3395.86,14754.81,0,8234539,2864863,5241275,2747953,561411,218066
31,Yucatán,2016,0,12284804.56,5709535.27,4237151.26,1978437.37,0,1785858.54,472855.35,0,0,0,0,0,1472384.01,6575269.29,5054961.88,1161139.66,2642.07,356525.68,0,0,0,0,754575.54,0,0,275534828,52481834.21,0,4.46,0,23.41,46.48,53.52,0,5594.5,5365.63,3981.93,1383.7,6078.18,4241.24,6473.36,310.39,0,2195871,1081783,1064095,1191860,179372,8512
32,Zacatecas,2016,0,6632794.5,4020005.72,3619893.55,1126764.25,0,2018402.45,474726.85,0,0,0,0,0,400112.17,2612788.78,2028137.26,584651.52,0,0,0,0,0,0,65655.53,0,0,187277522,30753114.82,0,3.54,0,21.57,60.61,39.39,0,4092.79,4076.77,3671,405.76,4337.72,3001.64,3254.37,0,0,1620606,602341,986077,675677,179651,615
33,No distribuibles,2016,1134536726,11690751.27,8591510.43,8591510.43,0,0,0,0,0,6391316.58,2200193.85,0,0,0,3099240.84,0,0,0,0,3099240.84,542623667.1,462483066.7,18784236,812517.94,0,0,1258366979,63890189.95,0,0,0,0,0,0,0,0,0,0,0,0,0,0,0,0,0,0,0,0,0,0
34,Extranjero,2016,0,0,0,0,0,0,0,0,0,0,0,0,0,0,0,0,0,0,0,0,0,0,0,7441.95,0,0,0,15822251.04,0,0,0,0,0,0,0,0,0,0,0,0,0,0,0,0,0,0,0,0,0,0
37,Gasto Total,2016,1134536726,591913058.4,271540148.1,230326981.2,124340961,0,85647741.85,11746767.83,0,6391316.58,2200193.85,0,0,41213166.98,320372910.3,229477810.8,52852726.47,13769103.05,21174029.14,3099240.84,542623667.1,462483066.7,18784236,61356364.43,0,0,20129057371,4190237612,5.64,2.94,2.7,14.13,45.88,54.12,9180.04,4789.43,4054.95,3439.51,615.44,5792.48,3614.94,4032.7,19249.81,4390.61,123587407,55308390,66965083,63480327,13106042,715285
01,Aguascalientes,2017,0,7291484.15,2807142.69,2209172.42,715873.62,0,1493298.8,0,0,0,0,0,0,597970.27,4484341.46,3970604.35,511657.64,2079.47,0,0,0,0,0,713902.63,0,0,273130458,27608705.05,0,2.67,0,26.41,38.5,61.5,0,5245.78,4656.38,3664.49,991.89,6240.45,3748.58,3412.44,1710.09,0,1389971,718593,602860,1059228,149939,1216
02,Baja California,2017,0,17115920.69,4520859.27,3996578.08,1834643.66,0,2057453.75,104480.67,0,0,0,0,0,524281.19,12595061.42,9371739.25,1006367.64,2453.65,2214500.88,0,0,0,0,1680380.53,0,0,711157088,70880089.01,0,2.41,0,24.15,26.41,73.59,0,4778.65,3315.03,2930.59,384.44,5671.26,3638.45,5263.68,738.38,0,3581745,2220859,1363746,2575749,191191,3323
03,Baja California Sur,2017,0,5204576.34,1610131.32,1294071.19,347987.58,0,941383.29,4700.32,0,0,0,0,0,316060.13,3594445.02,2645448.14,948996.88,0,0,0,0,0,0,200981.93,0,0,187174715,25685981.37,0,2.78,0,20.26,30.94,69.06,0,6817.68,5055.12,4062.83,992.29,7315.92,5166.12,6099.58,0,0,763394,491318,318515,512076,155584,0
04,Campeche,2017,0,5472133.35,2763819.32,2396581.32,694211.4,0,1508040,194329.92,0,0,0,0,0,367238,2708314.03,1600398.89,425073.12,678537.91,4304.11,0,0,0,0,132505.53,0,0,488348950,142255777.3,0,1.12,0,3.85,50.51,49.49,0,5896.75,5655.19,4903.76,751.42,6068.04,3822.39,3978.71,27087.34,0,927991,446324,488723,418691,106837,25050
05,Coahuila,2017,0,14110741.85,3467589.31,3118791.71,968089.1,0,1862440.38,288262.23,0,0,0,0,0,348797.6,10643152.54,8813157.26,1311591.88,3525.13,514878.27,0,0,0,0,2164849.53,0,0,773322316,70016332.78,0,1.82,0,20.15,24.57,75.43,0,4566.94,3796.79,3414.88,381.91,5028.79,3528.95,3783.74,2032.95,0,3089757,2116445,913295,2497385,346639,1734
06,Colima,2017,0,4544137.24,1901124.51,1749925.34,412791.64,0,1337133.7,0,0,0,0,0,0,151199.17,2643012.73,2073736.19,569276.54,0,0,0,0,0,0,207507.75,0,0,123212159,36529711.73,0,3.69,0,12.44,41.84,58.16,0,6203.91,5832.3,5368.45,463.85,6265.5,4607,6689.19,0,0,732464,421836,325965,450127,85104,1249
07,Chiapas,2017,0,19213321.47,13934112.9,13811306.08,7923456.57,0,4158793.58,1729055.93,0,0,0,0,0,122806.82,5279208.57,3151738.35,999607.32,90637.58,1037225.32,0,0,0,0,257106.88,0,0,324362543,94081492.47,0,5.92,0,20.42,72.52,27.48,0,3482.29,3315.79,3286.57,29.22,4474.91,3436.07,2684.36,9117.55,0,5517445,1179734,4202349,917250,372382,9941
08,Chihuahua,2017,0,17362861.55,6250951.07,5232279.89,2130888.94,0,2683591.78,417799.17,0,0,0,0,0,1018671.18,11111910.48,9858252.56,1210528.85,43129.07,0,0,0,0,0,2182787.21,0,0,718074960,73441384,0,2.42,0,23.64,36,64,0,4698.23,4089.74,3423.27,666.48,4930.8,3611.03,3953.94,10747.34,0,3695619,2253572,1528446,2730036,306158,4013
09,Ciudad de México,2017,0,104882296.4,35861228.55,27968227.2,22872035.16,0,4186013.87,910178.17,0,0,0,0,0,7893001.35,69021067.84,48515618.45,17502146.16,3003303.23,0,0,0,0,0,27479908.93,0,0,3389843349,1455639253,0,3.09,0,7.21,34.19,65.81,0,11342.6,9326.94,7274.1,2052.85,13897.72,4719.66,5195,39886.09,0,9246758,4966359,3844907,10279470,3369035,75297
10,Durango,2017,0,9337785.86,4844562.16,3666022.86,1145288.52,0,2115371.17,405363.17,0,0,0,0,0,1178539.3,4493223.7,3546037.03,944358.87,2827.8,0,0,0,0,0,340869.53,0,0,248296730,47523765.66,0,3.76,0,19.65,51.88,48.12,0,5130.14,5847.78,4425.19,1422.59,4628.01,3943.16,2624.51,1380.76,0,1820182,970876,828444,899288,359823,2048
11,Guanajuato,2017,0,25202332.05,14182679.18,11262846.05,8006703.08,0,3249377.16,6765.81,0,0,0,0,0,2919833.13,11019652.87,8848758.1,1460279.05,710615.72,0,0,0,0,0,1728219.91,0,0,895011570,92407763.34,0,2.82,0,27.27,56.28,43.72,0,4132.32,4020.02,3192.4,827.61,4628.49,2704.42,2887,21954.27,0,6098836,2380829,3528016,3271963,505812,32368
12,Guerrero,2017,0,14316305.98,9320177.27,9268093.49,4266225.51,0,4705470.24,296397.74,0,0,0,0,0,52083.78,4996128.71,3551247.24,1444881.47,0,0,0,0,0,0,146568.2,0,0,283714126,85074477.66,0,5.05,0,16.83,65.1,34.9,0,3958.59,3358.36,3339.59,18.77,6005.01,5059.88,2410.84,0,0,3616519,831993,2775217,701844,599328,984
13,Hidalgo,2017,0,11498134.28,7008204.08,6300826.32,2840458.08,0,2820267.71,640100.53,0,0,0,0,0,707377.76,4489930.2,3236604.93,802556.13,450769.14,0,0,0,0,0,287833.92,0,0,346733033,72108590.57,0,3.32,0,15.95,60.95,39.05,0,3817.22,3589.76,3227.42,362.33,4512.82,3434.47,2448.44,21957.68,0,3012171,994928,1952278,942389,327782,20529
14,Jalisco,2017,0,36903026.88,15681751.28,11291798.31,6347223.15,0,4938200.91,6374.25,0,0,0,0,0,4389952.97,21221275.6,19317911.65,1756437.6,146926.35,0,0,0,0,0,5202030.46,0,0,1458866882,132520935.8,0,2.53,0,27.85,42.49,57.51,0,4484.5,3953.87,2847.02,1106.85,5120.02,3470.88,4327.8,26709.03,0,8229023,4144761,3966182,5565713,405850,5501
15,México,2017,0,71018036.49,36447364.79,31896359.58,21894140.9,0,9597957.7,404260.98,0,0,0,0,0,4551005.21,34570671.7,20711526.88,2307225.44,64802.3,11487117.08,0,0,0,0,4967871.62,0,0,1870894337,248953771.8,0,3.8,0,28.53,51.32,48.68,0,4209.71,3758.75,3289.41,469.34,4509.19,3504.3,2255.74,3766.04,0,16870063,7666711,9696676,5910318,1022823,17207
16,Michoacán,2017,0,17621352.49,10053300.67,9694431.28,5468395.31,0,3286476.72,939559.25,0,0,0,0,0,358869.39,7568051.82,5714980.08,1850140.81,2930.93,0,0,0,0,0,474339.51,0,0,515406355,74584684.46,0,3.42,0,23.63,57.05,42.95,0,3717.45,3196.29,3082.19,114.1,5002.5,3376.79,4241.2,1066.96,0,4740170,1512854,3145305,1692429,436230,2747
17,Morelos,2017,0,8683479.5,4126105.62,3823760.6,2218926.49,0,1596251.41,8582.7,0,0,0,0,0,302345.02,4557373.88,3206357.11,1348926.87,2089.9,0,0,0,0,0,500391.14,0,0,244769112,38091065.8,0,3.55,0,22.8,47.52,52.48,0,4412.76,3545.34,3285.55,259.79,5684.81,4079.17,5815.72,1285.3,0,1967810,801676,1163811,786032,231945,1626
18,Nayarit,2017,0,6083656.26,3029240.4,2648673.18,844772.99,0,1601876.9,202023.29,0,0,0,0,0,380567.22,3054415.86,2292592.93,761822.93,0,0,0,0,0,0,130433.07,0,0,148598783,25983141.76,0,4.09,0,23.41,49.79,50.21,0,4988.01,4511.39,3944.62,566.77,5116.32,4386,3918.76,0,0,1219657,596995,671465,522707,194404,366
19,Nuevo León,2017,0,25170098.48,5949799.64,5226877.96,2650964.67,0,2573913.15,2000.14,0,0,0,0,0,722921.68,19220298.84,15859783.1,1285643.27,438643.84,1636228.63,0,0,0,0,9478361.62,0,0,1600954593,105415451.6,0,1.57,0,23.88,23.64,76.36,0,4556.83,3706.37,3256.04,450.34,5303.32,3286.74,4716.12,18289.78,0,5523593,3624203,1605289,4825387,272606,23983
20,Oaxaca,2017,0,14988480.58,10668751.98,10596178.64,4968278.41,0,4163148.3,1464751.93,0,0,0,0,0,72573.34,4319728.6,2481502.7,1408530.56,429695.34,0,0,0,0,0,148931.43,0,0,313559841,81386090.48,0,4.78,0,18.42,71.18,28.82,0,3635.46,3584.86,3560.47,24.39,3979.72,2917.13,3092.1,17211.22,0,4122860,1085435,2976062,850666,455525,24966
21,Puebla,2017,0,23813954.17,14142163.95,12383719,7803375.35,0,3551271.88,1029071.77,0,0,0,0,0,1758444.95,9671790.22,8031571.89,1311388.49,328829.84,0,0,0,0,0,1427022.62,0,0,699067172,88078035.64,0,3.41,0,27.04,59.39,40.61,0,3673.84,3158.88,2766.11,392.78,5265.45,3432.12,3513.84,21384.52,0,6482027,1836839,4476950,2340123,373207,15377
22,Querétaro,2017,0,9213523.07,4455362.32,3575327.82,1661335.25,0,1908655.78,5336.79,0,0,0,0,0,880034.5,4758160.75,4170189.71,584358.78,3612.26,0,0,0,0,0,1769460.82,0,0,480686810,38788786.38,0,1.92,0,23.75,48.36,51.64,0,4124.96,4512.27,3620.99,891.27,4423.07,2481.26,3859.68,932.68,0,2233603,1075759,987389,1680677,151401,3873
23,Quintana Roo,2017,0,7339473.91,3228655.22,2501186.65,998220.27,0,1502966.38,0,0,0,0,0,0,727468.57,4110818.69,3565605.7,545212.99,0,0,0,0,0,0,706754.32,0,0,329215030,27697664.62,0,2.23,0,26.5,43.99,56.01,0,4333.14,4599.54,3563.19,1036.35,4270.03,3094.84,2947.05,0,0,1693802,962715,701952,1152112,185003,0
24,San Luis Potosí,2017,0,10785544.54,5234569.18,5014796.14,2506880.06,0,1838005.1,669910.98,0,0,0,0,0,219773.04,5550975.36,4362671.75,1094622.3,93681.31,0,0,0,0,0,998481.92,0,0,455231044,59826744.07,0,2.37,0,18.03,48.53,51.47,0,3826.44,3397.23,3254.6,142.63,4402.03,2930.85,3711.79,20068.83,0,2818687,1261004,1540835,1488534,294904,4668
25,Sinaloa,2017,0,12680155.99,4555490.87,4291688.8,1643982.36,0,2347406.32,300300.12,0,0,0,0,0,263802.07,8124665.12,6602576.9,1456801.5,65286.72,0,0,0,0,0,773200.27,0,0,454152219,69844354.94,0,2.79,0,18.15,35.93,64.07,0,4166.47,3360.45,3165.85,194.6,4838.06,3288.93,3505.63,16200.18,0,3043381,1679322,1355620,2007514,415561,4030
26,Sonora,2017,0,17219961.89,5191236.76,3779289.17,1382550.45,0,2393754.56,2984.16,0,0,0,0,0,1411947.59,12028725.13,8585633.73,993571.9,3018.43,2446501.07,0,0,0,0,1364748.6,0,0,724400178,67139208.46,0,2.38,0,25.65,30.15,69.85,0,5856.43,4356.83,3171.83,1185,6608.13,4464.19,3925.86,683.52,0,2940352,1820293,1191517,1923223,253084,4416
27,Tabasco,2017,0,12614951.16,7703352.29,5158189.5,2574202.66,0,2583986.84,0,0,0,0,0,0,2545162.79,4911598.87,2546230.55,549806.02,1815562.3,0,0,0,0,0,318111.47,0,0,494910403,94262523.37,0,2.55,0,13.38,61.07,38.93,0,5159.32,4967.02,3325.94,1641.09,5578.57,3608.08,2953.06,17101.17,0,2445081,880440,1550899,705703,186182,106166
28,Tamaulipas,2017,0,19154900.27,8618008.27,5874788.27,2646119.71,0,2870723.12,357945.44,0,0,0,0,0,2743220,10536892,7589088.04,1225699.6,1722104.36,0,0,0,0,0,1590535.72,0,0,628044541,106434093.7,0,3.05,0,18,44.99,55.01,0,5414.53,5422.51,3696.46,1726.05,5182.16,3483.69,2969.85,20770.52,0,3537686,2033303,1589302,2178460,412715,82911
29,Tlaxcala,2017,0,5558554.75,3329616.43,3142518.82,1540888.42,0,1593398.56,8231.84,0,0,0,0,0,187097.61,2228938.32,1577980.71,650957.61,0,0,0,0,0,0,55096.38,0,0,115780846,20313972.5,0,4.8,0,27.36,59.9,40.1,0,4173.42,3654.99,3449.61,205.38,5543.41,3592.02,4635.66,0,0,1331896,402088,910979,439302,140424,706
30,Veracruz,2017,0,35754488.35,18912945.7,14979076.68,7476523.41,0,6180150.09,1322403.18,0,0,0,0,0,3933869.02,16841542.65,11465035.1,2256865.26,3119642.29,0,0,0,0,0,738066.61,0,0,918323975,210280154,0,3.89,0,17,52.9,47.1,0,4350.27,3585.8,2839.96,745.84,5828.4,4038.54,3967.99,14733.36,0,8218904,2889565,5274398,2838903,568768,211740
31,Yucatán,2017,0,12905415.26,6061228.36,4633000.71,2198534.25,0,1929417.46,505049,0,0,0,0,0,1428227.65,6844186.9,5412631.47,1042857.88,2538.05,386159.5,0,0,0,0,841638.38,0,0,304912753,57213007.04,0,4.23,0,22.56,46.97,53.03,0,5764.04,5633.62,4306.15,1327.47,6239.37,4383.79,5624.82,291.39,0,2238955,1096936,1075903,1234691,185403,8710
32,Zacatecas,2017,0,7307628.36,4520402.33,3944373.89,1202208.52,0,2199624.15,542541.22,0,0,0,0,0,576028.44,2787226.03,2178816.07,608409.96,0,0,0,0,0,0,104104.37,0,0,201906838,28801324.1,0,3.62,0,25.37,61.86,38.14,0,4492.11,4555.39,3974.9,580.49,4583.56,3163.21,3239.96,0,0,1626770,608092,992320,688799,187783,618
33,No distribuibles,2017,1212485269,12568687.07,9327398.68,9327398.68,0,0,0,0,0,7103192.97,2224205.71,0,0,0,3241288.39,0,0,0,0,3241288.39,589547868.4,500238901.4,20185943,1240.47,0,0,1212103863,45881231.15,0,0,0,0,0,0,0,0,0,0,0,0,0,0,0,0,0,0,0,0,7150,0
34,Extranjero,2017,0,0,0,0,0,0,0,0,0,0,0,0,0,0,0,0,0,0,0,0,0,0,0,8780.7,0,0,0,16272038.96,0,0,0,0,0,0,0,0,0,0,0,0,0,0,0,0,0,0,0,0,0,0
37,Gasto Total,2017,1212485269,622937400.7,289709326.4,246058155.6,132186175.5,0,91775820.76,12768760.7,0,7103192.97,2224205.71,0,0,43651170.74,333228074.3,244856026.8,52176601.32,13227242.92,19726914.86,3241288.39,589547868.4,500238901.4,20185943,69123023.98,0,0,21934167572,3931021604,5.53,2.84,2.69,15.85,46.51,53.49,9717.2,4992.4,4289.09,3642.84,646.25,5953.41,3705.07,3935.9,18967.51,4724.81,124777172,55972657,67545615,66086789,13256582,697363
01,Aguascalientes,2018,0,7437978.23,2870774.92,2180523.19,623807.02,0,1556716.17,0,0,0,0,0,0,690251.73,4567203.31,4023400.16,541754.22,2048.93,0,0,0,0,0,979667.23,0,0,297757431,31150100,0,2.5,0,23.88,38.6,61.4,0,5263.95,4711.83,3578.91,1132.92,6269.14,3625.4,3581.75,1637.83,0,1413003,728522,609270,1109781,151254,1251
02,Baja California,2018,0,18254889.49,4876953.01,4048214.16,1735658.09,0,2213593.17,98962.9,0,0,0,0,0,828738.85,13377936.48,10028094.9,1049158.86,2579.99,2298102.73,0,0,0,0,1938414.29,0,0,763347754,83777200,0,2.39,0,21.79,26.72,73.28,0,4968.08,3536.7,2935.71,600.99,5933.05,3748.35,5496.69,888.73,0,3674434,2254816,1378956,2675334,190871,2903
03,Baja California Sur,2018,0,5445580.4,1558925.26,1313180.51,332030.01,0,976240.46,4910.04,0,0,0,0,0,245744.75,3886655.14,2903179.72,983475.42,0,0,0,0,0,0,228282.75,0,0,232407726,30880300,0,2.34,0,17.63,28.63,71.37,0,6977.79,4768.9,4017.14,751.76,7682.15,5282.14,6252.78,0,0,780416,505933,326894,549622,157286,471
04,Campeche,2018,0,5665148.95,2738174.99,2410949.99,637057.86,0,1570860,203032.13,0,0,0,0,0,327225,2926973.96,1779262.98,443214.66,699655.06,4841.26,0,0,0,0,149349.73,0,0,550190707,131715700,0,1.03,0,4.3,48.33,51.67,0,6076.4,5530.83,4869.87,660.96,6455.84,4099.36,4123.39,26438.99,0,932320,453384,495075,434034,107488,26463
05,Coahuila,2018,0,15303293.3,3547279.9,3220608.3,979071.48,0,1937151.76,304385.06,0,0,0,0,0,326671.6,11756013.4,9804034.79,1398119.86,3622.6,550236.15,0,0,0,0,2431796.06,0,0,825317017,83824900,0,1.85,0,18.26,23.18,76.82,0,4895.32,3853.22,3498.37,354.85,5485.62,3776.91,4008.33,2065.34,0,3126107,2143060,920602,2595779,348804,1754
06,Colima,2018,0,4374105.45,1805680.94,1692533.8,329155.05,0,1363378.75,0,0,0,0,0,0,113147.14,2568424.51,2185278.27,383146.24,0,0,0,0,0,0,145183.5,0,0,133648255,49895700,0,3.27,0,8.77,41.28,58.72,0,5937.08,5463.38,5121.04,342.35,5984.49,4691.49,4452.65,0,0,736743,429180,330506,465796,86049,1259
07,Chiapas,2018,0,19098143.93,13550104.21,13549472.87,7641610.72,0,4165017.29,1742844.86,0,0,0,0,0,631.34,5548039.72,3322755.32,1142226.22,92077.8,990980.38,0,0,0,0,247791.92,0,0,327140548,99743300,0,5.84,0,19.15,70.95,29.05,0,3420.8,3188.36,3188.21,0.15,4641.27,3632.46,3097.39,8709.59,0,5582946,1195370,4249863,914740,368771,10572
08,Chihuahua,2018,0,20886130.25,9154420.43,5290055.77,2026832.43,0,2848362.79,414860.55,0,0,0,0,0,3864364.66,11731709.82,10271073.72,1421460.62,39175.48,0,0,0,0,0,2579607.32,0,0,762477056,79961200,0,2.74,0,26.12,43.83,56.17,0,5591.38,5946.83,3436.49,2510.34,5151.17,3596.95,4661.6,9915.33,0,3735414,2277486,1539379,2855497,304930,3951
09,Ciudad de México,2018,0,107655014.4,35388553.5,24890107.8,18671772.5,0,4386783.84,1831551.46,0,0,0,0,0,10498445.7,72266460.86,51056886.61,18236669.48,2972904.77,0,0,0,0,0,30106514.94,0,0,3607241587,1361796900,0,2.98,0,7.91,32.87,67.13,0,11580.46,9246.48,6503.4,2743.08,14567.22,4897.09,5402.89,43490.22,0,9296268,4960896,3827245,10425968,3375356,68358
10,Durango,2018,0,8807982.49,3976120.35,3632343.84,1035373.91,0,2197919.14,399050.79,0,0,0,0,0,343776.51,4831862.14,3866729.91,962390.63,2741.6,0,0,0,0,0,366069.42,0,0,259913683,49991100,0,3.39,0,17.62,45.14,54.86,0,4803.88,4764.58,4352.64,411.95,4923.19,4200.15,2589.2,1289.56,0,1833514,981450,834516,920617,371694,2126
11,Guanajuato,2018,0,27583773.19,15786421.29,10923071.01,7623647.41,0,3291984.2,7439.4,0,0,0,0,0,4863350.28,11797351.9,9504001.41,1542508.05,750842.44,0,0,0,0,0,1989512.56,0,0,961087717,98780600,0,2.87,0,27.92,57.23,42.77,0,4480.18,4447.1,3077.07,1370.03,4910.93,2791.87,2979.46,23318.81,0,6156841,2402262,3549825,3404168,517714,32199
12,Guerrero,2018,0,14822250.89,9464855.2,9319768.51,4241466.74,0,4936596.79,141704.98,0,0,0,0,0,145086.69,5357395.69,3761062.73,1596332.96,0,0,0,0,0,0,161579.44,0,0,303006145,93566300,0,4.89,0,15.84,63.86,36.14,0,4104.53,3395.53,3343.48,52.05,6396.14,5475.14,2581.87,0,0,3611193,837598,2787442,686934,618285,1020
13,Hidalgo,2018,0,11877979.17,7088778.63,6537045.83,2878946.73,0,3009455.7,648643.4,0,0,0,0,0,551732.8,4789200.54,3468654.55,876829.56,443716.43,0,0,0,0,0,288432.18,0,0,382693324,78534100,0,3.1,0,15.12,59.68,40.32,0,3889.89,3594.77,3314.99,279.79,4748.53,3568.68,2611.08,21217.25,0,3053548,1008564,1971968,971971,335811,20913
14,Jalisco,2018,0,37991024.57,15083503.69,10134792.8,5545291.41,0,4582539.97,6961.42,0,0,0,0,0,4948710.89,22907520.88,20899851.95,1827904.08,179764.85,0,0,0,0,0,5766508.11,0,0,1570721595,137198400,0,2.42,0,27.69,39.7,60.3,0,4563.15,3768.89,2532.36,1236.52,5460.19,3660.76,4531.92,32233.25,0,8325605,4195370,4002113,5709164,403340,5577
15,México,2018,0,74613096.23,38925111.03,32421363.37,22392354.92,0,9810763.44,218245.01,0,0,0,0,0,6503747.66,35687985.2,22022424.1,2341827.41,67345.99,11256387.7,0,0,0,0,5679783.74,0,0,2011335936,308345100,0,3.71,0,24.2,52.17,47.83,0,4387.53,3963.36,3301.14,662.21,4585.16,3543.89,2333.57,3805.72,0,17005733,7783370,9821249,6214187,1003538,17696
16,Michoacán,2018,0,17894689.15,9823178.63,9352979.89,4854274.36,0,3457822.57,1040882.96,0,0,0,0,0,470198.74,8071510.52,6068299.27,1999605.66,3605.59,0,0,0,0,0,531900.73,0,0,547732664,80324600,0,3.27,0,22.28,54.89,45.11,0,3751.99,3106.32,2957.63,148.69,5293.19,3490.29,4550.04,1246.32,0,4769382,1524886,3162325,1738621,439470,2893
17,Morelos,2018,0,8839025.76,3959086.98,3609957.39,2129956.6,0,1476828.65,3172.14,0,0,0,0,0,349129.59,4879938.78,3404168.31,1473805.89,1964.58,0,0,0,0,0,571106.16,0,0,250126493,40132500,0,3.53,0,22.02,44.79,55.21,0,4463.24,3366.69,3069.8,296.89,6012.46,4243.99,6276.48,1187.06,0,1980405,811638,1175958,802115,234814,1655
18,Nayarit,2018,0,6045963.88,3048447.67,2582616.47,711131.26,0,1669104.64,202380.57,0,0,0,0,0,465831.2,2997516.21,2413439.04,584077.17,0,0,0,0,0,0,152598.08,0,0,155433893,28229300,0,3.89,0,21.42,50.42,49.58,0,4915.19,4469.34,3786.38,682.96,4926.57,4520.73,3105.55,0,0,1230058,608439,682080,533860,188075,379
19,Nuevo León,2018,0,26631727.24,5774148.14,4698395.77,2023162.03,0,2629785.53,45448.21,0,0,0,0,0,1075752.37,20857579.1,17064308.72,1653751.14,395685.98,1743833.26,0,0,0,0,10375437.41,0,0,1744343428,116303100,0,1.53,0,22.9,21.68,78.32,0,4707.62,3560.73,2897.35,663.38,5669.36,3413.22,6016.09,16449.9,0,5657159,3678998,1621621,4999472,274888,24054
20,Oaxaca,2018,0,15470118.72,11009238.77,10578699.56,4819640.86,0,4370345.72,1388712.98,0,0,0,0,0,430539.21,4460879.95,2612395.28,1388766.82,459717.85,0,0,0,0,0,171351.28,0,0,353621995,91947200,0,4.37,0,16.83,71.16,28.84,0,3726.53,3680.55,3536.62,143.94,4079.52,3069.89,2949.09,17744.24,0,4151349,1093481,2991193,850973,470914,25908
21,Puebla,2018,0,23877933.55,13786272.4,12121003.96,7450297.38,0,3758574.9,912131.68,0,0,0,0,0,1665268.44,10091661.15,8318301.08,1455044.92,318315.15,0,0,0,0,0,1696527.47,0,0,743460657,98550400,0,3.21,0,24.23,57.74,42.26,0,3640.68,3053.24,2684.43,368.81,5437.08,3432.09,3814.2,20545.74,0,6558654,1856081,4515300,2423683,381481,15493
22,Querétaro,2018,0,9768103.51,4398370.71,3204146.17,1371015.99,0,1825755.02,7375.16,0,0,0,0,0,1194224.54,5369732.8,4764207.75,601438.78,4086.27,0,0,0,0,0,2146918.97,0,0,518493752,43100800,0,1.88,0,22.66,45.03,54.97,0,4248.86,4402.09,3206.85,1195.23,4914.34,2691.66,4079.96,1022.85,0,2298993,1092667,999156,1769990,147413,3995
23,Quintana Roo,2018,0,8357888.1,4027593.91,2641903.18,1006328.5,0,1635574.68,0,0,0,0,0,0,1385690.73,4330294.19,3775675.97,554618.22,0,0,0,0,0,0,827654.26,0,0,359421874,30008800,0,2.33,0,27.85,48.19,51.81,0,4729.84,5600.71,3673.79,1926.92,4372.46,3036.01,2776.42,0,0,1767057,990357,719122,1243630,199760,0
24,San Luis Potosí,2018,0,11200340.33,5305154.79,4969795.79,2349965.32,0,1938082,681748.47,0,0,0,0,0,335359,5895185.54,4806243.43,995620.28,93321.83,0,0,0,0,0,1164193.74,0,0,500784395,66608500,0,2.24,0,16.82,47.37,52.63,0,3947.67,3420.16,3203.96,216.2,4627.91,3136.24,3332.11,19667.4,0,2837201,1273833,1551143,1532488,298796,4745
25,Sinaloa,2018,0,14227069.43,5403369.51,4482461.05,1592595.21,0,2588579.48,301286.36,0,0,0,0,0,920908.46,8823699.92,6999584.03,1786973.56,37142.33,0,0,0,0,0,918817.89,0,0,483442664,77767600,0,2.94,0,18.29,37.98,62.02,0,4656.91,3962.76,3287.38,675.38,5203.31,3401.34,4200.65,9099.05,0,3055044,1695785,1363537,2057892,425404,4082
26,Sonora,2018,0,18201620.01,5834327.24,3792963.19,1288447.74,0,2499997.1,4518.35,0,0,0,0,0,2041364.05,12367292.77,9068690.81,1075897.37,2616.35,2220088.24,0,0,0,0,1516756.51,0,0,762906180,70472500,0,2.39,0,25.83,32.05,67.95,0,6147.57,4845.26,3149.96,1695.3,6698.27,4580.89,4336.37,593.82,0,2960783,1846341,1204132,1979680,248110,4406
27,Tabasco,2018,0,12616690.38,7428099.96,4931622.93,2458786.2,0,2472836.73,0,0,0,0,0,0,2496477.03,5188590.42,2734639.52,573347.5,1880603.4,0,0,0,0,0,327840.84,0,0,496651440,111506500,0,2.54,0,11.31,58.88,41.12,0,5161.63,4750.1,3153.66,1596.44,5826.5,3908.82,3067.01,17155.35,0,2444325,890516,1563779,699607,186940,109622
28,Tamaulipas,2018,0,20293635.6,8803818.83,5946627.99,2576007.81,0,3007448.27,363171.91,0,0,0,0,0,2857190.84,11489816.77,8194326.7,1506879.28,1788610.79,0,0,0,0,0,1804341.82,0,0,670038206,117447600,0,3.03,0,17.28,43.38,56.62,0,5706.3,5492.98,3710.29,1782.69,5581.86,3603.44,3576.16,21017.75,0,3556359,2058421,1602741,2274030,421368,85100
29,Tlaxcala,2018,0,5338054.41,3183501.3,2920953.32,1444020.99,0,1472781.85,4150.48,0,0,0,0,0,262547.98,2154553.11,1701209.86,453343.25,0,0,0,0,0,0,69207.68,0,0,126199825,22351400,0,4.23,0,23.88,59.64,40.36,0,3968.75,3451.95,3167.26,284.69,5281.95,3730.27,3286.88,0,0,1345021,407909,922234,456055,137925,746
30,Veracruz,2018,0,37271836.54,19236713.28,15212964.63,7402369.15,0,6486034,1324561.48,0,0,0,0,0,4023748.65,18035123.26,12330194.04,2410818.55,3294110.67,0,0,0,0,0,818291.64,0,0,982970960,221747500,0,3.79,0,16.81,51.61,48.39,0,4543.24,3624.85,2866.64,758.21,6190.35,4285.68,4228.48,15536.13,0,8203798,2913425,5306897,2877069,570138,212029
31,Yucatán,2018,0,14315550.97,6876234.29,4642411.72,2151255.84,0,2001592.45,489563.43,0,0,0,0,0,2233822.57,7439316.68,5927186.34,1110758.74,2791.87,398579.73,0,0,0,0,1001210.78,0,0,330550687,60205600,0,4.33,0,23.78,48.03,51.97,0,6271.15,6321.86,4268.13,2053.73,6690.48,4595.12,5886.59,307.31,0,2282762,1111926,1087692,1289887,188693,9085
32,Zacatecas,2018,0,7634134.29,4675219.42,4030850.29,1210803.53,0,2273694.98,546351.78,0,0,0,0,0,644369.13,2958914.87,2301746.66,657168.21,0,0,0,0,0,0,117854.01,0,0,206724366,32156700,0,3.69,0,23.74,61.24,38.76,0,4673.8,4682.96,4037.52,645.44,4821.7,3308.01,3553.2,0,0,1633390,613666,998348,695811,184951,618
33,No distribuibles,2018,1286366044,13719597.04,10133788.87,10133788.87,0,0,0,0,0,7719809.43,2413979.44,0,0,0,3585808.17,0,0,0,0,3585808.17,634845674.4,535817082.9,21664213,75741.97,0,0,1303200223,49636500,0,0,0,0,0,0,0,0,0,0,0,0,0,0,0,0,0,0,0,0,7058,2146
34,Extranjero,2018,0,0,0,0,0,0,0,0,0,0,0,0,0,0,0,0,0,0,0,0,0,0,0,18134.14,0,0,0,13599300,0,0,0,0,0,0,0,0,0,0,0,0,0,0,0,0,0,0,0,0,0,0
37,Gasto Total,2018,1286366044,651520369.8,298522222.1,241418173.9,123534135.1,0,94412202.04,13338047.96,0,7719809.43,2413979.44,0,0,57104048.13,352998147.8,261381307.9,55028933.61,13539048.6,19463049.45,3585808.17,634845674.4,535817082.9,21664213,77364378.57,0,0,23524390183,4091257300,5.47,2.77,2.7,15.92,45.82,54.18,10209.59,5170.97,4382.8,3544.42,838.38,6233.89,3834.91,4122.82,19246.12,5038.62,125995825,56625630,68112161,68158455,13347389,703469
01,Aguascalientes,2019,0,8076787.63,3243664.9,2326535.01,700571.19,0,1625963.82,0,0,0,0,0,0,917129.89,4833122.73,4259872.29,571260.53,1989.91,0,0,0,0,0,1097490.93,0,0,305134346,30477000,0,2.65,0,26.5,40.16,59.84,0,5623.18,5034.69,3611.16,1423.53,6267.36,3739.77,3236.97,1725.85,0,1436338,771158,644263,1139072,176480,1153
02,Baja California,2019,0,18729383.39,5225095.75,4290638.71,1745136.57,0,2343664.48,201837.66,0,0,0,0,0,934457.04,13504287.64,10229822.77,1101427.89,3000.21,2170036.77,0,0,0,0,2176371.17,0,0,806895231,82285300,0,2.32,0,22.76,27.9,72.1,0,4971.01,3852.88,3163.83,689.05,6076.42,3712.77,5218.31,986.26,0,3767720,2222407,1356154,2755304,211070,3042
03,Baja California Sur,2019,0,5810385.75,1692473.77,1427695.45,335693.69,0,1091242.54,759.22,0,0,0,0,0,264778.32,4117911.98,3111151.8,1006760.18,0,0,0,0,0,0,270932.51,0,0,217480302,31470600,0,2.67,0,18.46,29.13,70.87,0,7283.39,5493.35,4633.95,859.4,8578.55,5563.4,5694.89,0,0,797758,480024,308095,559218,176783,0
04,Campeche,2019,0,6057115.47,3008421.37,2672780.37,835541.91,0,1628649.26,208589.2,0,0,0,0,0,335641,3048694.1,1847431.75,496198.27,699519.14,5544.94,0,0,0,0,177738.89,0,0,624206420,139403800,0,0.97,0,4.35,49.67,50.33,0,6469.96,5852.89,5199.9,652.99,6486.03,4032.31,4673.62,30804.96,0,936190,470040,514006,458157,106170,22708
05,Coahuila,2019,0,16175124.07,3966332.02,3426004.2,1098841.68,0,2013633.41,313529.11,0,0,0,0,0,540327.82,12208792.05,10075744.28,1521840.9,3279.72,607927.15,0,0,0,0,2810062.3,0,0,848957063,81986200,0,1.91,0,19.73,24.52,75.48,0,5114.72,4146.03,3581.23,564.81,5501.97,3850.32,3890.69,2057.54,0,3162465,2218986,956657,2616858,391149,1594
06,Colima,2019,0,4690673.64,1870776.5,1789622.06,319259.21,0,1470362.85,0,0,0,0,0,0,81154.44,2819897.14,2387387.25,432509.89,0,0,0,0,0,0,175943.83,0,0,146794590,46492100,0,3.2,0,10.09,39.88,60.12,0,6329.08,5556.41,5315.37,241.04,6465.37,4978.8,5148.62,0,0,741130,436154,336688,479511,84005,1121
07,Chiapas,2019,0,20930104.48,14950764.69,14497456.24,8133082.3,0,4572545.97,1791827.97,0,0,0,0,0,453308.45,5979339.79,3545549.02,1327565.21,87606.39,1018619.17,0,0,0,0,280380.07,0,0,333688398,99054900,0,6.27,0,21.13,71.43,28.57,0,3705.64,3391.64,3288.8,102.83,4824.36,3854.18,3118.76,9528.65,0,5648179,1239407,4408125,919922,425671,9194
08,Chihuahua,2019,0,20200548.71,8065242.78,5670267.06,2035135.52,0,3183180.55,451950.99,0,0,0,0,0,2394975.72,12135305.93,10676273.49,1438283.81,20748.63,0,0,0,0,0,2952806.97,0,0,796923586,80813200,0,2.53,0,25,39.93,60.07,0,5350.72,5310.93,3733.85,1577.08,5401.36,3681.55,4728.1,5906.24,0,3775295,2246712,1518613,2899941,304199,3513
09,Ciudad de México,2019,0,107368421.4,30250565.19,21422052.92,15302883.56,0,4541397.96,1577771.4,0,0,0,0,0,8828512.27,77117856.25,50926609.04,23406372.27,2784874.94,0,0,0,0,0,33254319.84,0,0,3693372595,1578311700,0,2.91,0,6.8,28.17,71.83,0,11491.77,7731.62,5475.18,2256.44,15066.1,4439.29,9068.22,45135,0,9343071,5118635,3912578,11471792,2581144,61701
10,Durango,2019,0,8989913.9,4021456.18,3717448.33,1037642.86,0,2280469.62,399335.85,0,0,0,0,0,304007.85,4968457.72,3877039.4,1088533.31,2885.01,0,0,0,0,0,439566,0,0,274867180,48980900,0,3.27,0,18.35,44.73,55.27,0,4869.09,4722.13,4365.15,356.98,4961.84,4185.41,3103.17,1526.46,0,1846325,1001333,851619,926323,350781,1890
11,Guanajuato,2019,0,29169589.42,16874114.89,11064603.95,7750188.25,0,3313109.69,1306.01,0,0,0,0,0,5809510.94,12295474.53,10045721.57,1593748.52,656004.44,0,0,0,0,0,2229357.86,0,0,967929630,100070900,0,3.01,0,29.15,57.85,42.15,0,4693.76,4584.89,3006.38,1578.51,4931.33,2898.18,2791.15,22745.55,0,6214546,2493340,3680378,3466223,571000,28841
12,Guerrero,2019,0,15627713.93,9932456.24,9418079.49,4180470.14,0,5094107.72,143501.63,0,0,0,0,0,514376.75,5695257.69,3928754.12,1766503.57,0,0,0,0,0,0,177495.81,0,0,316151365,89439500,0,4.94,0,17.47,63.56,36.44,0,4335.59,3550.18,3366.33,183.85,6730.07,5680.45,2899.08,0,0,3604522,846241,2797733,691627,609333,959
13,Hidalgo,2019,0,12898655.43,7535295.06,6627090.75,2937596.77,0,3039972.29,649521.69,0,0,0,0,0,908204.31,5363360.37,3932114.41,991407.89,439838.07,0,0,0,0,0,303492.8,0,0,380780032,77223200,0,3.39,0,16.7,58.42,41.58,0,4167.41,3736.91,3286.52,450.4,5185.64,3991.1,2586.24,25168.12,0,3095127,1034271,2016449,985221,383340,17476
14,Jalisco,2019,0,38462827.29,15611642.73,10048711.28,5541796.55,0,4504899.37,2015.36,0,0,0,0,0,5562931.45,22851184.56,20951292.05,1887353.39,12539.12,0,0,0,0,0,6502152.86,0,0,1646724036,140854000,0,2.34,0,27.31,40.59,59.41,0,4566.19,3841.24,2472.48,1368.76,5362.13,3553.71,4357.62,2469.3,0,8423387,4261584,4064216,5895613,433116,5078
15,México,2019,0,78202929.29,40588059.11,33291892.21,22648157.48,0,10448319.94,195414.79,0,0,0,0,0,7296166.9,37614870.18,23055943.16,2607236.29,65921.03,11885769.7,0,0,0,0,6138147.28,0,0,2036038273,236741600,0,3.84,0,33.03,51.9,48.1,0,4562.19,4229.31,3469.05,760.27,4917.81,3675.3,1987.49,4374.03,0,17141518,7648705,9596846,6273209,1311825,15071
16,Michoacán,2019,0,18942519.48,10489589.57,9635832.01,5097696.64,0,3560720.94,977414.43,0,0,0,0,0,853757.56,8452929.91,6302584.47,2146478.9,3866.54,0,0,0,0,0,628742.73,0,0,571431637,79006000,0,3.31,0,23.98,55.38,44.62,0,3947.71,3244.57,2980.49,264.08,5421.98,3605.85,4059.64,1472.97,0,4798352,1559013,3232964,1747876,528736,2625
17,Morelos,2019,0,9620450.35,4329684.66,3880299.7,2128021.14,0,1751346.85,931.71,0,0,0,0,0,449384.96,5290765.69,3630156.58,1658799.94,1809.17,0,0,0,0,0,705856.19,0,0,254810304,41481200,0,3.78,0,23.19,45.01,54.99,0,4827.36,3623.6,3247.5,376.1,6392.04,4528.13,5871.94,1230.73,0,1992901,827712,1194856,801690,282496,1470
18,Nayarit,2019,0,6409676.19,3219599.46,2652520.22,722190.23,0,1728860,201469.99,0,0,0,0,0,567079.24,3190076.73,2547150.47,642926.26,0,0,0,0,0,0,185834.79,0,0,163435514,28372900,0,3.92,0,22.59,50.23,49.77,0,5165.31,4794.31,3949.87,844.44,5324.78,4458.96,2665.34,0,0,1240909,599100,671546,571243,241217,340
19,Nuevo León,2019,0,27759508.25,6210577.53,4871984.5,2129256.37,0,2741564.69,1163.44,0,0,0,0,0,1338593.03,21548930.72,17474165.59,1699464.52,394239.96,1981060.65,0,0,0,0,12442203.78,0,0,1839422297,132574800,0,1.51,0,20.94,22.37,77.63,0,4792.4,3654.36,2866.72,787.64,5620.99,3421.33,5933.82,18584.83,0,5792403,3833651,1699496,5107424,286403,21213
20,Oaxaca,2019,0,15865936.44,11221700.44,10979897.67,4887729.72,0,4609058.24,1483109.71,0,0,0,0,0,241802.77,4644236,2712971.75,1503716.33,427547.92,0,0,0,0,0,177031.22,0,0,349849401,89136700,0,4.54,0,17.8,70.73,29.27,0,3795.47,3725.74,3645.46,80.28,4188.51,3184.67,2979.07,19360.95,0,4180230,1108805,3011936,851884,504760,22083
21,Puebla,2019,0,24824415.19,14489546.51,12473196.31,7696855.47,0,3831052.06,945288.78,0,0,0,0,0,2016350.2,10334868.68,8469829.73,1567756.74,297282.21,0,0,0,0,0,1877669.24,0,0,761856591,97341900,0,3.26,0,25.5,58.37,41.63,0,3740.25,3127.81,2692.55,435.26,5410.95,3405.25,4095.58,21101.8,0,6637103,1909993,4632491,2487285,382792,14088
22,Querétaro,2019,0,9787933.15,4569786.04,3361436.8,1462037.24,0,1895616.4,3783.16,0,0,0,0,0,1208349.24,5218147.11,4581921.02,632340.42,3885.67,0,0,0,0,0,2496570.5,0,0,533452116,41966500,0,1.83,0,23.32,46.69,53.31,0,4139.28,4273.59,3143.56,1130.03,4460.7,2460.26,3730.84,1046.79,0,2364645,1169804,1069308,1862375,169490,3712
23,Quintana Roo,2019,0,8659948.95,4011505.2,2666372.87,939161.2,0,1727211.67,0,0,0,0,0,0,1345132.33,4648443.75,4040170.51,608273.24,0,0,0,0,0,0,970306.88,0,0,373507355,33065100,0,2.32,0,26.19,46.32,53.68,0,4702.74,5670.94,3769.37,1901.57,4757.09,3125.12,3145.6,0,0,1841470,977162,707379,1292805,193373,0
24,San Luis Potosí,2019,0,11483952.25,5411718.23,5047698.72,2411615.48,0,1996740.3,639342.94,0,0,0,0,0,364019.51,6072234.02,4864989.62,1120314.32,86930.08,0,0,0,0,0,1340723.06,0,0,520595899,64216700,0,2.21,0,17.88,47.12,52.88,0,4021.36,3472.89,3239.29,233.6,4715.62,3119.46,3628.13,20653.38,0,2855736,1287685,1558274,1559562,308786,4209
25,Sinaloa,2019,0,14376896.62,5179138.22,4624959.65,1579965.02,0,2741367.93,303626.7,0,0,0,0,0,554178.57,9197758.4,7284938.9,1876527.96,36291.54,0,0,0,0,0,1118782.26,0,0,515996222,73437100,0,2.79,0,19.58,36.02,63.98,0,4688.52,3714.51,3317.05,397.46,5296.07,3421.83,3479.08,9819.14,0,3066406,1736713,1394299,2128959,539375,3696
26,Sonora,2019,0,19805308.57,6590929.85,3858956.59,1267952.62,0,2590174.34,829.63,0,0,0,0,0,2731973.26,13214378.72,9590291.69,1144714.08,2018.29,2477354.66,0,0,0,0,1803081.87,0,0,776373853,71515700,0,2.55,0,27.69,33.28,66.72,0,6642.35,5506.04,3223.76,2282.28,7178.93,4746.67,4596.99,505.84,0,2981674,1840716,1197036,2020425,249014,3990
27,Tabasco,2019,0,14305226.05,9133686.25,5336867.94,2717567.06,0,2619300.88,0,0,0,0,0,0,3796818.31,5171539.8,2815394.14,622308.52,1733837.14,0,0,0,0,0,385771.96,0,0,522225448,123291200,0,2.74,0,11.6,63.85,36.15,0,5857.57,5636.92,3293.68,2343.23,5596.67,3959.62,3308.09,32052.89,0,2442176,924038,1620334,711026,188117,54093
28,Tamaulipas,2019,0,21209855.41,9792945.88,6148667.37,2580383.57,0,3219438.12,348845.68,0,0,0,0,0,3644278.51,11416909.53,8167146.68,1600062.05,1649700.8,0,0,0,0,0,2026216.52,0,0,709680634,121365600,0,2.99,0,17.48,46.17,53.83,0,5932.84,6179.64,3879.99,2299.65,5606.97,3568.7,3933.73,22370.64,0,3574992,2036199,1584711,2288552,406754,73744
29,Tlaxcala,2019,0,5652360.36,3351172.06,3248130.42,1521191.24,0,1725771.81,1167.37,0,0,0,0,0,103041.64,2301188.3,1790929.15,510259.15,0,0,0,0,0,0,65627.62,0,0,135474465,22545500,0,4.17,0,25.07,59.29,40.71,0,4161.66,3548.28,3439.17,109.1,5482.99,3874.56,3307.42,0,0,1358198,419696,944451,462228,154277,582
30,Veracruz,2019,0,38486195.95,19789355.35,15669739.04,7774548.8,0,6534676.08,1360514.16,0,0,0,0,0,4119616.31,18696840.6,12882197.72,2593559.02,3221083.86,0,0,0,0,0,953354.53,0,0,1039168371,222582800,0,3.7,0,17.29,51.42,48.58,0,4700.27,3615.48,2862.83,752.65,6201.41,4479.69,4010.43,17450.32,0,8188082,3014935,5473512,2875690,646703,184586
31,Yucatán,2019,0,13838851.65,6129334,4656781.46,2063731.3,0,2076121.03,516929.13,0,0,0,0,0,1472552.54,7709517.65,6103146.84,1188461.69,2770.75,415138.37,0,0,0,0,1144939.15,0,0,347187494,60285400,0,3.99,0,22.96,44.29,55.71,0,5947.47,5560.72,4224.77,1335.94,6812.88,4620.32,5810.55,340.26,0,2326846,1131610,1102256,1320936,204535,8143
32,Zacatecas,2019,0,7908118.23,4823337.91,4069370.22,1212850.55,0,2316873.25,539646.42,0,0,0,0,0,753967.69,3084780.32,2407636.98,677143.34,0,0,0,0,0,0,136993.72,0,0,205622267,31444000,0,3.85,0,25.15,60.99,39.01,0,4822.11,4707.73,3971.83,735.9,4896.2,3365.41,3411.61,0,0,1639972,630036,1024557,715406,198482,538
33,No distribuibles,2019,1347373395,13499563.67,9814627.18,9814627.18,0,0,0,0,0,6978769.82,2835857.36,0,0,0,3684936.49,0,0,0,0,3684936.49,673546504.9,563111168.4,22973688,1358.29,0,0,1429702169,48597700,0,0,0,0,0,0,0,0,0,0,0,0,0,0,0,0,0,0,0,0,0,0
34,Extranjero,2019,0,0,0,0,0,0,0,0,0,0,0,0,0,0,0,0,0,0,0,0,0,0,0,14325.09,0,0,0,11546100,0,0,0,0,0,0,0,0,0,0,0,0,0,0,0,0,0,0,0,0,0,0
37,Gasto Total,2019,1347373395,673826890.6,305394595.5,244688216.7,122794751.3,0,98817414.06,13261424.13,0,6978769.82,2835857.36,0,0,60706378.82,368432295.1,268516328.2,63030108.4,12639470.54,20561451.41,3684936.49,673546504.9,563111168.4,22973688,87461648.52,0,0,24445735084,4257377800,5.51,2.76,2.76,15.83,45.32,54.68,10591.25,5296.73,4420.77,3542.01,878.76,6407.98,3817.22,4634.1,22079.49,5294.52,127215666,57495865,69081826,70343357,13601376,572453
01,Aguascalientes,2020,0,9200556.78,3930596.89,2677164.85,962656.04,38679.52,1675829.29,0,0,0,0,0,0,1253432.04,5269959.89,4630785.27,637118.73,2055.89,0,0,0,0,0,1256630.24,0,0,306745085,32242400,0,3,0,28.54,42.72,57.28,0,6318.85,6030.77,4107.61,1923.16,6731.52,4094.88,3619.56,1551.62,0,1456050,782878,651757,1130872,176021,1325
02,Baja California,2020,0,21247859.58,5830670.11,4968695.9,2208990.73,92544.12,2502048.24,165112.81,0,0,0,0,0,861974.21,15417189.47,11698538.5,1216290.42,4336.22,2498024.33,0,0,0,0,2418341.05,0,0,804612155,82278800,0,2.64,0,25.82,27.44,72.56,0,5535.29,4243.36,3616.05,627.32,6819.35,4147.62,5385.96,1579.1,0,3838619,2260800,1374068,2820545,225826,2746
03,Baja California Sur,2020,0,6847689.42,2008230.85,1574608.58,409395.65,16864.95,1148347.98,0,0,0,0,0,0,433622.27,4839458.57,3683157.46,1156301.11,0,0,0,0,0,0,316180.12,0,0,171019288,32075400,0,4,0,21.35,29.33,70.67,0,8401.06,6397.29,5015.97,1381.32,9860.57,7041.64,6504.59,0,0,815098,490789,313919,523054,177767,608
04,Campeche,2020,0,7101782.89,3638878.05,3051850.36,1006636.4,39132.89,1715071.86,291009.21,0,0,0,0,0,587027.69,3462904.84,2150986.39,556300.9,746202.34,9415.21,0,0,0,0,196731.53,0,0,457688659,158005500,0,1.55,0,4.49,51.24,48.76,0,7561.69,6972.34,5847.55,1124.79,7233.75,4913.82,5158.29,27342.43,0,939179,478715,521902,437742,107846,27291
05,Coahuila,2020,0,18735162.64,5141023.17,3822712.97,1265804.28,56976.89,2130875.46,369056.34,0,0,0,0,0,1318310.2,13594139.47,11358175.14,1708932.26,4602.73,522429.34,0,0,0,0,2854119.94,0,0,793706635,79393000,0,2.36,0,23.6,27.44,72.56,0,5860.01,5316.96,3953.54,1363.43,6036.98,4407.92,4388.04,1531.69,0,3197122,2251810,966910,2576764,389452,3005
06,Colima,2020,0,5631897.53,2310207.03,2004243.12,459940.38,18497.08,1525805.66,0,0,0,0,0,0,305963.91,3321690.5,2851371.25,470319.25,0,0,0,0,0,0,211034.19,0,0,139876699,35935800,0,4.03,0,15.67,41.02,58.98,0,7558.36,6766.33,5870.2,896.13,7485.9,5946.27,5583.68,0,0,745122,443726,341427,479523,84231,1227
07,Chiapas,2020,0,26184257.68,19620973.14,17588226.92,10294518.89,355358.56,4837942.15,2100407.32,0,0,0,0,0,2032746.22,6563284.54,3917188.48,1517519.72,86719.88,1041856.46,0,0,0,0,318486.77,0,0,340920211,103120400,0,7.68,0,25.39,74.93,25.07,0,4581.46,4389.05,3934.34,454.71,5209.25,4267.75,3295.69,9267.91,0,5715260,1259930,4470437,917859,460456,9357
08,Chihuahua,2020,0,22828664.04,9365951.68,6651613.24,2687037.26,110891.47,3288289.17,565395.34,0,0,0,0,0,2714338.44,13462712.36,11806062.94,1619773.59,36875.83,0,0,0,0,0,3129401.06,0,0,788489420,91061100,0,2.9,0,25.07,41.03,58.97,0,5987.65,6121.79,4347.64,1774.15,5926.67,4009.75,4813.46,9390.33,0,3812627,2271549,1529938,2944336,336509,3927
09,Ciudad de México,2020,0,133073997.4,40370278.46,29727514.81,21144860.21,1009816.41,4800154.23,2772683.96,0,0,0,0,0,10642763.65,92703718.95,64925338.58,24540997.5,3237382.87,0,0,0,0,0,34939576.16,0,0,3472435063,1703911400,0,3.83,0,7.81,30.34,69.66,0,14259.06,10357.05,7626.63,2730.41,18103.41,6078.16,11182.07,55904.66,0,9332593,5120789,3897856,10681750,2194673,57909
10,Durango,2020,0,10196678.16,4713340.08,4207635.48,1282132.4,51343.06,2410577.69,463582.33,0,0,0,0,0,505704.6,5483338.08,4334850.93,1145268.89,3218.26,0,0,0,0,0,423695.21,0,0,267589060,48441500,0,3.81,0,21.05,46.22,53.78,0,5487.53,5495.96,4906.29,589.67,5421.56,4729.49,3363.8,3808.59,0,1858155,1011395,857601,916557,340469,845
11,Guanajuato,2020,0,33225051.04,19651991.94,14066446.19,10101905.35,449313.2,3515161.68,65.96,0,0,0,0,0,5585545.75,13573059.1,11101250.1,1746788.44,725020.56,0,0,0,0,0,2276470.13,0,0,948128494,105516600,0,3.5,0,31.49,59.15,40.85,0,5302.61,5298.33,3792.42,1505.91,5388.1,3303.6,3053.87,21926.47,0,6265796,2519081,3709094,3360353,571991,33066
12,Guerrero,2020,0,18844055.58,12269855.27,11656449.71,5905210.8,226399.96,5348900.27,175938.68,0,0,0,0,0,613405.56,6574200.31,4453833.28,2120367.03,0,0,0,0,0,0,201195,0,0,305148770,81476000,0,6.18,0,23.13,65.11,34.89,0,5234.53,4372.18,4153.6,218.58,7728.01,6741.39,3385.31,0,0,3599955,850698,2806350,660670,626343,1153
13,Hidalgo,2020,0,16023172.31,9469491.11,8026942.96,3690142.97,145941.22,3399983.89,790874.88,0,0,0,0,0,1442548.15,6553681.2,4881498,1207282.36,464900.84,0,0,0,0,0,385970.58,0,0,356338575,74288600,0,4.5,0,21.57,59.1,40.9,0,5118.95,4645.06,3937.45,707.61,6254.72,5039.4,3132.51,21289.59,0,3130166,1047797,2038617,968667,385404,21837
14,Jalisco,2020,0,47546481.39,19384604.52,12986899.93,7709924.71,309856.96,4967118.26,0,0,0,0,0,0,6397704.59,28161876.87,25869052.44,2158507.46,134316.97,0,0,0,0,0,7505679.55,0,0,1596000641,145813000,0,2.98,0,32.61,40.77,59.23,0,5588.67,4728.78,3168.09,1560.69,6533.46,4410.14,4490.91,23126.2,0,8507662,4310408,4099285,5865808,480639,5808
15,México,2020,0,90254675.01,49074203.38,38985325.35,26784772.47,1098439.98,10876275.33,225837.57,0,0,0,0,0,10088878.03,41180471.63,25678469.04,3671884.01,65610.08,11764508.5,0,0,0,0,7136561.03,0,0,1994299671,247525100,0,4.53,0,36.46,54.37,45.63,0,5236.17,5067.99,4026.09,1041.9,5317.3,4139.43,3061.16,2092.89,0,17236788,7744620,9683170,6203385,1199506,31349
16,Michoacán,2020,0,22613737.47,13417671.12,11825281.91,6658480.3,258121.93,3780964.32,1127715.36,0,0,0,0,0,1592389.21,9196066.35,6848281.12,2343868.41,3916.82,0,0,0,0,0,714867.01,0,0,560007706,81615300,0,4.04,0,27.71,59.33,40.67,0,4681.67,4124.06,3634.62,489.44,5850.32,3855.02,4003.38,1291.4,0,4830267,1571891,3253510,1776458,585473,3033
17,Morelos,2020,0,12812042.37,6164293.76,4625645.23,2688499.63,107816.47,1829329.13,0,0,0,0,0,0,1538648.53,6647748.61,4626509.93,2018490.23,2748.45,0,0,0,0,0,685031.82,0,0,236452444,44171000,0,5.42,0,29.01,48.11,51.89,0,6397.21,5110.11,3834.6,1275.52,7935.1,5863.78,6768.55,1620.55,0,2002754,837765,1206293,788998,298216,1696
18,Nayarit,2020,0,7478462.85,3701010.08,2905459.75,802753.32,31064.72,1822028.65,249613.06,0,0,0,0,0,795550.33,3777452.77,3091310.49,686142.28,0,0,0,0,0,0,232395.99,0,0,148047872,29788900,0,5.05,0,25.1,49.49,50.51,0,5969.92,5439.98,4270.63,1169.35,6210.51,5482.54,2837.07,0,0,1252690,608236,680335,563846,241849,388
19,Nuevo León,2020,0,32937408.8,9340626.66,5996969.45,2904981.01,127674.5,2925780.75,38533.19,0,0,0,0,0,3343657.21,23596782.14,19059083.76,1945031.68,386586.6,2206080.1,0,0,0,0,12565672.84,0,0,1765681179,141971300,0,1.87,0,23.2,28.36,71.64,0,5576.97,5436.68,3490.51,1946.16,6062.78,3795.14,6143.05,16281.44,0,5905971,3892076,1718077,5021974,316623,23744
20,Oaxaca,2020,0,20150375.74,14807734.08,12949952.04,6096848.36,234896.7,4780067.76,1838139.22,0,0,0,0,0,1857782.04,5342641.66,3188193.17,1663366.22,491082.27,0,0,0,0,0,207776.14,0,0,350955334,95614800,0,5.74,0,21.07,73.49,26.51,0,4792.64,4891.53,4277.84,613.69,4785.71,3796.07,3366.31,18384.33,0,4204445,1116374,3027219,839866,494121,26712
21,Puebla,2020,0,29514029.82,18208557.76,15997948.55,10475501.32,407892.69,4028451.64,1086102.9,0,0,0,0,0,2210609.21,11305472.06,9183972.72,1767102.83,354396.51,0,0,0,0,0,2071929.57,0,0,714238934,101010100,0,4.13,0,29.22,61.69,38.31,0,4401.65,3896.56,3423.5,473.06,5853.29,3860.31,4196.26,22571.59,0,6705217,1931474,4672977,2379074,421114,15701
22,Querétaro,2020,0,12190423.76,6056424.16,3896276.03,1874409.99,75399.52,1945830.52,636,0,0,0,0,0,2160148.13,6133999.6,5415515.69,714728.78,3755.13,0,0,0,0,0,2725185,0,0,497305746,45958300,0,2.45,0,26.52,49.68,50.32,0,5037.74,5574.12,3585.99,1988.12,5141.18,2933.11,4005.7,904.85,0,2419819,1193111,1086526,1846339,178428,4150
23,Quintana Roo,2020,0,9713252.71,4489484.52,2994207.69,1124735.45,44836.78,1824635.46,0,0,0,0,0,0,1495276.83,5223768.19,4566997.03,656771.16,0,0,0,0,0,0,1026472.25,0,0,296754784,32638700,0,3.27,0,29.76,46.22,53.78,0,5116.98,6218.08,4147.07,2071.01,5217.23,4332.94,3385.75,0,0,1898241,1001254,722005,1054018,193981,358
24,San Luis Potosí,2020,0,13941581.14,7179723.63,6002122.82,2976278.51,117567.56,2088078.21,820198.54,0,0,0,0,0,1177600.81,6761857.51,5448180.85,1216503.73,97172.93,0,0,0,0,0,1526763.1,0,0,513538652,66873000,0,2.71,0,20.85,51.5,48.5,0,4854.82,4580.3,3829.05,751.25,5206.95,3541.38,3648.99,22672.17,0,2871697,1298621,1567521,1538436,333381,4286
25,Sinaloa,2020,0,16380626.46,6140142.88,5074492.73,1792181.01,70442.14,2849731.34,362138.24,0,0,0,0,0,1065650.15,10240483.58,8182997.65,2010668.06,46817.87,0,0,0,0,0,1191433.75,0,0,505132726,76900500,0,3.24,0,21.3,37.48,62.52,0,5318.78,4375.37,3616,759.36,5840.59,3836.38,3708.19,11246.19,0,3079773,1753330,1403344,2133000,542223,4163
26,Sonora,2020,0,21736150.35,7467272.37,4212963.08,1429737.51,59603.62,2723621.95,0,0,0,0,0,0,3254309.29,14268877.98,10174062.12,1262163.04,6622.49,2826030.33,0,0,0,0,1850203.62,0,0,786624063,79251400,0,2.76,0,27.43,34.35,65.65,0,7239.87,6175.82,3484.34,2691.48,7648.29,5080.02,4709.07,1480.55,0,3002286,1865630,1209115,2002759,268028,4473
27,Tabasco,2020,0,17265098.15,11404414.52,6487490.49,3570983.7,139054.17,2777452.62,0,0,0,0,0,0,4916924.03,5860683.63,3265600.68,706474.18,1888608.77,0,0,0,0,0,427730.81,0,0,506033338,132038000,0,3.41,0,13.08,66.05,33.95,0,7074.56,6969.28,3964.53,3004.75,6262.06,4539.66,3351.09,16822.92,0,2440449,935904,1636383,719349,210819,112264
28,Tamaulipas,2020,0,24661839.95,11881103.4,7234428.49,3382967.54,115206.32,3312040.1,424214.53,0,0,0,0,0,4646674.91,12780736.55,9087645.66,1820423.62,1872667.27,0,0,0,0,0,2109513.81,0,0,674669075,122801400,0,3.66,0,20.08,48.18,51.82,0,6858.19,7448.48,4535.39,2913.08,6217.83,4050.57,4535.36,21804.87,0,3595971,2055497,1595105,2243550,401385,85883
29,Tlaxcala,2020,0,7674655.15,4990184.05,3600576.05,1743213.36,66613.45,1790749.24,0,0,0,0,0,0,1389608,2684471.1,2092425.94,592045.16,0,0,0,0,0,0,85672.96,0,0,123648095,23809300,0,6.21,0,32.23,65.02,34.98,0,5602.14,5227.15,3771.56,1455.6,6311.28,4607.99,3638.85,0,0,1369950,425345,954666,454086,162701,968
30,Veracruz,2020,0,44591204.3,24298713.99,18833833.2,9926402.79,384399.3,7095028.18,1428002.93,0,0,0,0,0,5464880.79,20292490.31,13922874.12,2943714.54,3425901.65,0,0,0,0,0,1039023.27,0,0,991609956,222875500,0,4.5,0,20.01,54.49,45.51,0,5458.4,4416.7,3423.37,993.33,6678.88,4918.86,4287.19,15936.13,0,8169287,3038308,5501554,2830511,686630,214977
31,Yucatán,2020,0,16486961.9,7958487.04,5490043.48,2595996.14,94407.15,2202127.12,597513.07,0,0,0,0,0,2468443.56,8528474.86,6718013.94,1377755.5,10244.42,422461,0,0,0,0,1275871.13,0,0,331982604,60267100,0,4.97,0,27.36,48.27,51.73,0,6976.77,7153.43,4934.69,2218.74,7438.33,5287.92,6703.33,1168.39,0,2363123,1146557,1112541,1270445,205533,8768
32,Zacatecas,2020,0,9171762.77,5586892.88,4784515.46,1539076.36,59679.11,2516488.05,669271.94,0,0,0,0,0,802377.42,3584869.89,2840601.46,744268.43,0,0,0,0,0,0,132638.62,0,0,212883615,33044500,0,4.31,0,27.76,60.91,39.09,0,5568.64,5418.53,4640.34,778.2,5642.31,4009.01,3434.54,0,0,1647038,635355,1031071,708555,216701,597
33,No distribuibles,2020,1489431357,18998092.36,14196691.66,14196691.66,0,0,0,0,0,6585609.29,3305552.45,4305529.92,0,0,4801400.7,0,0,0,0,4801400.7,683361563.5,565081274.4,24028205,2343.27,641271.33,810105.59,1471812909,40073500,0,0,0,0,0,0,0,0,0,0,0,0,0,0,0,0,0,0,0,0,1236,0
34,Extranjero,2020,0,0,0,0,0,0,0,0,0,0,0,0,0,0,0,0,0,0,0,0,0,0,0,170215.25,0,0,0,12034000,0,0,0,0,0,0,0,0,0,0,0,0,0,0,0,0,0,0,0,0,0,0
37,Gasto Total,2020,1489431357,805259687.5,384069724.2,299105228.5,157496974.8,6414732.4,104434786.2,16562043.38,0,6585609.29,3305552.45,4305529.92,0,84964495.76,421189963.3,311052824.1,69943169.52,14101763.65,21290805.27,4801400.7,683361563.5,565081274.4,24028205,93610812.77,641271.33,810105.59,23430377458,4463821200,6.36,3.44,2.92,18.04,47.7,52.3,11617.2,6280.83,5515.03,4294.99,1220.04,7242.95,4530.39,5175.01,19761.05,5330.05,128209170,58151713,69640573,68659149,13515575,713614
01,Aguascalientes,2021,0,8691109.23,3201685.23,2817811.27,985161.19,36395.75,1796254.33,0,0,0,0,0,0,383873.96,5489424,5112016.35,375297.33,2110.32,0,0,0,0,0,1391506.1,0,0,318347095,33649300,0,2.73,0,25.83,36.84,63.16,0,5901.7,4858.13,4275.65,582.48,6910.02,5511.91,2062.8,1869.19,0,1472645,794415,659037,927449,181936,1129
02,Baja California,2021,0,22968396.79,6633718.37,5389415.4,2509765.05,92720.65,2622889.85,164039.85,0,0,0,0,0,1244302.97,16334678.42,12533095.57,1063845.67,4322.06,2733415.12,0,0,0,0,2829511.68,0,0,923217943,97335700,0,2.49,0,23.6,28.88,71.12,0,5904.59,4767.43,3873.19,894.24,7106.07,5589.17,4704.16,1431.15,0,3889925,2298693,1391467,2242390,226150,3020
03,Baja California Sur,2021,0,6657125.92,1882112.78,1680729.99,450969.85,16660.61,1213099.53,0,0,0,0,0,0,201382.79,4775013.14,4114539.31,660473.83,0,0,0,0,0,0,375550.39,0,0,212812813,38563300,0,3.13,0,17.26,28.27,71.73,0,8002.97,5888.45,5258.39,630.05,9522.77,7970.79,3661.08,#¡DIV/0!,0,831832,501431,319628,516202,180404,0
04,Campeche,2021,0,7374867.87,3796347.95,3229300.91,1163372.13,42979.57,1814860,208089.21,0,0,0,0,0,567047.04,3578519.92,2376217.48,279890.79,904733.56,17678.09,0,0,0,0,228018.07,0,0,483398433,185519500,0,1.53,0,3.98,51.48,48.52,0,7831.57,7167.28,6096.72,1070.55,7343.07,6285.28,2577.79,38739.98,0,941684,487333,529678,378061,108578,23354
05,Coahuila,2021,0,18800793.47,5005563.47,4101864.57,1467179.15,54203.4,2248904.35,331577.67,0,0,0,0,0,903698.9,13795230,12315558.49,948568.5,4394.86,526708.15,0,0,0,0,3379916.33,0,0,901800875,82597700,0,2.08,0,22.76,26.62,73.38,0,5815.55,5123.96,4198.89,925.07,6038.98,5224.78,2425.5,2829.92,0,3232850,2284366,976893,2357144,391082,1553
06,Colima,2021,0,5619352.13,2213491.56,2027095.38,448662.07,16575.35,1561857.96,0,0,0,0,0,0,186396.18,3405860.57,3142878.23,262982.34,0,0,0,0,0,0,262713.11,0,0,145780621,33105600,0,3.85,0,16.97,39.39,60.61,0,7509.34,6396.51,5857.86,538.64,7548.48,6990.43,3012.05,0,0,748315,451198,346047,449597,87310,1034
07,Chiapas,2021,0,28289444.05,21445652.49,18874513.53,11508218.03,425159.11,5101836.89,1839299.5,0,0,0,0,0,2571138.96,6843791.56,4683957.47,811102.01,99109.5,1249622.58,0,0,0,0,363266.05,0,0,379227252,111706400,0,7.46,0,25.32,75.81,24.19,0,4889.67,4732.03,4164.7,567.33,5345.23,5025.03,1735.85,11057.63,0,5785553,1280354,4532021,932125,467265,8963
08,Chihuahua,2021,0,22979617.42,9071927.5,6483049.65,2840073.56,104923.55,3040514.2,497538.34,0,0,0,0,0,2588877.85,13907689.92,13053875.89,810666.95,43147.08,0,0,0,0,0,3641099.86,0,0,878624616,97968600,0,2.62,0,23.46,39.48,60.52,0,5965.8,5888.09,4207.79,1680.3,6057.94,5221.62,2406.46,13007.86,0,3851891,2295780,1540726,2499968,336871,3317
09,Ciudad de México,2021,0,131910100.3,36056559.42,30653700.46,22988217.41,849275.71,5076583.07,1739624.27,0,0,0,0,0,5402858.96,95853540.83,71083382.78,21118847.13,3651310.92,0,0,0,0,0,36896320.93,0,0,3701685838,2108257800,0,3.56,0,6.26,27.33,72.67,0,14225.72,9287.64,7895.94,1391.7,18715.49,11431.41,9835.43,61472.99,0,9272649,5121616,3882211,6218252,2147222,59397
10,Durango,2021,0,10738135.66,5469462.61,4477366.45,1454112.09,53720.65,2564311.98,405221.73,0,0,0,0,0,992096.16,5268673.05,4598403.89,666829.35,3439.81,0,0,0,0,0,500631.79,0,0,301206661,57387800,0,3.57,0,18.71,50.93,49.07,0,5741.75,6335.02,5185.92,1149.1,5159.03,5227.13,1957.78,1967.85,0,1870186,1021252,863370,879719,340605,1748
11,Guanajuato,2021,0,34767155.24,20894303.84,14859658.32,10713543.08,395800.67,3750314.57,0,0,0,0,0,0,6034645.52,13872851.4,12024083,1006225.28,842543.12,0,0,0,0,0,2662653.17,0,0,1029273616,113651900,0,3.38,0,30.59,60.1,39.9,0,5510.76,5591.9,3976.86,1615.04,5452.92,4393.21,1748.19,30021.13,0,6308964,2544114,3736531,2736967,575582,28065
12,Guerrero,2021,0,18682590.65,12995146.61,12006730.07,5940770.1,219475.55,5693836.23,152648.19,0,0,0,0,0,988416.54,5687444.04,4660797.86,1026646.18,0,0,0,0,0,0,261282.11,0,0,330936986,85397600,0,5.65,0,21.88,69.56,30.44,0,5192.01,4617.97,4266.72,351.24,6652.49,6195.69,1630.26,0,0,3598332,854934,2814039,752264,629743,966
13,Hidalgo,2021,0,15646801.45,9544134.29,8484911.76,4103666.51,151605.68,3541258.21,688381.36,0,0,0,0,0,1059222.53,6102667.16,4678673.33,914526.43,509467.4,0,0,0,0,0,431754.12,0,0,388747747,77820700,0,4.02,0,20.11,61,39,0,4954.74,4632.67,4118.53,514.14,5750.85,4992.92,2329.49,27723.1,0,3157947,1061176,2060179,937062,392587,18377
14,Jalisco,2021,0,42646009.87,16481349.05,13565034.99,7941235.47,293380.66,5330418.86,0,0,0,0,0,0,2916314.06,26164660.82,24417513.84,1584974.21,162172.77,0,0,0,0,0,8690621.28,0,0,1759742262,150880400,0,2.42,0,28.26,38.65,61.35,0,4974.2,3987.92,3282.27,705.65,6003.84,4936.1,3145.53,32151.62,0,8573447,4357991,4132815,4946719,503881,5044
15,México,2021,0,93839636.98,53169542.08,45341437.7,32519992.52,1201417.2,11430762.96,189265.02,0,0,0,0,0,7828104.38,40670094.9,27035490.08,1971839.41,72001.01,11590764.4,0,0,0,0,7639196.75,0,0,2212972298,250965500,0,4.24,0,37.39,56.66,43.34,0,5427.06,5444.7,4643.08,801.62,5188.8,3782.52,1548.21,5018.54,0,17291050,7838057,9765372,7147479,1273624,14347
16,Michoacán,2021,0,22945993.45,14362758.71,12457440.52,7283622.26,269085.83,3969498.59,935233.84,0,0,0,0,0,1905318.19,8583234.74,7328189.48,1251121.35,3923.91,0,0,0,0,0,892850.65,0,0,596442469,85320400,0,3.85,0,26.89,62.59,37.41,0,4718.88,4387.92,3805.83,582.09,5416.92,4637.89,2102.97,1515.61,0,4862597,1584524,3273253,1580070,594931,2589
17,Morelos,2021,0,12699219.28,6572526.94,4930329.59,2901331.12,107186.65,1921811.82,0,0,0,0,0,0,1642197.35,6126692.34,5120762.93,1002824.69,3104.72,0,0,0,0,0,906825.71,0,0,258639669,48158900,0,4.91,0,26.37,51.76,48.24,0,6323.45,5398.8,4049.86,1348.93,7228.21,6318.22,3289.83,2228.8,0,2008274,847608,1217406,810475,304826,1393
18,Nayarit,2021,0,7589545.05,3658265.72,3149933.6,997301.42,36844.26,1903605.81,212182.11,0,0,0,0,0,508332.12,3931279.33,3569815.22,361464.11,0,0,0,0,0,0,287605.79,0,0,173937705,32585400,0,4.36,0,23.29,48.2,51.8,0,5999.96,5310.25,4572.37,737.88,6369.14,6315.31,1477.35,0,0,1264932,617239,688906,565264,244671,345
19,Nuevo León,2021,0,33275664.76,8283062.18,6286731.06,3068026.31,113345.03,3105359.72,0,0,0,0,0,0,1996331.12,24992602.58,20917673.46,1443203.1,407923.86,2223802.16,0,0,0,0,14262655.16,0,0,2016768478,152051300,0,1.65,0,21.88,24.89,75.11,0,5548.81,4770.91,3621.06,1149.86,6327.67,5053.84,4494.11,19941.53,0,5996906,3949730,1736158,4138966,321132,20456
20,Oaxaca,2021,0,20866336.12,15706232.4,13866566.07,7004459.91,258772.46,5055344.52,1547989.18,0,0,0,0,0,1839666.33,5160103.72,3623412.98,1008371.25,528319.49,0,0,0,0,0,242357.02,0,0,394292364,103811500,0,5.29,0,20.1,75.27,24.73,0,4943.06,5163.99,4559.13,604.86,4590.33,4537.29,2015.64,23237.13,0,4221338,1124126,3041493,798585,500273,22736
21,Puebla,2021,0,30887093.24,19264104.49,16765993.57,11118501.21,410761.43,4299198.6,937532.33,0,0,0,0,0,2498110.92,11622988.75,10060115.36,1203278.82,359594.57,0,0,0,0,0,2397511.43,0,0,759807470,105337800,0,4.07,0,29.32,62.37,37.63,0,4570.01,4088.07,3557.94,530.13,5952.9,4952.86,2817.51,25666.99,0,6758650,1952493,4712271,2031172,427071,14010
22,Querétaro,2021,0,13196246.25,6553501.41,4269572.7,2037468.24,75272.14,2156832.32,0,0,0,0,0,0,2283928.71,6642744.84,6160074.23,478787.89,3882.72,0,0,0,0,0,2902690.1,0,0,554927546,50031600,0,2.38,0,26.38,49.66,50.34,0,5358.48,5939.39,3869.48,2069.91,5462.15,4294.84,2578.91,1028.81,0,2462684,1216141,1103396,1434298,185655,3774
23,Quintana Roo,2021,0,9500215.34,4004643.1,3283024.21,1282555.69,47382.68,1953085.84,0,0,0,0,0,0,721618.89,5495572.24,5076517.53,419054.71,0,0,0,0,0,0,1277033.33,0,0,353445371,42331000,0,2.69,0,22.44,42.15,57.85,0,4905.33,5438.9,4458.84,980.07,5361.05,5089.61,2086.36,0,0,1936713,1025093,736296,997428,200854,0
24,San Luis Potosí,2021,0,13735769.1,7130173.24,6430733.92,3394568.86,125408.81,2201568.3,709187.95,0,0,0,0,0,699439.32,6605595.86,5703218.52,795574.24,106803.1,0,0,0,0,0,1657741.95,0,0,562563771,70997900,0,2.44,0,19.35,51.91,48.09,0,4759.79,4522.98,4079.3,443.69,5045.24,4363.49,2361.81,25465.69,0,2885794,1309274,1576431,1307030,336849,4194
25,Sinaloa,2021,0,17418707.32,6830301.28,5527594.32,2063874.61,76247.69,3069872.73,317599.29,0,0,0,0,0,1302706.96,10588406.04,9016681.49,1494476.83,77247.72,0,0,0,0,0,1451612.16,0,0,561552976,86111500,0,3.1,0,20.23,39.21,60.79,0,5624.52,4837.32,3914.72,922.6,5983.48,4658.34,2690.05,21019.79,0,3096923,1769608,1412001,1935600,555557,3675
26,Sonora,2021,0,22166273.87,7303080.15,4730701.81,1776251.67,65621.76,2888828.38,0,0,0,0,0,0,2572378.34,14863193.72,11076478.16,806277.23,8015.55,2972422.78,0,0,0,0,2182056.73,0,0,891434347,86948100,0,2.49,0,25.49,32.95,67.05,0,7329.76,5981.89,3874.87,2107.01,7863.07,5742.24,2978.27,2075.49,0,3024147,1890253,1220866,1928947,270720,3862
27,Tabasco,2021,0,15323744.44,9111401.77,6845923.12,3864827.61,142782.02,2838313.49,0,0,0,0,0,0,2265478.65,6212342.67,3646579,429705.82,2136057.85,0,0,0,0,0,532149.78,0,0,592959298,180650800,0,2.58,0,8.48,59.46,40.54,0,6275.71,5515.05,4143.77,1371.27,6556.15,4769.64,1972.6,22382.8,0,2441753,947559,1652099,764540,217837,95433
28,Tamaulipas,2021,0,24795657.35,11949933.34,7439347.41,3472264.2,128279.18,3467478.45,371325.58,0,0,0,0,0,4510585.93,12845724.01,9563927.59,1183727.98,2098068.44,0,0,0,0,0,2416232.67,0,0,717585009,131910100,0,3.46,0,18.8,48.19,51.81,0,6845.97,7444.78,4634.7,2810.09,6192.26,4873.37,2942.42,29053.89,0,3621934,2074481,1605142,1962489,402298,72213
29,Tlaxcala,2021,0,7842985.18,5226061.46,4104259.06,2141333.34,79109.33,1883816.39,0,0,0,0,0,0,1121802.4,2616923.72,2269807.85,347115.87,0,0,0,0,0,0,98084.67,0,0,136256703,24438100,0,5.76,0,32.09,66.63,33.37,0,5680.71,5417.53,4254.63,1162.9,6073.33,4696.07,2097.86,0,0,1380635,430888,964657,483342,165462,422
30,Veracruz,2021,0,45068875.28,24156006.93,20118471.27,10993233.56,406133.55,7427291.24,1291812.92,0,0,0,0,0,4037535.66,20912868.35,15341177.84,1741890.49,3829800.02,0,0,0,0,0,1250348.73,0,0,1075630377,246270000,0,4.19,0,18.3,53.6,46.4,0,5532.51,4369.98,3639.56,730.42,6832.59,5374.48,2551.43,21510.78,0,8146184,3060751,5527718,2854448,682712,178041
31,Yucatán,2021,0,14861713.96,6190353.07,5844570.96,2892066.62,106844.38,2315143.57,530516.39,0,0,0,0,0,345782.11,8671360.89,7388628.32,838150.67,12923.29,431658.61,0,0,0,0,1530816.43,0,0,376868845,77803000,0,3.94,0,19.1,41.65,58.35,0,6216.2,5514.32,5206.3,308.02,7466.64,6340.22,3981.9,1514.86,0,2390802,1161347,1122596,1165358,210490,8531
32,Zacatecas,2021,0,9324235.19,5685584.58,4913569.7,1677785.41,61984.03,2627052.97,546747.29,0,0,0,0,0,772014.88,3638650.61,3118849.94,519800.67,0,0,0,0,0,0,197681.21,0,0,234552132,34180000,0,3.98,0,27.28,60.98,39.02,0,5632.61,5480.64,4736.45,744.19,5680.81,4856.85,2402.98,0,0,1655403,640516,1037395,642155,216315,525
33,No distribuibles,2021,1594425972,18266110.25,13144580.18,13144580.18,0,0,0,0,0,7144139.07,3863445.92,2136995.19,0,0,5121530.07,0,0,0,0,5121530.07,783205229.1,648905752,29101225,966245.24,28342.06,1845220.05,1578068531,42591000,0,0,0,0,0,0,0,0,0,0,0,0,0,0,0,0,0,0,0,0,584,0
34,Extranjero,2021,0,0,0,0,0,0,0,0,0,0,0,0,0,0,0,0,0,0,0,0,0,0,0,163369.53,0,0,0,13441000,0,0,0,0,0,0,0,0,0,0,0,0,0,0,0,0,0,0,0,0,0,0
37,Gasto Total,2021,1594425972,809375522.4,382993568.2,318101963.5,175004410.3,6465355.34,109871805.7,13615812.02,0,7144139.07,3863445.92,2136995.19,0,64891604.68,426381954.2,334812393.5,48827541.13,15874417.65,21746071.89,5121530.07,783205229.1,648905752,29101225,105169910,28342.06,1845220.05,25803508117,5139777200,6.18,3.14,3.04,15.75,47.32,52.68,12361.53,6275.06,5457.45,4532.78,924.67,7252.09,5644.02,3568.98,26347.01,6072.16,128982939,58794341,70178098,59321565,13681077,602513
01,Aguascalientes,2022,0,9958394.59,3452765.52,3001001.78,1028375.82,53343.45,1919282.51,0,0,0,0,0,0,451763.74,6505629.07,5679976.03,681920.33,143732.71,0,0,0,0,0,1676766.51,0,0,350315806,38128600,0,2.84,0,26.12,34.67,65.33,0,6678.44,5183.5,4505.28,678.21,8073.98,6005.2,3765.68,127762.41,0,1491126,805752,666107,945843,181088,1125
02,Baja California,2022,0,25027367.9,7274742.03,5704178.73,2619857.26,135896.05,2782734.54,165690.88,0,0,0,0,0,1570563.3,17752625.87,13581642.64,1258529.49,80887.83,2831565.91,0,0,0,0,3312657.69,0,0,1018857421,109941300,0,2.46,0,22.76,29.07,70.93,0,6338.93,5165.41,4050.24,1115.17,7599.39,5826.88,5557.84,27216.63,0,3948201,2336059,1408356,2330862,226442,2972
03,Baja California Sur,2022,0,7996052.98,2331252.02,1855682.56,470751.89,24418.63,1302576.1,57935.94,0,0,0,0,0,475569.46,5664800.96,4320565.71,1344235.25,0,0,0,0,0,0,457023.07,0,0,235326648.3,44688500,0,3.4,0,17.89,29.16,70.84,0,9415.72,7168.41,5706.07,1462.34,11065.02,7983.1,7454.1,#¡DIV/0!,0,849224,511956,325212,541214,180335,0
04,Campeche,2022,0,7932787.48,4051210.64,3491856.23,1214404.08,62993.02,1942230,272229.13,0,0,0,0,0,559354.41,3881576.84,2546562.29,500455.31,811032.36,23526.88,0,0,0,0,234907.65,0,0,534833291.6,244674200,0,1.48,0,3.24,51.07,48.93,0,8390.53,7539.32,6498.36,1040.96,7827.67,6423.9,4531.06,34482.67,0,945445,495879,537344,396420,110450,23520
05,Coahuila,2022,0,21667547.52,5006748.06,4439150.41,1531537.76,79443.24,2416486.06,411683.35,0,0,0,0,0,567597.65,16660799.46,13394178.61,2677844.41,36619.46,552156.98,0,0,0,0,3821944.29,0,0,994789922.4,97655400,0,2.18,0,22.19,23.11,76.89,0,6618.76,5074.48,4499.21,575.28,7192.02,5476.6,6731.72,24203.21,0,3273658,2316568,986652,2445712,397795,1513
06,Colima,2022,0,6532002.07,2705554.9,2551333.9,468342.88,24293.67,1690973,367724.35,0,0,0,0,0,154221,3826447.17,3339764.16,486683.01,0,0,0,0,0,0,287536.78,0,0,160449987.5,37370100,0,4.07,0,17.48,41.42,58.58,0,8683.32,7718.12,7278.17,439.95,8344.32,7161.34,5560.12,0,0,752247,458569,350546,466360,87531,1028
07,Chiapas,2022,0,31252333.32,23065292.54,20513533.28,12013032.3,623134.59,5493498.96,2383867.43,0,0,0,0,0,2551759.26,8187040.78,5195848.93,1663407.07,119898.54,1207886.24,0,0,0,0,403094.53,0,0,419844133.9,123347000,0,7.44,0,25.34,73.8,26.2,0,5330.54,5022.07,4466.47,555.6,6294.18,5340.19,3583.09,13408.47,0,5862882,1300731,4592789,972971,464238,8942
08,Chihuahua,2022,0,25868552.72,10181168.38,6988995.68,2964654.94,153781.24,3286367.14,584192.36,0,0,0,0,0,3192172.7,15687384.34,14143845.74,1420838.33,122700.27,0,0,0,0,0,4123774.65,0,0,970722424.3,112552800,0,2.66,0,22.98,39.36,60.64,0,6635.9,6564.4,4506.22,2058.18,6763.51,5501.16,4204.39,37835.42,0,3898274,2319413,1550968,2571064,337942,3243
09,Ciudad de México,2022,0,151970627.5,41691112.95,34379290.1,23996608.12,1244741.23,5342131.11,3795809.64,0,0,0,0,0,7311822.85,110279514.6,74447558.75,31519859.66,4312096.16,0,0,0,0,0,43253350.81,0,0,4083452181,2153096000,0,3.72,0,7.06,27.43,72.57,0,16451.23,10784.88,8893.42,1891.46,21534.45,11816.08,14655.53,73277.64,0,9237644,5121074,3865700,6300527,2150715,58846
10,Durango,2022,0,11500166.99,5315089.49,4785517.31,1517897.51,78735.69,2741512.26,447371.85,0,0,0,0,0,529572.18,6185077.5,5011506.19,1086314.9,87256.41,0,0,0,0,0,494741.39,0,0,331596640.8,60252400,0,3.47,0,19.09,46.22,53.78,0,6103.2,6116.91,5507.44,609.46,5999.47,5644.65,3197.89,49860.81,0,1884286,1030938,868918,887833,339697,1750
11,Guanajuato,2022,0,38254347.41,22341377.74,15811713.75,11183498.5,580105.39,4048109.86,0,0,0,0,0,0,6529663.99,15912969.67,13307236.72,1806493.59,799239.36,0,0,0,0,0,3024915.38,0,0,1136520745,123078100,0,3.37,0,31.08,58.4,41.6,0,6014.06,5937.51,4202.17,1735.34,6195.69,4723.86,3124.15,28981.05,0,6360814,2568392,3762750,2817027,578236,27578
12,Guerrero,2022,0,21520800.99,14321038.72,12924599.73,6201365.22,321674.42,6129453.29,272106.8,0,0,0,0,0,1396438.99,7199762.27,5283621.45,1916140.82,0,0,0,0,0,0,286543.51,0,0,366360804.8,103064600,0,5.87,0,20.88,66.55,33.45,0,5978.08,5076.76,4581.73,495.03,8382.33,6906.64,3004.3,0,0,3599951,858921,2820900,765006,637799,931
13,Hidalgo,2022,0,17498666.8,10487343.18,9032896.06,4283676.08,222200.91,3779894.42,747124.65,0,0,0,0,0,1454447.12,7011323.62,5341028.31,1208396.78,461898.53,0,0,0,0,0,517865.66,0,0,427866633.3,107603800,0,4.09,0,16.26,59.93,40.07,0,5484.91,5038.82,4340.01,698.81,6526.58,5386.92,3059.67,25039.22,0,3190331,1074272,2081309,991480,394943,18447
14,Jalisco,2022,0,49630509.69,19291671.59,14460659.21,8289582.1,429993.46,5741083.65,0,0,0,0,0,0,4831012.38,30338838.1,26937858.34,3230907.65,170072.11,0,0,0,0,0,10036400.47,0,0,1941444849,170110800,0,2.56,0,29.18,38.87,61.13,0,5738.97,4631.93,3472.01,1159.93,6888.5,5273.89,6352.29,33858.67,0,8647986,4404274,4164930,5107775,508621,5023
15,México,2022,0,105083721.8,60293091.56,47984698.81,33946499.75,1760857.52,12035363.91,241977.63,0,0,0,0,0,12308392.75,44790630.28,29281130.85,2762381.9,65141.67,12681975.86,0,0,0,0,8560047.14,0,0,2441513976,267411400,0,4.3,0,39.3,57.38,42.62,0,6046.37,6125,4874.63,1250.37,5649.18,3931.99,2171.17,4677.03,0,17379644,7928695,9843765,7446900,1272300,13928
16,Michoacán,2022,0,25775426.5,15410969.64,13376984.37,7603122.33,394385.73,4186171.83,1193304.48,0,0,0,0,0,2033985.27,10364456.86,8014692.32,2232232.87,117531.67,0,0,0,0,0,1021259.24,0,0,657844948.7,92285700,0,3.92,0,27.93,59.79,40.21,0,5258.67,4680.83,4063.04,617.79,6490.9,5024.21,3693.9,46345.3,0,4901506,1596767,3292356,1595213,604303,2536
17,Morelos,2022,0,12635934.6,5936423.69,5205934.95,3028599.59,157098.15,2012165.78,8071.43,0,0,0,0,0,730488.74,6699510.91,4823960.92,1798926.7,76623.29,0,0,0,0,0,972155.88,0,0,286135811,55709300,0,4.42,0,22.68,46.98,53.02,0,6264.47,4833.73,4238.93,594.8,7814.68,5836.32,5804.32,56800.07,0,2017078,857298,1228125,826541,309929,1349
18,Nayarit,2022,0,9684924.16,4883047.21,4169034.12,1041048.59,54000.8,2055407.5,1018577.23,0,0,0,0,0,714013.09,4801876.95,4065711.21,736165.74,0,0,0,0,0,0,329011.1,0,0,192539985,42451800,0,5.03,0,22.81,50.42,49.58,0,7574.6,7002.76,5978.8,1023.96,7669.49,7037.57,3014.85,0,0,1278605,626101,697303,577715,244180,357
19,Nuevo León,2022,0,35115965.38,8498612.2,6576380.31,3202606.96,166124.18,3207649.17,0,0,0,0,0,0,1922231.89,26617353.18,22417918.53,1840557.55,417581.14,1941295.96,0,0,0,0,15910607.33,0,0,2227580660,171555200,0,1.58,0,20.47,24.2,75.8,0,5760.97,4846.08,3749.99,1096.1,6643.29,5237.35,5746.46,20359.88,0,6095498,4006650,1753708,4280394,320294,20510
20,Oaxaca,2022,0,27641538.25,21470878.29,15087707.76,7311714.37,379269.95,5472897.1,1923826.34,0,0,0,0,0,6383170.53,6170659.96,4044334.78,1642461.21,483863.97,0,0,0,0,0,270133.94,0,0,435889132.7,116949400,0,6.34,0,23.64,77.68,22.32,0,6512.26,7027.34,4938.15,2089.19,5453.54,5017.39,3244.39,21737.9,0,4244538,1131497,3055335,806063,506246,22259
21,Puebla,2022,0,34490023.03,20244594.86,18030237.85,11606220.34,602032.63,4682236.26,1139748.62,0,0,0,0,0,2214357.01,14245428.17,11965988.34,1921524.3,357915.53,0,0,0,0,0,2690645.56,0,0,839688267.8,117859500,0,4.11,0,29.26,58.7,41.3,0,5053.64,4261.71,3795.56,466.15,7219.88,5696.61,4433.78,25651.51,0,6824785,1973085,4750346,2100544,433383,13953
22,Querétaro,2022,0,12353043.05,4896416.31,4425544.18,2126842.9,110322.64,2188378.64,0,0,0,0,0,0,470872.13,7456626.74,6556412.32,745578.82,154635.6,0,0,0,0,0,3475408.57,0,0,612384118.9,55089100,0,2.02,0,22.42,39.64,60.36,0,4925.04,4372.33,3951.86,420.47,6018.78,4369.73,4074.27,40779.43,0,2508214,1238893,1119865,1500415,182997,3792
23,Quintana Roo,2022,0,11086662.74,4893730.65,3497501.97,1338815.7,69446.44,2089239.83,0,0,0,0,0,0,1396228.68,6192932.09,5438088.43,754843.66,0,0,0,0,0,0,1443741.51,0,0,390428302.9,112495300,0,2.84,0,9.86,44.14,55.86,0,5607.36,6522.56,4661.61,1860.95,5905.71,5137.04,3781.59,0,0,1977161,1048635,750278,1058603,199610,0
24,San Luis Potosí,2022,0,15381052.24,7826953.56,6943833.75,3543473.48,183805.46,2389919.7,826635.11,0,0,0,0,0,883119.81,7554098.68,6176336.25,1141418.22,236344.21,0,0,0,0,0,2044914.97,0,0,620406618.3,81666700,0,2.48,0,18.83,50.89,49.11,0,5293.3,4938.13,4380.95,557.17,5724.33,4610.2,3422.1,57588.75,0,2905759,1319647,1585005,1339710,333543,4104
25,Sinaloa,2022,0,19667412.34,7569588.53,6099364.4,2154407.6,111752.46,3318567.64,514636.7,0,0,0,0,0,1470224.13,12097823.81,9982312.66,1972844.53,142666.62,0,0,0,0,0,1630327.09,0,0,620406618.3,98612200,0,3.17,0,19.94,38.49,61.51,0,6306.75,5329.35,4294.24,1035.11,6775.68,5074.81,3543.54,39497.96,0,3118470,1785478,1420360,1967033,556744,3612
26,Sonora,2022,0,24084329.16,7764131.56,5312534.56,1854167.92,96178.56,3117969.24,244218.84,0,0,0,0,0,2451597,16320197.6,12089803.64,1274185.76,126391.59,2829816.61,0,0,0,0,2507810.33,0,0,984093256.6,97277800,0,2.45,0,24.76,32.24,67.76,0,7893.43,6300.48,4311.04,1989.44,8524.14,6096.56,4678.5,33419.25,0,3051188,1914586,1232308,1983054,272349,3782
27,Tabasco,2022,0,16075726.58,9306815.37,7256404.99,4034360.38,209268.52,3012776.09,0,0,0,0,0,0,2050410.38,6768911.21,3964297.96,728272.76,2076340.49,0,0,0,0,0,612704.02,0,0,655170782.2,238360200,0,2.45,0,6.74,57.89,42.11,0,6569.05,5581.47,4351.8,1229.67,7057.99,5006.93,3296.23,21954.2,0,2447193,959042,1667448,791763,220941,94576
28,Tamaulipas,2022,0,28129020.92,12707248.28,7971927.38,3624576.97,188012.42,3696052.5,463285.49,0,0,0,0,0,4735320.9,15421772.64,10751403.53,2730616.65,1939752.46,0,0,0,0,0,2765445.83,0,0,791553271.6,149551100,0,3.55,0,18.81,45.17,54.83,0,7700.95,7868.77,4936.5,2932.28,7367.87,5355.31,6703.48,27141.17,0,3652671,2093112,1614896,2007617,407343,71469
29,Tlaxcala,2022,0,8411227.03,5388677.82,4745830.25,2235264.1,115946.61,2071004.36,323615.18,0,0,0,0,0,642847.57,3022549.21,2448278.54,574270.67,0,0,0,0,0,0,107530.03,0,0,149753321.7,27406200,0,5.62,0,30.69,64.07,35.93,0,6029.47,5530.25,4870.52,659.74,6926.99,4879.06,3433.91,0,0,1395020,436344,974400,501793,167235,342
30,Veracruz,2022,0,49215139.33,25732402.2,21860866.07,11475457.75,595249.77,8126524.81,1663633.74,0,0,0,0,0,3871536.13,23482737.13,16884403.52,2697334.45,3900999.16,0,0,0,0,0,1386776.86,0,0,1187329907,260816000,0,4.15,0,18.87,52.29,47.71,0,6051.12,4634.81,3937.49,697.33,7618.53,5763.7,3985.15,22274.24,0,8133233,3082317,5551982,2929438,676847,175135
31,Yucatán,2022,0,18784949.25,8240235.48,6265771.08,3018928.7,156596.51,2479146.71,611099.16,0,0,0,0,0,1974464.4,10544713.77,7908520.67,1770512.32,395608.07,470072.71,0,0,0,0,1824264.08,0,0,417169967.5,108173700,0,4.5,0,17.37,43.87,56.13,0,7761.09,7276.9,5533.27,1743.64,8966.68,6472.87,8373.28,45129.83,0,2420401,1175988,1132382,1221796,211448,8766
32,Zacatecas,2022,0,10314216.41,6162398.49,5420490.7,1751382.38,90846.92,2898368.46,679892.94,0,0,0,0,0,741907.79,4151817.92,3379588.81,772229.11,0,0,0,0,0,0,184723.28,0,0,259394146.4,37947900,0,3.98,0,27.18,59.75,40.25,0,6185.19,5905.41,5194.44,710.97,6431.31,5065.61,3581.12,0,0,1667567,645563,1043517,667163,215639,529
33,No distribuibles,2022,1719012698,20553835.24,14977861.45,14977861.45,0,0,0,0,0,8235003.73,3739251.98,3003605.74,0,0,5575973.79,0,0,0,0,5575973.79,807918392.1,658711537.1,29231705.93,224861.37,0,0,1741977857,40048100,0,0,0,0,0,0,0,0,0,0,0,0,0,0,0,0,0,0,0,0,1164,0
34,Extranjero,2022,0,0,0,0,0,0,0,0,0,0,0,0,0,0,0,0,0,0,0,0,0,0,0,81258.55,0,0,0,11997700,0,0,0,0,0,0,0,0,0,0,0,0,0,0,0,0,0,0,0,0,0,0
37,Gasto Total,2022,1719012698,911094306,423720444.9,345149317.7,182681074.3,9475950.26,117656172.4,20358259.27,0,8235003.73,3739251.98,3003605.74,0,78571127.23,487373861.1,362724377.2,78898383.82,17636829.21,22538297.15,5575973.79,807918392.1,658711537.1,29231705.93,119975149.1,0,0,28483642438,5709227900,6.04,3.2,2.84,15.96,46.51,53.49,13227.18,7010.54,5993.57,4882.17,1111.4,8201.84,5932.51,5745.45,29596.12,6216.64,129960600,59422496,70695860,61141849,13732327,595917
01,Aguascalientes,2023,0,11783084.53,4693902.16,4054136.49,590382.41,37814.3,2081651.86,0,1153552.49,0,0,0,190735.43,639765.67,7089182.37,6274214.31,657002.53,157965.53,0,0,0,0,0,1771117.73,0,0,358665323.7,42087200,0,3.29,0,28,39.84,60.16,0,7799.03,6975.19,6024.49,950.7,8677.81,6441.69,3614.59,141927.7,0,1510839,816932,672943,974002,181764,1113
02,Baja California,2023,0,26663359.2,7249253.77,5370524.53,1507583.66,96561.53,3028487.28,238878.27,0,0,0,0,499013.79,1878729.24,19414105.43,15282392.1,1300763.01,115593.41,2715356.91,0,0,0,0,3949229.88,0,0,1043141132,117085500,0,2.56,0,22.77,27.19,72.81,0,6648.37,5088.12,3769.48,1318.65,8181.7,6366.99,5723,39330.86,0,4010510,2372870,1424740,2400255,227287,2939
03,Baja California Sur,2023,0,8802306.74,2551421.35,2014186.65,274106.12,17556.64,1365148.54,326744.69,0,0,0,0,30630.66,537234.7,6250885.39,4872425.5,1378459.89,0,0,0,0,0,0,530123.93,0,0,240935484.6,48428700,0,3.65,0,18.18,28.99,71.01,0,10143.64,7716.22,6091.47,1624.75,11966.42,8742.49,7615.46,#¡DIV/0!,0,867766,522369,330657,557327,181008,0
04,Campeche,2023,0,8311695.89,3961730.08,3441390.91,695807.84,44566.86,2065100,383673.05,2.87,0,0,0,252240.29,520339.17,4349965.81,2976952.3,536729.14,812566.33,23718.04,0,0,0,0,250417.63,0,0,547580646.9,154786200,0,1.52,0,5.37,47.66,52.34,0,8746.47,7270.92,6315.95,954.97,8624.54,7292.48,4841.42,34934.06,0,950291,504371,544873,408222,110862,23260
05,Coahuila,2023,0,24429755.16,4631705.63,4154478.07,885573.62,56721.46,2580103.86,419861.76,0,0,0,0,212217.37,477227.56,19798049.53,15559754.16,3601380.88,34351.56,602562.93,0,0,0,0,4349108.43,0,0,1018500003,108897800,0,2.4,0,22.43,18.96,81.04,0,7365.6,4649.3,4170.26,479.04,8430.42,6178.12,9019.69,22962.27,0,3316738,2348405,996216,2518524,399280,1496
06,Colima,2023,0,7137650.04,3009296.51,2790081.13,274106.12,17556.64,1839434.99,462539.2,0,0,0,0,196444.18,219215.38,4128353.53,3654119.76,473855.03,378.74,0,0,0,0,0,334948.74,0,0,164274194.1,37523000,0,4.34,0,19.02,42.16,57.84,0,9423.82,8477.92,7860.34,617.58,8862.67,7608.88,5393.42,372.41,0,757405,465814,354957,480244,87858,1017
07,Chiapas,2023,0,35173473.56,25292647.66,22423589.96,6936993.34,444318.07,5898446.26,2235829.13,4305565.46,0,0,0,2602437.7,2869057.7,9880825.9,6529518.7,1832189.7,110018.7,1409098.8,0,0,0,0,489828.36,0,0,429850807.8,147480700,0,8.18,0,23.85,71.91,28.09,0,5915.13,5435.86,4819.25,616.61,7480.3,6516.89,3931.98,12441.33,0,5946352,1320913,4652925,1001938,465971,8843
08,Chihuahua,2023,0,29692889.31,11924663.85,6575721.47,1707891.98,109391.38,3531855.92,627004.81,0,0,0,0,599577.38,5348942.38,17768225.46,16194223.11,1465317.03,108685.32,0,0,0,0,0,4563854.27,0,0,993858874.1,114873500,0,2.99,0,25.85,40.16,59.84,0,7521.12,7640.27,4213.14,3427.13,7585.59,6116.55,4319.88,33890.03,0,3947936,2342365,1560764,2647608,339203,3207
09,Ciudad de México,2023,0,169036920.4,50886005.44,40047121.18,13852901.6,887285.63,5610448.16,2203960.9,322930.46,0,0,0,17169594.43,10838884.26,118150915,83514242.76,30286990.86,4349681.35,0,0,0,0,0,49001359.37,0,0,4180778239,2197658700,0,4.04,0,7.69,30.1,69.9,0,18330.47,13222.66,10406.19,2816.47,23080.12,12871.9,14029.92,74743.21,0,9221637,5119163,3848395,6488105,2158743,58195
10,Durango,2023,0,11860629.68,5065610.75,4559670.47,875031.08,56046.2,2941003.97,447785.13,0,0,0,0,239804.09,505940.28,6795018.93,5567892.13,1144066.48,83060.32,0,0,0,0,0,591496.41,0,0,339500001.1,64300500,0,3.49,0,18.45,42.71,57.29,0,6244.22,5793.83,5215.16,578.67,6531.27,6090.02,3355.38,47984.01,0,1899457,1040382,874311,914265,340965,1731
11,Guanajuato,2023,0,38485912.69,20888892.54,13329771.96,6452036.36,413256.32,4372518.82,0,0,0,0,0,2091960.46,7559120.58,17597020.15,15079849,1742549.6,774621.55,0,0,0,0,0,3765339.26,0,0,1163608875,129874200,0,3.31,0,29.63,54.28,45.72,0,5992.37,5514.76,3519.12,1995.64,6789.34,5198.35,3002.36,28402.51,0,6422483,2591859,3787818,2900894,580394,27273
12,Guerrero,2023,0,24125162.57,14846524.1,13372515.45,3573922.1,228911.59,6575617.73,188639,339518.17,0,0,0,2465906.86,1474008.65,9278638.47,5870072.06,3408566.41,0,0,0,0,0,0,314376.55,0,0,375092743.1,121371500,0,6.43,0,19.88,61.54,38.46,0,6693.6,5251.87,4730.45,521.42,10755.42,7451.4,5324.4,0,0,3604215,862694,2826903,787781,640179,921
13,Hidalgo,2023,0,17514642.85,9138307.72,8101502.45,2466955.08,158009.77,4061938.16,829599.15,0,0,0,0,585000.29,1036805.27,8376335.13,6697660.84,1216383.14,462291.15,0,0,0,0,0,562008.73,0,0,438064517.5,111199600,0,4,0,15.75,52.18,47.82,0,5426.18,4347.59,3854.33,493.26,7704.66,6559.92,3068.44,25340.74,0,3227801,1087178,2101924,1020998,396417,18243
14,Jalisco,2023,0,55770371.01,21260956.14,15631256.52,4786314.56,306565.97,6080833.41,0,2823365.02,0,0,0,1634177.56,5629699.62,34509414.87,30326450.03,4033374.89,149589.95,0,0,0,0,0,11351700.31,0,0,1987717748,191075400,0,2.81,0,29.19,38.12,61.88,0,6384.33,5067.47,3725.65,1341.82,7756.06,5765.66,7900.54,30116.76,0,8735511,4449347,4195573,5259841,510519,4967
15,México,2023,0,97086322.86,47100150.27,37676875.22,19630215.19,1257325.61,12781483.34,235972.65,0,0,0,0,3771878.43,9423275.05,49986172.59,33351649.04,2602145.91,66159.29,13966218.35,0,0,0,0,10133896.04,0,0,2499705653,303371600,0,3.88,0,32,48.51,51.49,0,5547.4,4748.84,3798.74,950.1,6235.3,4349.12,2037.63,4803.2,0,17501220,8016648,9918245,7668605,1277048,13774
16,Michoacán,2023,0,26477456.39,14397127.62,12703649.83,4385697.92,280906.26,4622802.61,1158789.91,524536.79,0,0,0,1730916.34,1693477.79,12080328.77,9661532.5,2310808.26,107988.01,0,0,0,0,0,1112400.3,0,0,673524195.7,102102800,0,3.93,0,25.93,54.38,45.62,0,5348.33,4348.67,3837.15,511.52,7509.13,5881.48,3809.71,43057.42,0,4950601,1608753,3310695,1642705,606558,2508
17,Morelos,2023,0,14298504.28,7145767.61,6187675.49,1750062.15,112092.4,2214870.32,9326.95,958527.32,0,0,0,1142796.35,958092.12,7152736.67,5381659.91,1709352.62,61724.14,0,0,0,0,0,1099005.94,0,0,292955646.1,59174500,0,4.88,0,24.16,49.98,50.02,0,7040.63,5769.41,4995.85,773.55,8252.56,6322.83,5494.79,46269.97,0,2030857,866729,1238562,851148,311086,1334
18,Nayarit,2023,0,10469382.43,4929988.83,4270411.12,600924.96,38489.56,2039270.44,1018135.01,0,0,0,0,573591.15,659577.71,5539393.6,4746625.13,792768.47,0,0,0,0,0,0,361204.91,0,0,197129032.9,45803700,0,5.31,0,22.86,47.09,52.91,0,8089.94,6987.96,6053.04,934.91,8725.56,7978.67,3234.59,0,0,1294124,634847,705498,594914,245091,353
19,Nuevo León,2023,0,37727698.13,8298353.4,6128959.29,1844945.04,118169.7,3552429.72,0,0,0,0,0,613414.83,2169394.11,29429344.73,25121623.27,1839520.28,376700.54,2091500.64,0,0,0,0,18925894.83,0,0,2280673394,186666300,0,1.65,0,20.21,22,78,0,6083,4686.45,3461.29,1225.15,7243.51,5699.32,5721.88,18572.23,0,6202153,4062856,1770713,4407828,321489,20283
20,Oaxaca,2023,0,24489860.9,17885724.58,15424036.89,4217017.23,270102.17,5903273.14,2193232.19,0,0,0,0,2840412.16,2461687.69,6604136.32,4456575.58,1690134.53,457426.21,0,0,0,0,0,306903.39,0,0,446278227.2,131479900,0,5.49,0,18.63,73.03,26.97,0,5726.25,5829.11,5026.82,802.28,5798.74,5368.97,3326.15,20779.82,0,4276769,1138891,3068346,830061,508135,22013
21,Puebla,2023,0,33909544.8,19100806.95,15947952.76,6694514.85,428787.2,4974798.75,1245231.94,0,0,0,0,2604620.02,3152854.19,14808737.85,12597169.39,1822281.59,389286.87,0,0,0,0,0,3057639.37,0,0,859701615.6,128280700,0,3.94,0,26.43,56.33,43.67,0,4909.15,3989.92,3331.33,658.59,7429.62,5823.72,4189.15,28211.24,0,6907421,1993202,4787263,2163080,435000,13799
22,Querétaro,2023,0,15012943.52,6556938.03,6070978.7,1222935,78329.63,2535114.81,0,1911947.87,0,0,0,322651.39,485959.33,8456005.49,7521037.73,793810.5,141157.26,0,0,0,0,0,4287461.11,0,0,626979840.7,59638800,0,2.39,0,25.17,43.68,56.32,0,5869.21,5772.2,5344.4,427.8,6703.98,4867.72,4321.7,37641.94,0,2557915,1261341,1135952,1545085,183680,3750
23,Quintana Roo,2023,0,12667036.49,5634785.41,3561143.92,769605.64,49293.65,2232952.72,145.92,278048.83,0,0,0,231097.16,2073641.49,7032251.08,6242922.5,789328.58,0,0,0,0,0,0,1684758.21,0,0,399733872.2,94684300,0,3.17,0,13.38,44.48,55.52,0,6272.03,7376.09,4661.63,2714.45,6560.73,5726.83,3939.65,0,0,2019606,1071870,763926,1090119,200355,0
24,San Luis Potosí,2023,0,15593108.12,7135784.08,6410036.24,2045253.36,130999.55,2506211.16,807500.36,0,0,0,0,920071.81,725747.84,8457324.04,7108746.84,1138711.74,209865.46,0,0,0,0,0,2232830.96,0,0,635193550.4,88256600,0,2.45,0,17.67,45.76,54.24,0,5319.97,4478.89,4023.36,455.53,6360.04,5152.78,3401.29,51703.73,0,2931052,1329759,1593204,1379595,334788,4059
25,Sinaloa,2023,0,21213475,7663233.16,5835731.58,1244020.08,79680.14,3559207.6,560433.01,0,0,0,0,392390.75,1827501.58,13550241.84,11380394.9,2029093.15,140753.79,0,0,0,0,0,1904948.99,0,0,635193550.4,111016100,0,3.34,0,19.11,36.12,63.88,0,6750.08,5365.08,4085.63,1279.45,7523.72,5618.3,3631.02,39404.76,0,3142699,1801003,1428354,2025595,558822,3572
26,Sonora,2023,0,26222049.05,7928080.8,5622406.52,1064796.85,68200.8,3328589.22,713135.78,0,0,0,0,447683.87,2305674.28,18293968.25,14048890.12,1339986.93,128012.34,2777078.86,0,0,0,0,2792074.5,0,0,1007548390,100839100,0,2.6,0,26,30.23,69.77,0,8508.86,6375.97,4521.68,1854.28,9436.5,6879.66,4901.82,34227.9,0,3081734,1938640,1243432,2042092,273365,3740
27,Tabasco,2023,0,18972001.66,10882095.93,9888327.6,2329902.02,149231.45,3174466.62,1796.98,3531555.67,0,0,0,701374.86,993768.33,8089905.73,5146545.24,833689.68,2109670.81,0,0,0,0,0,676684.22,0,0,670786292.5,272311700,0,2.83,0,6.97,57.36,42.64,0,7728.57,6468.06,5877.38,590.67,8337.08,6312.18,3759.32,22556.33,0,2454787,970352,1682437,815335,221766,93529
28,Tamaulipas,2023,0,28660976.02,11353800.65,7457401.49,2087423.53,133700.58,3939232.06,509842.81,63062.02,0,0,0,724140.49,3896399.16,17307175.37,12609676.68,2777000.26,1920498.43,0,0,0,0,0,3130771.29,0,0,810419357.4,151787300,0,3.54,0,18.88,39.61,60.39,0,7776.5,6989.69,4590.97,2398.72,8196.96,6099.33,6792.01,27172.51,0,3685588,2111413,1624363,2067387,408863,70678
29,Tlaxcala,2023,0,8829304.03,5575859.95,4926032.73,1286190.26,82381.16,2230187.85,749174.12,0,0,0,0,578099.34,649827.22,3253444.08,2682090.59,571353.49,0,0,0,0,0,0,124567.5,0,0,153322581.1,30140600,0,5.76,0,29.29,63.15,36.85,0,6249.09,5667.26,5006.78,660.48,7365.2,5190.49,3403.77,0,0,1412895,441732,983872,516732,167859,338
30,Veracruz,2023,0,49401187.67,24157821.17,19561724.28,6620717.05,424060.41,8821854.41,1671510.63,0,0,0,0,2023581.78,4596096.89,25243366.5,18718830.52,2785633.39,3738902.59,0,0,0,0,0,1555314.38,0,0,1215629036,279835800,0,4.06,0,17.65,48.9,51.1,0,6075.22,4333.59,3509.12,824.48,8135.51,6205.17,4100.3,21587.95,0,8131584,3102862,5574546,3016652,679373,173194
31,Yucatán,2023,0,19897427.29,8167041.55,6720054.35,1739519.61,111417.15,2651960.8,652817.36,1243664.55,0,0,0,320674.88,1446987.2,11730385.74,9077656.23,1707898.28,443322.61,501508.62,0,0,0,0,2215341.35,0,0,427112904.6,105270700,0,4.66,0,18.9,41.05,58.95,0,8113.52,7151.85,5884.73,1267.12,9853.77,7214.96,8047.13,51138.84,0,2452378,1190447,1141948,1258171,212237,8669
32,Zacatecas,2023,0,10749703,6059989.54,5285083.76,1012084.14,64824.52,3125910.64,736719.03,0,0,0,0,345545.43,774905.78,4689713.46,3873159.69,816553.77,0,0,0,0,0,0,197067.14,0,0,265576613.8,41221100,0,4.05,0,26.08,56.37,43.63,0,6387.18,5774.49,5036.09,738.4,7209.93,5637.58,3772.59,0,0,1683013,650452,1049441,687025,216444,523
33,No distribuibles,2023,1853095802,22181360.95,15984763.21,15984763.21,0,0,0,0,0,7971665.23,4521362.34,3491735.64,0,0,6196597.74,0,0,0,0,6196597.74,890448605.9,720028826,32657212.91,34924.58,0,0,1783496609,54337200,0,0,0,0,0,0,0,0,0,0,0,0,0,0,0,0,0,0,0,0,1168,0
34,Extranjero,2023,0,0,0,0,0,0,0,0,0,0,0,0,0,0,0,0,0,0,0,0,0,0,0,103968.39,0,0,0,11813100,0,0,0,0,0,0,0,0,0,0,0,0,0,0,0,0,0,0,0,0,0,0
37,Gasto Total,2023,1853095802,962647196.2,421359030.4,341529192.2,105425430.8,6752554.3,126227205.2,20628279.74,17456277.52,7971665.23,4521362.34,3491735.64,49054681.53,79829838.22,541288165.8,412126552.6,81427700.02,17450272.26,24087043.15,6196597.74,890448605.9,720028826,32657212.91,137762567,0,0,29162528954,5944674400,6.35,3.3,3.05,16.19,43.77,56.23,14131.17,7340.87,5918.48,4797.18,1121.3,9015.99,6545.63,5907.59,29610.81,6790.3,131135337,60036459,71193796,62962133,13783577,589321
01,Aguascalientes,2024,0,11250951.49,3787680.52,3321442.25,543143.99,43970.19,2234209.83,0,0,0,0,0,500118.24,466238.27,7463270.97,6863578.26,517675.06,82017.65,0,0,0,0,0,1999798.22,0,0,389739976.5,46647800,0,2.89,0,24.12,33.67,66.33,0,7352.67,5573.81,4887.71,686.1,9014.44,6848.78,2837.51,74561.5,0,1530185,827924,679550,1002161,182440,1100
02,Baja California,2024,0,28632465.01,7831883.98,6210999.77,1386956.97,112281.01,3227331.76,175989.87,0,0,0,0,1308440.16,1620884.21,20800581.03,17052650.96,947488.89,58386.74,2742054.44,0,0,0,0,4459140.55,0,0,1133518557,118291100,0,2.53,0,24.21,27.35,72.65,0,7031.77,5436.5,4311.36,1125.14,8634.2,6904.89,4153.25,20091.79,0,4071872,2409093,1440612,2469648,228132,2906
03,Baja California Sur,2024,0,8134051.21,2381476.34,1890669.62,252173.99,20414.73,1476228.6,61537.11,0,0,0,0,80315.19,490806.72,5752574.87,4842913.98,909660.89,0,0,0,0,0,0,598571.67,0,0,261810060.5,44027400,0,3.11,0,18.47,29.28,70.72,0,9180.13,7088.11,5627.29,1460.81,10800.12,8445.39,5006.91,#¡DIV/0!,0,886050,532640,335982,573439,181681,0
04,Campeche,2024,0,8454706.93,4436061.11,3858784.96,640133.98,51822,2216291.48,289150.31,0,0,0,0,661387.19,577276.15,4018645.82,2810775.68,396098.82,784090.37,27680.95,0,0,0,0,282750.67,0,0,595022864.8,104748200,0,1.42,0,8.07,52.47,47.53,0,8856.26,8031.96,6986.74,1045.22,7837.13,6691.94,3559.67,34092.37,0,954659,512770,552301,420024,111274,22999
05,Coahuila,2024,0,22723234.57,5204572.75,4618789.25,814715.98,65955.28,2744400.29,437272.7,0,0,0,0,556445,585783.5,17518661.82,15156545.34,1681417.51,44368.17,636330.8,0,0,0,0,4910650.01,0,0,1106742529,98793100,0,2.05,0,23,22.9,77.1,0,6764.9,5175.76,4593.22,582.54,7361.15,5848.93,4195.53,29978.49,0,3358991,2379880,1005566,2591337,400764,1480
06,Colima,2024,0,7679030.61,3280047.02,3120884.77,252173.99,20414.73,1942627.86,390581.31,0,0,0,0,515086.88,159162.25,4398983.59,4019661.62,379321.97,0,0,0,0,0,0,378196.14,0,0,178506859.4,33762700,0,4.3,0,22.74,42.71,57.29,0,10072.35,9130.24,8687.2,443.04,9301.24,8134.86,4301.48,0,0,762387,472946,359251,494128,88184,1005
07,Chiapas,2024,0,36348325.97,25154304,22520786.27,6381941.84,516649.69,6266423.95,2532043.52,0,0,0,0,6823727.27,2633517.73,11194021.97,8502605.13,1115074.46,127996.95,1448345.43,0,0,0,0,553073.27,0,0,467092948.9,112900200,0,7.78,0,32.2,69.2,30.8,0,6029.76,5337.95,4779.09,558.85,8347.8,8247.71,2384.15,14638.26,0,6028154,1340954,4712355,1030905,467703,8744
08,Chihuahua,2024,0,29522983.34,10957821.68,7663371.64,1571237.96,127199.47,3772306.57,620504.5,0,0,0,0,1572123.14,3294450.04,18565161.66,17445782.35,1020670.78,98708.53,0,0,0,0,0,5153123.08,0,0,1079966500,107568200,0,2.73,0,27.45,37.12,62.88,0,7387.2,6979.25,4880.95,2098.3,7850.88,6404.11,2997.88,31128.52,0,3996504,2364724,1570058,2724153,340464,3171
09,Ciudad de México,2024,0,233129336.5,76486214.87,68940120.93,12744485.68,1031729.01,6112585.9,4031749.02,0,0,0,0,45019571.32,7546093.94,156643121.6,110356114,39782080.68,6504926.92,0,0,0,0,0,55328242.48,0,0,4542999573,2746056600,0,5.13,0,8.49,32.81,67.19,0,25329.08,19968.94,17998.81,1970.13,30618.73,16531.06,18360.11,113044.63,0,9204018,5115925,3830259,6675681,2166767,57543
10,Durango,2024,0,11980171.9,5634657.05,5088117.36,805016.98,65170.1,3113971.93,475179.53,0,0,0,0,628778.82,546539.69,6345514.85,5460635.14,837337.39,47542.32,0,0,0,0,0,667868.35,0,0,368914176.2,66733600,0,3.25,0,17.95,47.03,52.97,0,6259.97,6406.46,5785.05,621.4,6045.42,5804.88,2446.69,27786.28,0,1913774,1049640,879528,940697,342233,1711
11,Guanajuato,2024,0,41692579.13,23244774.34,16505899.66,5935787.85,480531.32,4604351.15,0,0,0,0,0,5485229.34,6738874.68,18447804.79,16125778.23,1513983.14,808043.42,0,0,0,0,0,4251506.62,0,0,1264423588,126423900,0,3.3,0,32.98,55.75,44.25,0,6432.51,6098.48,4330.47,1768.01,7055.5,5402.7,2598.88,29964.16,0,6481538,2614669,3811568,2984761,582552,26967
12,Guerrero,2024,0,29130723.63,18734353.88,17293172.93,3287960.92,266176.66,6984278.68,289020.38,0,0,0,0,6465736.29,1441180.95,10396369.75,6579535.47,3816834.28,0,0,0,0,0,0,354967.74,0,0,407590662.4,117284300,0,7.15,0,24.84,64.31,35.69,0,8076.76,6615.01,6106.13,508.87,12001.54,8117.3,5940.04,0,0,3606733,866253,2832099,810557,642560,910
13,Hidalgo,2024,0,19337616.73,10722136.4,9221088.74,2269565.94,183732.56,4440324.67,793564.32,0,0,0,0,1533901.25,1501047.66,8615480.33,7247739.82,814641.66,553098.85,0,0,0,0,0,634573.32,0,0,476018291.9,91155600,0,4.06,0,21.21,55.45,44.55,0,5923.8,5052.64,4345.29,707.34,7833.43,6899.22,2047.4,30661.28,0,3264395,1099835,2122088,1050516,397891,18039
14,Jalisco,2024,0,53374320.59,20609888.4,15624090.19,4403345.89,356472.58,6579373,0,0,0,0,0,4284898.72,4985798.21,32764432.19,30743811.36,1908410.24,112210.59,0,0,0,0,0,12817391.91,0,0,2159932999,186026000,0,2.47,0,28.69,38.61,61.39,0,6050.88,4878.18,3698.09,1180.09,7292.18,5680.77,3724.33,22844.18,0,8820915,4493091,4224913,5411907,512417,4912
15,México,2024,0,108936275.8,56489607.2,43786853.07,18059537.53,1462008.68,14118226.62,257018.44,0,0,0,0,9890061.8,12702754.13,52446668.58,35565519.54,1687862.32,71513.23,15121773.49,0,0,0,0,11442349.04,0,0,2716279378,306035100,0,4.01,0,35.6,51.86,48.14,0,6183.93,5655.29,4383.59,1271.7,6473.32,4507.49,1316.79,5250.6,0,17616018,8101969,9988800,7890311,1281797,13620
16,Michoacán,2024,0,27815026.73,17174633.88,15075479.64,4034783.9,326635.67,4908029.5,1267477.73,0,0,0,0,4538552.84,2099154.24,10640392.85,9065584.92,1497258.58,77549.35,0,0,0,0,0,1256029.51,0,0,731878123.7,94190900,0,3.8,0,29.53,61.75,38.25,0,5564.5,5160.08,4529.39,630.69,6566.52,5363.63,2459.3,31269.9,0,4998654,1620401,3328365,1690197,608814,2480
17,Morelos,2024,0,14553662.29,7864805.57,7110911.94,1610033.96,130340.19,2365493.08,8573.13,0,0,0,0,2996471.58,753893.63,6688856.72,5463803.69,1173603.7,51449.33,0,0,0,0,0,1240905.72,0,0,318337232.7,56087300,0,4.57,0,25.95,54.04,45.96,0,7120.59,6298.97,5695.17,603.8,7635.57,6238.96,3758.63,39006.32,0,2043884,876013,1248586,875756,312242,1319
18,Nayarit,2024,0,12169428.31,6285297.15,5548407.05,552842.99,44755.37,2364932.99,1081889.81,0,0,0,0,1503985.89,736890.1,5884131.16,5309851.73,574279.43,0,0,0,0,0,0,407842.42,0,0,214208231.3,50134800,0,5.68,0,24.27,51.65,48.35,0,9293.67,8808.79,7776.04,1032.74,9144.73,8674.61,2334.44,0,0,1309432,643445,713526,612114,246003,349
19,Nuevo León,2024,0,39999865.45,9204082.39,7220262.12,1697324.96,137406.83,3777124.68,0,0,0,0,0,1608405.65,1983820.27,30795783.06,26884940.08,1532298.31,425313.27,1953231.4,0,0,0,0,21369539.78,0,0,2478270232,187173700,0,1.61,0,21.37,23.01,76.99,0,6340.93,5149.86,4039.87,1109.98,7477.92,5927.98,4748.59,21206.29,0,6308199,4118230,1787250,4535261,322685,20056
20,Oaxaca,2024,0,32930141.97,26546593.15,19958905.59,3879599.9,314072.76,6274116.97,2043407.26,0,0,0,0,7447708.7,6587687.56,6383548.82,4639790.17,1248465.89,495292.76,0,0,0,0,0,346529.68,0,0,484943634.8,133372000,0,6.79,0,24.69,80.61,19.39,0,7642.99,8616.27,6478.09,2138.18,5570.85,5432.64,2447.85,22755.34,0,4308543,1145884,3080985,854058,510025,21766
21,Puebla,2024,0,37559605.67,22280290.25,19994985.16,6158864.85,498590.5,5297487.44,1210592.95,0,0,0,0,6829449.42,2285305.09,15279315.42,13529560.82,1433009.6,316745,0,0,0,0,0,3452431.01,0,0,934185897.8,118012600,0,4.02,0,31.83,59.32,40.68,0,5373.79,4619.81,4145.96,473.86,7589.97,6079.02,3282.07,23214.97,0,6989402,2013094,4822768,2225617,436618,13644
22,Querétaro,2024,0,14063278.14,5149741.36,4663782.47,1125083.97,91081.1,2601608.64,0,0,0,0,0,846008.76,485958.89,8913536.78,8258777.53,543622.15,111137.1,0,0,0,0,0,4841043,0,0,681301180.2,61870400,0,2.06,0,22.73,36.62,63.38,0,5395.05,4471.62,4049.65,421.97,6944.91,5195,2948.65,29972.25,0,2606698,1283464,1151651,1589754,184363,3708
23,Quintana Roo,2024,0,11610647.58,5206068.66,3765104.76,708026.98,57318.28,2393810.7,0,0,0,0,0,605948.8,1440963.9,6404578.92,5846679.5,557899.42,0,0,0,0,0,0,1902288.26,0,0,434366691.3,43321600,0,2.67,0,26.8,44.84,55.16,0,5633.14,6698.1,4844.16,1853.94,5849.99,5212.64,2774.24,0,0,2061131,1094802,777246,1121635,201100,0
24,San Luis Potosí,2024,0,17016281.74,8950572.5,8039157.5,1881605.95,152325.29,2714733.05,878016.98,0,0,0,0,2412476.23,911415,8065709.24,7066205.25,816400.22,183103.77,0,0,0,0,0,2521126.24,0,0,690226523.2,84554800,0,2.47,0,20.12,52.6,47.4,0,5756.83,5590.7,5021.41,569.29,6020.65,4978.02,2429.52,45627.65,0,2955841,1339675,1600976,1419480,336033,4013
25,Sinaloa,2024,0,20771841.6,8091171.84,6573841.67,1144481.97,92651.46,3761213.84,546625.41,0,0,0,0,1028868.99,1517330.17,12680669.76,11057856.88,1518985.47,103827.41,0,0,0,0,0,2150909.3,0,0,690226523.2,103731700,0,3.01,0,20.02,38.95,61.05,0,6561.56,5634.5,4577.87,1056.63,6982.16,5305.68,2708.12,29396.21,0,3165686,1816153,1436005,2084156,560900,3532
26,Sonora,2024,0,28405997.55,8588891.05,6058744.79,979598.98,79303.37,3566593.04,259398.96,0,0,0,0,1173850.44,2530146.26,19817106.5,16068700.2,996607.21,87370.26,2664428.83,0,0,0,0,3152577.34,0,0,1094842071,107524600,0,2.59,0,26.42,30.24,69.76,0,9128.76,6847.33,4830.22,2017.11,10098.87,7647.64,3632.19,23626.35,0,3111704,1962310,1254341,2101131,274382,3698
27,Tabasco,2024,0,16676457.02,9889607.99,7773502.38,2143478.95,173525.2,3617456.8,0,0,0,0,0,1839041.43,2116105.61,6786849.03,4199697.37,587399.84,1999751.82,0,0,0,0,0,764055.31,0,0,728903009.4,239639200,0,2.29,0,6.96,59.3,40.7,0,6774.77,5827.4,4580.49,1246.9,6914.95,5006.15,2638.93,21623.15,0,2461555,981475,1697089,838907,222590,92482
28,Tamaulipas,2024,0,31441949.57,13583487.23,8696446.46,1920401.95,155466.01,4229762.08,492082.32,0,0,0,0,1898734.1,4887040.77,17858462.34,14403973.27,1556734.63,1897754.44,0,0,0,0,0,3535005.46,0,0,880633839.9,149807600,0,3.57,0,20.99,43.2,56.8,0,8457.55,8315.1,5323.51,2991.59,8386.77,6771.47,3793.37,27154.61,0,3717618,2129362,1633593,2127157,410383,69887
29,Tlaxcala,2024,0,9490153.45,6168177.26,5504732.83,1183277.97,95792.19,2366125.66,343730.41,0,0,0,0,1515806.6,663444.43,3321976.19,2806051.43,515924.76,0,0,0,0,0,0,140651.22,0,0,166606402.2,31479200,0,5.7,0,30.15,65,35,0,6634.17,6211.1,5543.04,668.06,7431.12,5277.8,3062.18,0,0,1430497,447036,993090,531671,168483,334
30,Veracruz,2024,0,51392513.21,26928533.1,22932952.8,6090971.85,493094.23,9275908.19,1767041.65,0,0,0,0,5305936.88,3995580.3,24463980.11,18529998.84,1975560.17,3958421.1,0,0,0,0,0,1756131.1,0,0,1320950760,259759000,0,3.89,0,19.78,52.4,47.6,0,6323.11,4812.65,4098.57,714.09,7834.83,5969.98,2897.14,23113.38,0,8127727,3122465,5595360,3103865,681899,171261
31,Yucatán,2024,0,19952412.54,8089253.84,6051527.52,1600334.96,129555.01,2831727.53,649083.77,0,0,0,0,840826.25,2037726.32,11863158.7,9525747.2,1538653.79,261161.05,537596.66,0,0,0,0,2501378.43,0,0,464117834.6,205929300,0,4.3,0,9.69,40.54,59.46,0,8034.31,7026.72,5256.65,1770.07,9846.75,7358.37,7222.85,30466.76,0,2483400,1204779,1151213,1294545,213026,8572
32,Zacatecas,2024,0,11346590.06,6675136.44,5909457.9,931103.98,75377.46,3274784.71,722153.63,0,0,0,0,906038.12,765678.54,4671453.62,3814516.62,856937,0,0,0,0,0,0,222511.76,0,0,288586089.4,43320500,0,3.93,0,26.19,58.83,41.17,0,6681.33,6326.4,5600.72,725.68,7128.98,5396.21,3944.49,0,0,1698252,655277,1055124,706888,217249,517
33,No distribuibles,2024,2007355520,22818281.71,15648186.48,15648186.48,0,0,0,0,0,8009366.11,3658954.83,3979865.54,0,0,7170095.23,0,0,0,0,7170095.23,937014611.7,747578590.9,33886035.86,39433.92,0,0,1938018204,210046500,0,0,0,0,0,0,0,0,0,0,0,0,0,0,0,0,0,0,0,0,1173,0
34,Extranjero,2024,0,0,0,0,0,0,0,0,0,0,0,0,0,0,0,0,0,0,0,0,0,0,0,117392.42,0,0,0,8802200,0,0,0,0,0,0,0,0,0,0,0,0,0,0,0,0,0,0,0,0,0,0
37,Gasto Total,2024,2007355520,1070340908,487280009.7,406191460.5,96989997.56,7851818.93,135453841.2,21623685.02,0,8009366.11,3658954.83,3979865.54,128623931.3,81088549.21,583060898.3,455245382.4,76252198.26,19261780.4,25131442,7170095.23,937014611.7,747578590.9,33886035.86,155549985,0,0,31689161444,6495211700,6.33,3.38,2.96,16.48,45.53,54.47,15175.69,8091.82,6798.74,5667.36,1131.38,9615.73,7027.3,5511.61,33054.67,7083.87,132274416,60636178,71672098,64782417,13834827,582725